"plot","soil_temp_c","soil_moist_percent","date"
"1","UP_1",25.2,26.4,2023-07-18
"2","UP_1",25.2,26.4,2023-07-18
"3","UP_1",25.2,26.4,2023-07-18
"4","SW_1",24.4,45.2,2023-06-15
"5","SW_1",24.4,45.2,2023-06-15
"6","SW_1",24.4,45.2,2023-06-15
"7","UP_1",24.3,27.5,2023-07-18
"8","UP_1",24.3,27.5,2023-07-18
"9","UP_1",24.3,27.5,2023-07-18
"10","UP_1",24.3,27.5,2023-08-02
"11","UP_2",24.3,24.7,2023-08-02
"12","UP_1",24.3,27.5,2023-08-02
"13","UP_2",24.3,24.7,2023-08-02
"14","UP_1",24.3,27.5,2023-08-02
"15","UP_2",24.3,24.7,2023-08-02
"16","SW_1",24.2,40.1,2023-06-15
"17","SW_1",24.2,40.1,2023-06-15
"18","SW_1",24.2,40.1,2023-06-15
"19","SW_1",24.1,41.3,2023-06-15
"20","SW_1",24.1,41.3,2023-06-15
"21","SW_1",24.1,41.3,2023-06-15
"22","SW_1",24.1,34.9,2023-08-02
"23","UP_2",24.1,27.2,2023-08-02
"24","SW_1",24.1,34.9,2023-08-02
"25","UP_2",24.1,27.2,2023-08-02
"26","SW_1",24.1,34.9,2023-08-02
"27","UP_2",24.1,27.2,2023-08-02
"28","SW_2",23.9,NA,2022-07-22
"29","SW_2",23.9,NA,2022-07-22
"30","SW_2",23.9,NA,2022-07-22
"31","SW_1",23.9,45.7,2023-06-15
"32","SW_1",23.9,45.7,2023-06-15
"33","SW_1",23.9,45.7,2023-06-15
"34","SW_1",23.9,43.1,2023-08-02
"35","SW_2",23.9,15.2,2023-08-02
"36","SW_1",23.9,43.1,2023-08-02
"37","SW_2",23.9,15.2,2023-08-02
"38","SW_1",23.9,43.1,2023-08-02
"39","SW_2",23.9,15.2,2023-08-02
"40","SW_2",23.8,25.9,2023-07-18
"41","SW_2",23.8,25.9,2023-07-18
"42","SW_2",23.8,25.9,2023-07-18
"43","UP_2",23.7,33.9,2023-08-02
"44","UP_2",23.7,33.9,2023-08-02
"45","UP_2",23.7,33.9,2023-08-02
"46","SW_2",23.6,NA,2022-07-22
"47","SW_2",23.6,NA,2022-07-22
"48","SW_2",23.6,NA,2022-07-22
"49","UP_1",23.6,24.7,2023-08-02
"50","UP_2",23.6,20.3,2023-08-02
"51","UP_1",23.6,24.7,2023-08-02
"52","UP_2",23.6,20.3,2023-08-02
"53","UP_1",23.6,24.7,2023-08-02
"54","UP_2",23.6,20.3,2023-08-02
"55","UP_1",23.4,24.9,2023-08-02
"56","UP_1",23.4,24.9,2023-08-02
"57","UP_1",23.4,24.9,2023-08-02
"58","SW_2",23.3,NA,2022-07-22
"59","SW_2",23.3,NA,2022-07-22
"60","SW_2",23.3,NA,2022-07-22
"61","SW_2",23.3,38,2023-07-18
"62","SW_2",23.3,32.2,2023-07-18
"63","SW_2",23.3,38,2023-07-18
"64","SW_2",23.3,32.2,2023-07-18
"65","SW_2",23.3,38,2023-07-18
"66","SW_2",23.3,32.2,2023-07-18
"67","UP_1",23.3,24.1,2023-08-02
"68","UP_1",23.3,24.1,2023-08-02
"69","UP_1",23.3,24.1,2023-08-02
"70","SW_2",23.2,NA,2022-07-22
"71","SW_2",23.2,NA,2022-07-22
"72","SW_2",23.2,NA,2022-07-22
"73","UP_1",23.2,28.9,2023-07-18
"74","UP_1",23.2,28.9,2023-07-18
"75","UP_1",23.2,28.9,2023-07-18
"76","SW_2",23.2,33.2,2023-08-02
"77","SW_2",23.2,33.2,2023-08-02
"78","SW_2",23.2,33.2,2023-08-02
"79","UP_2",23.1,35.2,2022-09-02
"80","UP_2",23.1,35.2,2022-09-02
"81","UP_2",23.1,35.2,2022-09-02
"82","SW_2",23.1,30.7,2023-07-18
"83","SW_2",23.1,30.7,2023-07-18
"84","SW_2",23.1,30.7,2023-07-18
"85","SW_1",23.1,22.5,2023-08-02
"86","SW_1",23.1,22.5,2023-08-02
"87","SW_1",23.1,22.5,2023-08-02
"88","SW_1",22.9,NA,2022-07-22
"89","SW_1",22.9,NA,2022-07-22
"90","SW_1",22.9,NA,2022-07-22
"91","UP_2",22.9,39.1,2022-09-02
"92","UP_2",22.9,39.1,2022-09-02
"93","UP_2",22.9,39.1,2022-09-02
"94","SW_1",22.9,41.9,2023-08-02
"95","SW_2",22.9,30.6,2023-08-02
"96","SW_1",22.9,41.9,2023-08-02
"97","SW_2",22.9,30.6,2023-08-02
"98","SW_1",22.9,41.9,2023-08-02
"99","SW_2",22.9,30.6,2023-08-02
"100","UP_2",22.8,27.5,2022-09-02
"101","UP_2",22.8,27.5,2022-09-02
"102","UP_2",22.8,27.5,2022-09-02
"103","UP_1",22.8,27.6,2023-07-18
"104","UP_1",22.8,27.6,2023-07-18
"105","UP_1",22.8,27.6,2023-07-18
"106","UP_2",22.7,NA,2022-07-22
"107","UP_2",22.7,NA,2022-07-22
"108","UP_2",22.7,NA,2022-07-22
"109","SW_2",22.7,3.9,2022-08-12
"110","SW_2",22.7,3.9,2022-08-12
"111","SW_2",22.7,3.9,2022-08-12
"112","SW_1",22.6,NA,2022-07-22
"113","SW_1",22.6,NA,2022-07-22
"114","SW_1",22.6,NA,2022-07-22
"115","SW_1",22.5,NA,2022-07-22
"116","SW_1",22.5,NA,2022-07-22
"117","SW_1",22.5,NA,2022-07-22
"118","UP_2",22.4,24.6,2022-09-02
"119","UP_2",22.4,24.6,2022-09-02
"120","UP_2",22.4,24.6,2022-09-02
"121","SW_2",22.4,24.1,2023-08-02
"122","SW_2",22.4,24.1,2023-08-02
"123","SW_2",22.4,24.1,2023-08-02
"124","UP_1",22.3,18.5,2022-09-02
"125","UP_1",22.3,18.5,2022-09-02
"126","UP_1",22.3,18.5,2022-09-02
"127","SW_1",22.1,41,2022-08-12
"128","UP_2",22.1,21.7,2022-08-12
"129","UP_2",22.1,35.4,2022-08-12
"130","SW_1",22.1,41,2022-08-12
"131","UP_2",22.1,21.7,2022-08-12
"132","UP_2",22.1,35.4,2022-08-12
"133","SW_1",22.1,41,2022-08-12
"134","UP_2",22.1,21.7,2022-08-12
"135","UP_2",22.1,35.4,2022-08-12
"136","UP_1",22,19.5,2022-09-02
"137","UP_1",22,19.5,2022-09-02
"138","UP_1",22,19.5,2022-09-02
"139","UP_1",21.9,NA,2022-07-22
"140","UP_2",21.9,NA,2022-07-22
"141","UP_1",21.9,NA,2022-07-22
"142","UP_2",21.9,NA,2022-07-22
"143","UP_1",21.9,NA,2022-07-22
"144","UP_2",21.9,NA,2022-07-22
"145","SW_2",21.9,10.8,2022-08-12
"146","SW_2",21.9,10.8,2022-08-12
"147","SW_2",21.9,10.8,2022-08-12
"148","UP_1",21.8,NA,2022-07-22
"149","UP_1",21.8,NA,2022-07-22
"150","UP_1",21.8,NA,2022-07-22
"151","UP_1",21.8,NA,2022-07-22
"152","UP_1",21.8,NA,2022-07-22
"153","UP_1",21.8,NA,2022-07-22
"154","UP_1",21.8,21.6,2022-09-02
"155","UP_1",21.8,21.6,2022-09-02
"156","UP_1",21.8,21.6,2022-09-02
"157","UP_2",21.8,28.2,2023-07-18
"158","UP_2",21.8,28.2,2023-07-18
"159","UP_2",21.8,28.2,2023-07-18
"160","UP_2",21.7,NA,2022-07-22
"161","UP_2",21.7,NA,2022-07-22
"162","UP_2",21.7,NA,2022-07-22
"163","UP_2",21.7,25.5,2023-07-18
"164","UP_2",21.7,25.5,2023-07-18
"165","UP_2",21.7,25.5,2023-07-18
"166","SW_2",21.6,8.3,2022-08-12
"167","SW_2",21.6,8.3,2022-08-12
"168","SW_2",21.6,8.3,2022-08-12
"169","UP_2",21.6,40.6,2023-08-18
"170","UP_2",21.6,40.6,2023-08-18
"171","UP_2",21.6,40.6,2023-08-18
"172","UP_2",21.5,25.4,2022-08-12
"173","UP_2",21.5,25.4,2022-08-12
"174","UP_2",21.5,25.4,2022-08-12
"175","SW_2",21.4,19.4,2022-09-02
"176","SW_2",21.4,31.2,2022-09-02
"177","UP_1",21.4,23.3,2022-09-02
"178","SW_2",21.4,19.4,2022-09-02
"179","SW_2",21.4,31.2,2022-09-02
"180","UP_1",21.4,23.3,2022-09-02
"181","SW_2",21.4,19.4,2022-09-02
"182","SW_2",21.4,31.2,2022-09-02
"183","UP_1",21.4,23.3,2022-09-02
"184","UP_2",21.4,32.4,2022-09-16
"185","UP_2",21.4,32.4,2022-09-16
"186","UP_2",21.4,32.4,2022-09-16
"187","UP_2",21.4,28.7,2023-07-18
"188","UP_2",21.4,28.7,2023-07-18
"189","UP_2",21.4,28.7,2023-07-18
"190","UP_2",21.3,NA,2022-07-22
"191","UP_2",21.3,NA,2022-07-22
"192","UP_2",21.3,NA,2022-07-22
"193","SW_2",21.3,9.8,2022-08-12
"194","SW_2",21.3,9.8,2022-08-12
"195","SW_2",21.3,9.8,2022-08-12
"196","UP_2",21.3,37.3,2022-09-16
"197","UP_2",21.3,37.3,2022-09-16
"198","UP_2",21.3,37.3,2022-09-16
"199","UP_2",21.3,36.6,2023-08-18
"200","UP_2",21.3,36.6,2023-08-18
"201","UP_2",21.3,36.6,2023-08-18
"202","SW_1",21.2,42.7,2022-08-12
"203","SW_1",21.2,42.7,2022-08-12
"204","SW_1",21.2,42.7,2022-08-12
"205","SW_2",21.2,15.2,2022-09-02
"206","SW_2",21.2,6.4,2022-09-02
"207","SW_2",21.2,15.2,2022-09-02
"208","SW_2",21.2,6.4,2022-09-02
"209","SW_2",21.2,15.2,2022-09-02
"210","SW_2",21.2,6.4,2022-09-02
"211","UP_1",21.2,26.7,2022-09-16
"212","UP_1",21.2,28.6,2022-09-16
"213","UP_1",21.2,26.7,2022-09-16
"214","UP_2",21.2,37.3,2022-09-16
"215","UP_1",21.2,26.7,2022-09-16
"216","UP_1",21.2,28.6,2022-09-16
"217","UP_1",21.2,26.7,2022-09-16
"218","UP_2",21.2,37.3,2022-09-16
"219","UP_1",21.2,26.7,2022-09-16
"220","UP_1",21.2,28.6,2022-09-16
"221","UP_1",21.2,26.7,2022-09-16
"222","UP_2",21.2,37.3,2022-09-16
"223","UP_2",21.2,21.7,2023-07-18
"224","UP_2",21.2,21.7,2023-07-18
"225","UP_2",21.2,21.7,2023-07-18
"226","UP_2",21.2,43.9,2023-08-18
"227","UP_2",21.2,43.9,2023-08-18
"228","UP_2",21.2,43.9,2023-08-18
"229","UP_1",21.1,NA,2022-07-22
"230","UP_1",21.1,NA,2022-07-22
"231","UP_1",21.1,NA,2022-07-22
"232","UP_1",21.1,20.6,2022-08-12
"233","UP_1",21.1,20.6,2022-08-12
"234","UP_1",21.1,20.6,2022-08-12
"235","UP_2",21.1,29.9,2022-09-16
"236","UP_2",21.1,29.9,2022-09-16
"237","UP_2",21.1,29.9,2022-09-16
"238","UP_1",21,17.3,2022-08-12
"239","UP_1",21,17.3,2022-08-12
"240","UP_1",21,17.3,2022-08-12
"241","SW_1",20.9,35.2,2022-08-12
"242","UP_1",20.9,18.7,2022-08-12
"243","SW_1",20.9,35.2,2022-08-12
"244","UP_1",20.9,18.7,2022-08-12
"245","SW_1",20.9,35.2,2022-08-12
"246","UP_1",20.9,18.7,2022-08-12
"247","UP_2",20.9,45.2,2023-08-18
"248","UP_2",20.9,45.2,2023-08-18
"249","UP_2",20.9,45.2,2023-08-18
"250","UP_1",20.8,36.5,2023-08-18
"251","UP_1",20.8,36.5,2023-08-18
"252","UP_1",20.8,36.5,2023-08-18
"253","UP_1",20.6,16.9,2022-08-12
"254","UP_2",20.6,25.1,2022-08-12
"255","UP_1",20.6,16.9,2022-08-12
"256","UP_2",20.6,25.1,2022-08-12
"257","UP_1",20.6,16.9,2022-08-12
"258","UP_2",20.6,25.1,2022-08-12
"259","SW_1",20.6,43.2,2022-09-02
"260","SW_1",20.6,43.2,2022-09-02
"261","SW_1",20.6,43.2,2022-09-02
"262","SW_1",20.5,41.9,2022-09-02
"263","SW_1",20.5,39.9,2022-09-02
"264","SW_1",20.5,41.9,2022-09-02
"265","SW_1",20.5,39.9,2022-09-02
"266","SW_1",20.5,41.9,2022-09-02
"267","SW_1",20.5,39.9,2022-09-02
"268","SW_1",20.4,37.8,2022-08-12
"269","SW_1",20.4,37.8,2022-08-12
"270","SW_1",20.4,37.8,2022-08-12
"271","UP_1",20.4,23.8,2022-09-16
"272","UP_1",20.4,23.8,2022-09-16
"273","UP_1",20.4,23.8,2022-09-16
"274","SW_1",20.3,40.5,2022-09-02
"275","SW_1",20.3,40.5,2022-09-02
"276","SW_1",20.3,40.5,2022-09-02
"277","SW_1",20.2,47.5,2023-07-18
"278","SW_1",20.2,47.5,2023-07-18
"279","SW_1",20.2,47.5,2023-07-18
"280","SW_1",20.1,46.9,2023-07-18
"281","SW_1",20.1,46.9,2023-07-18
"282","SW_1",20.1,46.9,2023-07-18
"283","SW_1",20.1,53.9,2023-08-18
"284","UP_1",20.1,43.1,2023-08-18
"285","UP_1",20.1,39.9,2023-08-18
"286","SW_1",20.1,53.9,2023-08-18
"287","UP_1",20.1,43.1,2023-08-18
"288","UP_1",20.1,39.9,2023-08-18
"289","SW_1",20.1,53.9,2023-08-18
"290","UP_1",20.1,43.1,2023-08-18
"291","UP_1",20.1,39.9,2023-08-18
"292","UP_1",19.8,36.4,2023-08-18
"293","UP_1",19.8,36.4,2023-08-18
"294","UP_1",19.8,36.4,2023-08-18
"295","SW_1",19.7,43.1,2023-07-18
"296","SW_1",19.7,46.8,2023-07-18
"297","SW_1",19.7,43.1,2023-07-18
"298","SW_1",19.7,46.8,2023-07-18
"299","SW_1",19.7,43.1,2023-07-18
"300","SW_1",19.7,46.8,2023-07-18
"301","SW_1",19.4,50.8,2023-08-18
"302","SW_1",19.4,50.8,2023-08-18
"303","SW_1",19.4,50.8,2023-08-18
"304","SW_1",19.3,43.1,2022-09-16
"305","SW_1",19.3,43.1,2022-09-16
"306","SW_1",19.3,43.1,2022-09-16
"307","SW_2",19.2,27.5,2022-09-16
"308","SW_2",19.2,27.5,2022-09-16
"309","SW_2",19.2,27.5,2022-09-16
"310","SW_1",19.1,41.9,2022-09-16
"311","SW_2",19.1,11.9,2022-09-16
"312","SW_1",19.1,41.9,2022-09-16
"313","SW_2",19.1,11.9,2022-09-16
"314","SW_1",19.1,41.9,2022-09-16
"315","SW_2",19.1,11.9,2022-09-16
"316","SW_2",19.1,14.1,2023-06-15
"317","SW_2",19.1,14.1,2023-06-15
"318","SW_2",19.1,14.1,2023-06-15
"319","SW_1",19,37,2022-09-16
"320","SW_2",19,34.4,2022-09-16
"321","SW_1",19,37,2022-09-16
"322","SW_2",19,34.4,2022-09-16
"323","SW_1",19,37,2022-09-16
"324","SW_2",19,34.4,2022-09-16
"325","SW_1",18.9,46.5,2022-09-16
"326","SW_1",18.9,46.5,2022-09-16
"327","SW_1",18.9,46.5,2022-09-16
"328","SW_2",18.8,11.9,2023-06-15
"329","UP_1",18.8,17.3,2023-06-15
"330","UP_2",18.8,13.3,2023-06-15
"331","SW_2",18.8,11.9,2023-06-15
"332","UP_1",18.8,17.3,2023-06-15
"333","UP_2",18.8,13.3,2023-06-15
"334","SW_2",18.8,11.9,2023-06-15
"335","UP_1",18.8,17.3,2023-06-15
"336","UP_2",18.8,13.3,2023-06-15
"337","SW_2",18.7,20,2022-09-16
"338","SW_2",18.7,20,2022-09-16
"339","SW_2",18.7,20,2022-09-16
"340","UP_2",18.6,22.1,2023-06-15
"341","UP_2",18.6,22.1,2023-06-15
"342","UP_2",18.6,22.1,2023-06-15
"343","UP_2",18.5,15.3,2023-06-15
"344","UP_2",18.5,15.3,2023-06-15
"345","UP_2",18.5,15.3,2023-06-15
"346","UP_1",18.3,21.9,2023-06-15
"347","UP_1",18.3,21.9,2023-06-15
"348","UP_1",18.3,21.9,2023-06-15
"349","SW_2",18.2,19.5,2023-06-15
"350","SW_2",18.2,25.3,2023-06-15
"351","SW_2",18.2,19.5,2023-06-15
"352","SW_2",18.2,25.3,2023-06-15
"353","SW_2",18.2,19.5,2023-06-15
"354","SW_2",18.2,25.3,2023-06-15
"355","UP_2",18.1,15.8,2023-06-15
"356","UP_2",18.1,15.8,2023-06-15
"357","UP_2",18.1,15.8,2023-06-15
"358","UP_1",18,25.5,2023-06-15
"359","UP_1",18,25.5,2023-06-15
"360","UP_1",18,25.5,2023-06-15
"361","UP_1",17.9,23.5,2023-06-15
"362","UP_1",17.9,23.5,2023-06-15
"363","UP_1",17.9,23.5,2023-06-15
"364","UP_2",15.8,28.3,2023-05-18
"365","UP_2",15.8,22.3,2023-05-18
"366","UP_2",15.8,28.3,2023-05-18
"367","UP_2",15.8,22.3,2023-05-18
"368","UP_2",15.8,28.3,2023-05-18
"369","UP_2",15.8,22.3,2023-05-18
"370","UP_2",15.7,29.8,2023-05-18
"371","UP_2",15.7,29.8,2023-05-18
"372","UP_2",15.7,29.8,2023-05-18
"373","UP_2",15.6,33.9,2023-05-18
"374","UP_2",15.6,33.9,2023-05-18
"375","UP_2",15.6,33.9,2023-05-18
"376","UP_1",15.3,29.9,2022-09-30
"377","UP_1",15.3,29.9,2022-09-30
"378","UP_1",15.3,29.9,2022-09-30
"379","UP_1",15.1,28.9,2022-09-30
"380","UP_2",15.1,35.5,2022-09-30
"381","UP_1",15.1,28.9,2022-09-30
"382","UP_2",15.1,35.5,2022-09-30
"383","UP_1",15.1,28.9,2022-09-30
"384","UP_2",15.1,35.5,2022-09-30
"385","SW_2",15.1,52.9,2023-05-18
"386","SW_2",15.1,52.9,2023-05-18
"387","SW_2",15.1,52.9,2023-05-18
"388","UP_1",14.9,30.6,2022-09-30
"389","UP_2",14.9,38.5,2022-09-30
"390","UP_1",14.9,30.6,2022-09-30
"391","UP_2",14.9,38.5,2022-09-30
"392","UP_1",14.9,30.6,2022-09-30
"393","UP_2",14.9,38.5,2022-09-30
"394","SW_2",14.9,48.8,2023-05-18
"395","SW_2",14.9,48.8,2023-05-18
"396","SW_2",14.9,48.8,2023-05-18
"397","UP_2",14.8,35.7,2022-09-30
"398","UP_2",14.8,35.7,2022-09-30
"399","UP_2",14.8,35.7,2022-09-30
"400","SW_2",14.8,46.2,2023-05-18
"401","UP_1",14.8,40.8,2023-05-18
"402","SW_2",14.8,46.2,2023-05-18
"403","UP_1",14.8,40.8,2023-05-18
"404","SW_2",14.8,46.2,2023-05-18
"405","UP_1",14.8,40.8,2023-05-18
"406","SW_2",14.7,52.8,2023-05-18
"407","SW_2",14.7,52.8,2023-05-18
"408","SW_2",14.7,52.8,2023-05-18
"409","SW_1",14.6,46.5,2022-09-30
"410","UP_1",14.6,23.5,2022-09-30
"411","SW_1",14.6,46.5,2022-09-30
"412","UP_1",14.6,23.5,2022-09-30
"413","SW_1",14.6,46.5,2022-09-30
"414","UP_1",14.6,23.5,2022-09-30
"415","UP_1",14.6,40.2,2023-05-18
"416","UP_1",14.6,40.2,2023-05-18
"417","UP_1",14.6,40.2,2023-05-18
"418","SW_1",14.5,43.4,2022-09-30
"419","UP_2",14.5,30.1,2022-09-30
"420","SW_1",14.5,43.4,2022-09-30
"421","UP_2",14.5,30.1,2022-09-30
"422","SW_1",14.5,43.4,2022-09-30
"423","UP_2",14.5,30.1,2022-09-30
"424","SW_1",14.4,44.3,2022-09-30
"425","SW_1",14.4,44.3,2022-09-30
"426","SW_1",14.4,44.3,2022-09-30
"427","SW_1",14.3,43.4,2022-09-30
"428","SW_1",14.3,43.4,2022-09-30
"429","SW_1",14.3,43.4,2022-09-30
"430","UP_1",14.3,42.9,2023-05-18
"431","UP_1",14.3,42.9,2023-05-18
"432","UP_1",14.3,42.9,2023-05-18
"433","UP_1",14.2,40.8,2023-05-18
"434","UP_1",14.2,40.8,2023-05-18
"435","UP_1",14.2,40.8,2023-05-18
"436","SW_1",14,54.2,2023-05-18
"437","SW_1",14,54.2,2023-05-18
"438","SW_1",14,54.2,2023-05-18
"439","SW_1",13.9,53.6,2023-05-18
"440","SW_1",13.9,53.6,2023-05-18
"441","SW_1",13.9,53.6,2023-05-18
"442","SW_2",13.7,35.9,2022-09-30
"443","SW_2",13.7,35.9,2022-09-30
"444","SW_2",13.7,35.9,2022-09-30
"445","SW_1",13.7,53.4,2023-05-18
"446","SW_1",13.7,53.4,2023-05-18
"447","SW_1",13.7,53.4,2023-05-18
"448","SW_1",13.6,52.1,2023-05-18
"449","SW_1",13.6,52.1,2023-05-18
"450","SW_1",13.6,52.1,2023-05-18
"451","SW_2",13.5,12.6,2022-09-30
"452","SW_2",13.5,40.4,2022-09-30
"453","SW_2",13.5,12.9,2022-09-30
"454","SW_2",13.5,12.6,2022-09-30
"455","SW_2",13.5,40.4,2022-09-30
"456","SW_2",13.5,12.9,2022-09-30
"457","SW_2",13.5,12.6,2022-09-30
"458","SW_2",13.5,40.4,2022-09-30
"459","SW_2",13.5,12.9,2022-09-30
"460","UP_1",11.4,31.1,2022-10-19
"461","UP_1",11.4,31.1,2022-10-19
"462","UP_1",11.4,31.1,2022-10-19
"463","SW_1",11.1,30.1,2022-10-19
"464","SW_2",11.1,15.7,2022-10-19
"465","UP_1",11.1,29.1,2022-10-19
"466","SW_1",11.1,30.1,2022-10-19
"467","SW_2",11.1,15.7,2022-10-19
"468","UP_1",11.1,29.1,2022-10-19
"469","SW_1",11.1,30.1,2022-10-19
"470","SW_2",11.1,15.7,2022-10-19
"471","UP_1",11.1,29.1,2022-10-19
"472","UP_1",11.1,39.2,2022-11-02
"473","UP_2",11.1,38.5,2022-11-02
"474","UP_1",11.1,39.2,2022-11-02
"475","UP_2",11.1,38.5,2022-11-02
"476","UP_1",11.1,39.2,2022-11-02
"477","UP_2",11.1,38.5,2022-11-02
"478","SW_2",11,17,2022-10-19
"479","SW_2",11,17,2022-10-19
"480","SW_2",11,17,2022-10-19
"481","UP_2",11,38.1,2022-11-02
"482","UP_2",11,38.1,2022-11-02
"483","UP_2",11,38.1,2022-11-02
"484","UP_2",10.9,42.5,2022-11-02
"485","UP_2",10.9,42.5,2022-11-02
"486","UP_2",10.9,42.5,2022-11-02
"487","SW_2",10.8,21.4,2022-10-19
"488","UP_1",10.8,23.7,2022-10-19
"489","SW_2",10.8,21.4,2022-10-19
"490","UP_1",10.8,23.7,2022-10-19
"491","SW_2",10.8,21.4,2022-10-19
"492","UP_1",10.8,23.7,2022-10-19
"493","SW_2",10.8,37.3,2022-11-02
"494","SW_2",10.8,37.3,2022-11-02
"495","SW_2",10.8,37.3,2022-11-02
"496","UP_1",10.6,26.8,2022-10-19
"497","UP_1",10.6,26.8,2022-10-19
"498","UP_1",10.6,26.8,2022-10-19
"499","SW_2",10.6,34.6,2022-11-02
"500","SW_2",10.6,21.3,2022-11-02
"501","SW_2",10.6,34.6,2022-11-02
"502","SW_2",10.6,21.3,2022-11-02
"503","SW_2",10.6,34.6,2022-11-02
"504","SW_2",10.6,21.3,2022-11-02
"505","SW_2",10.5,12.3,2022-10-19
"506","SW_2",10.5,12.3,2022-10-19
"507","SW_2",10.5,12.3,2022-10-19
"508","SW_1",10.4,22.5,2022-10-19
"509","SW_1",10.4,22.5,2022-10-19
"510","SW_1",10.4,22.5,2022-10-19
"511","SW_2",10.4,41.5,2022-11-02
"512","UP_1",10.4,34.2,2022-11-02
"513","UP_2",10.4,32.9,2022-11-02
"514","SW_2",10.4,41.5,2022-11-02
"515","UP_1",10.4,34.2,2022-11-02
"516","UP_2",10.4,32.9,2022-11-02
"517","SW_2",10.4,41.5,2022-11-02
"518","UP_1",10.4,34.2,2022-11-02
"519","UP_2",10.4,32.9,2022-11-02
"520","UP_1",10.3,36.3,2022-11-02
"521","UP_1",10.3,36.3,2022-11-02
"522","UP_1",10.3,36.3,2022-11-02
"523","SW_1",10.2,28.1,2022-10-19
"524","UP_2",10.2,18.7,2022-10-19
"525","SW_1",10.2,28.1,2022-10-19
"526","UP_2",10.2,18.7,2022-10-19
"527","SW_1",10.2,28.1,2022-10-19
"528","UP_2",10.2,18.7,2022-10-19
"529","UP_2",10.1,19.4,2022-10-19
"530","UP_2",10.1,19.4,2022-10-19
"531","UP_2",10.1,19.4,2022-10-19
"532","SW_1",10.1,46.8,2022-11-02
"533","SW_1",10.1,46.8,2022-11-02
"534","SW_1",10.1,46.8,2022-11-02
"535","SW_1",9.9,21.6,2022-10-19
"536","UP_2",9.9,21.4,2022-10-19
"537","SW_1",9.9,21.6,2022-10-19
"538","UP_2",9.9,21.4,2022-10-19
"539","SW_1",9.9,21.6,2022-10-19
"540","UP_2",9.9,21.4,2022-10-19
"541","UP_2",9.8,20.1,2022-10-19
"542","UP_2",9.8,20.1,2022-10-19
"543","UP_2",9.8,20.1,2022-10-19
"544","SW_1",9.8,46.3,2022-11-02
"545","SW_1",9.8,46.2,2022-11-02
"546","UP_1",9.8,37.7,2022-11-02
"547","SW_1",9.8,46.3,2022-11-02
"548","SW_1",9.8,46.2,2022-11-02
"549","UP_1",9.8,37.7,2022-11-02
"550","SW_1",9.8,46.3,2022-11-02
"551","SW_1",9.8,46.2,2022-11-02
"552","UP_1",9.8,37.7,2022-11-02
"553","SW_1",9.6,47.7,2022-11-02
"554","SW_1",9.6,47.7,2022-11-02
"555","SW_1",9.6,47.7,2022-11-02
"556","SW_2",6.8,57.2,2023-03-22
"557","SW_2",6.8,57.2,2023-03-22
"558","SW_2",6.8,57.2,2023-03-22
"559","SW_2",6.3,55.2,2023-03-22
"560","SW_2",6.3,55.2,2023-03-22
"561","SW_2",6.3,55.2,2023-03-22
"562","SW_2",5.9,56.1,2023-03-22
"563","SW_2",5.9,56.1,2023-03-22
"564","SW_2",5.9,56.1,2023-03-22
"565","UP_2",5.7,48.9,2023-03-22
"566","UP_2",5.7,48.9,2023-03-22
"567","UP_2",5.7,48.9,2023-03-22
"568","UP_2",5.4,49.2,2023-03-22
"569","UP_2",5.4,49.2,2023-03-22
"570","UP_2",5.4,49.2,2023-03-22
"571","UP_2",5.3,49.1,2023-03-22
"572","UP_2",5.3,43.1,2023-03-22
"573","UP_2",5.3,49.1,2023-03-22
"574","UP_2",5.3,43.1,2023-03-22
"575","UP_2",5.3,49.1,2023-03-22
"576","UP_2",5.3,43.1,2023-03-22
"577","UP_1",5.2,53.3,2023-03-22
"578","UP_1",5.2,53.3,2023-03-22
"579","UP_1",5.2,53.3,2023-03-22
"580","UP_1",4.9,52.4,2023-03-22
"581","UP_1",4.9,54.7,2023-03-22
"582","UP_1",4.9,52.4,2023-03-22
"583","UP_1",4.9,54.7,2023-03-22
"584","UP_1",4.9,52.4,2023-03-22
"585","UP_1",4.9,54.7,2023-03-22
"586","UP_1",4.8,54.1,2023-03-22
"587","UP_1",4.8,54.1,2023-03-22
"588","UP_1",4.8,54.1,2023-03-22
"589","SW_1",NA,NA,2022-07-09
"590","SW_1",NA,NA,2022-07-09
"591","SW_1",NA,NA,2022-07-09
"592","SW_2",NA,NA,2022-07-09
"593","SW_2",NA,NA,2022-07-09
"594","SW_2",NA,NA,2022-07-09
"595","SW_2",NA,NA,2022-07-09
"596","UP_1",NA,NA,2022-07-09
"597","UP_1",NA,NA,2022-07-09
"598","UP_1",NA,NA,2022-07-09
"599","UP_1",NA,NA,2022-07-09
"600","UP_2",NA,NA,2022-07-09
"601","UP_2",NA,NA,2022-07-09
"602","UP_2",NA,NA,2022-07-09
"603","UP_2",NA,NA,2022-07-09
"604","SW_1",NA,NA,2022-07-09
"605","SW_1",NA,NA,2022-07-09
"606","SW_1",NA,NA,2022-07-09
"607","SW_2",NA,NA,2022-07-09
"608","SW_2",NA,NA,2022-07-09
"609","SW_2",NA,NA,2022-07-09
"610","SW_2",NA,NA,2022-07-09
"611","UP_1",NA,NA,2022-07-09
"612","UP_1",NA,NA,2022-07-09
"613","UP_1",NA,NA,2022-07-09
"614","UP_1",NA,NA,2022-07-09
"615","UP_2",NA,NA,2022-07-09
"616","UP_2",NA,NA,2022-07-09
"617","UP_2",NA,NA,2022-07-09
"618","UP_2",NA,NA,2022-07-09
"619","SW_1",NA,NA,2022-07-09
"620","SW_1",NA,NA,2022-07-09
"621","SW_1",NA,NA,2022-07-09
"622","SW_2",NA,NA,2022-07-09
"623","SW_2",NA,NA,2022-07-09
"624","SW_2",NA,NA,2022-07-09
"625","SW_2",NA,NA,2022-07-09
"626","UP_1",NA,NA,2022-07-09
"627","UP_1",NA,NA,2022-07-09
"628","UP_1",NA,NA,2022-07-09
"629","UP_1",NA,NA,2022-07-09
"630","UP_2",NA,NA,2022-07-09
"631","UP_2",NA,NA,2022-07-09
"632","UP_2",NA,NA,2022-07-09
"633","UP_2",NA,NA,2022-07-09
"634","SW_1",NA,NA,2023-03-22
"635","SW_1",NA,NA,2023-03-22
"636","SW_1",NA,NA,2023-03-22
"637","SW_1",NA,NA,2023-03-22
"638","SW_1",NA,NA,2023-03-22
"639","SW_1",NA,NA,2023-03-22
"640","SW_1",NA,NA,2023-03-22
"641","SW_1",NA,NA,2023-03-22
"642","SW_1",NA,NA,2023-03-22
"643","SW_1",NA,NA,2023-06-02
"644","SW_1",NA,NA,2023-06-02
"645","SW_1",NA,NA,2023-06-02
"646","SW_1",NA,NA,2023-06-02
"647","SW_2",NA,NA,2023-06-02
"648","SW_2",NA,NA,2023-06-02
"649","SW_2",NA,NA,2023-06-02
"650","SW_2",NA,NA,2023-06-02
"651","UP_1",NA,NA,2023-06-02
"652","UP_1",NA,NA,2023-06-02
"653","UP_1",NA,NA,2023-06-02
"654","UP_1",NA,NA,2023-06-02
"655","UP_2",NA,NA,2023-06-02
"656","UP_2",NA,NA,2023-06-02
"657","UP_2",NA,NA,2023-06-02
"658","UP_2",NA,NA,2023-06-02
"659","SW_1",NA,NA,2023-06-02
"660","SW_1",NA,NA,2023-06-02
"661","SW_1",NA,NA,2023-06-02
"662","SW_1",NA,NA,2023-06-02
"663","SW_2",NA,NA,2023-06-02
"664","SW_2",NA,NA,2023-06-02
"665","SW_2",NA,NA,2023-06-02
"666","SW_2",NA,NA,2023-06-02
"667","UP_1",NA,NA,2023-06-02
"668","UP_1",NA,NA,2023-06-02
"669","UP_1",NA,NA,2023-06-02
"670","UP_1",NA,NA,2023-06-02
"671","UP_2",NA,NA,2023-06-02
"672","UP_2",NA,NA,2023-06-02
"673","UP_2",NA,NA,2023-06-02
"674","UP_2",NA,NA,2023-06-02
"675","SW_1",NA,NA,2023-06-02
"676","SW_1",NA,NA,2023-06-02
"677","SW_1",NA,NA,2023-06-02
"678","SW_1",NA,NA,2023-06-02
"679","SW_2",NA,NA,2023-06-02
"680","SW_2",NA,NA,2023-06-02
"681","SW_2",NA,NA,2023-06-02
"682","SW_2",NA,NA,2023-06-02
"683","UP_1",NA,NA,2023-06-02
"684","UP_1",NA,NA,2023-06-02
"685","UP_1",NA,NA,2023-06-02
"686","UP_1",NA,NA,2023-06-02
"687","UP_2",NA,NA,2023-06-02
"688","UP_2",NA,NA,2023-06-02
"689","UP_2",NA,NA,2023-06-02
"690","UP_2",NA,NA,2023-06-02
"691","SW_1",NA,NA,2023-07-06
"692","SW_1",NA,NA,2023-07-06
"693","SW_1",NA,NA,2023-07-06
"694","SW_1",NA,NA,2023-07-06
"695","SW_2",NA,NA,2023-07-06
"696","SW_2",NA,NA,2023-07-06
"697","SW_2",NA,NA,2023-07-06
"698","SW_2",NA,NA,2023-07-06
"699","UP_1",NA,NA,2023-07-06
"700","UP_1",NA,NA,2023-07-06
"701","UP_1",NA,NA,2023-07-06
"702","UP_1",NA,NA,2023-07-06
"703","UP_2",NA,NA,2023-07-06
"704","UP_2",NA,NA,2023-07-06
"705","UP_2",NA,NA,2023-07-06
"706","UP_2",NA,NA,2023-07-06
"707","SW_1",NA,NA,2023-07-06
"708","SW_1",NA,NA,2023-07-06
"709","SW_1",NA,NA,2023-07-06
"710","SW_1",NA,NA,2023-07-06
"711","SW_2",NA,NA,2023-07-06
"712","SW_2",NA,NA,2023-07-06
"713","SW_2",NA,NA,2023-07-06
"714","SW_2",NA,NA,2023-07-06
"715","UP_1",NA,NA,2023-07-06
"716","UP_1",NA,NA,2023-07-06
"717","UP_1",NA,NA,2023-07-06
"718","UP_1",NA,NA,2023-07-06
"719","UP_2",NA,NA,2023-07-06
"720","UP_2",NA,NA,2023-07-06
"721","UP_2",NA,NA,2023-07-06
"722","UP_2",NA,NA,2023-07-06
"723","SW_1",NA,NA,2023-07-06
"724","SW_1",NA,NA,2023-07-06
"725","SW_1",NA,NA,2023-07-06
"726","SW_1",NA,NA,2023-07-06
"727","SW_2",NA,NA,2023-07-06
"728","SW_2",NA,NA,2023-07-06
"729","SW_2",NA,NA,2023-07-06
"730","SW_2",NA,NA,2023-07-06
"731","UP_1",NA,NA,2023-07-06
"732","UP_1",NA,NA,2023-07-06
"733","UP_1",NA,NA,2023-07-06
"734","UP_1",NA,NA,2023-07-06
"735","UP_2",NA,NA,2023-07-06
"736","UP_2",NA,NA,2023-07-06
"737","UP_2",NA,NA,2023-07-06
"738","UP_2",NA,NA,2023-07-06
"739","SW_1",NA,NA,2023-08-18
"740","SW_1",NA,NA,2023-08-18
"741","SW_2",NA,NA,2023-08-18
"742","SW_2",NA,NA,2023-08-18
"743","SW_2",NA,NA,2023-08-18
"744","SW_2",NA,NA,2023-08-18
"745","SW_1",NA,NA,2023-08-18
"746","SW_1",NA,NA,2023-08-18
"747","SW_2",NA,NA,2023-08-18
"748","SW_2",NA,NA,2023-08-18
"749","SW_2",NA,NA,2023-08-18
"750","SW_2",NA,NA,2023-08-18
"751","SW_1",NA,NA,2023-08-18
"752","SW_1",NA,NA,2023-08-18
"753","SW_2",NA,NA,2023-08-18
"754","SW_2",NA,NA,2023-08-18
"755","SW_2",NA,NA,2023-08-18
"756","SW_2",NA,NA,2023-08-18
