date,temp_high,temp_avg,temp_low,dewpoint_high,dewpoint_avg,dewpoint_low,humidity_high,humidity_avg,humidity_low,speed_high,speed_avg,speed_low,pressure_high,pressure_low,precip_accum
2022-01-01T00:00:00Z,2.777777778,0,-2.777777778,2.777777778,-1.111111111,-2.777777778,99,95,84,17,6,0,30,29,0
2022-01-02T00:00:00Z,-2.777777778,-6.666666667,-11.11111111,-2.777777778,-8.333333333,-13,99,90,72,15,4,0,30,30,0
2022-01-03T00:00:00Z,-5,-8.888888889,-12.88888889,-8.888888889,-13.55555556,-16.27777778,89,71,43,13,3,0,30,30,0
2022-01-04T00:00:00Z,1.111111111,-2.222222222,-6.666666667,-3.333333333,-5.555555556,-8.888888889,87,76,67,16,4,0,30,29,0
2022-01-05T00:00:00Z,0.555555556,-8.333333333,-12.22222222,-2.777777778,-11.66666667,-15.38888889,89,79,70,24,9,0,30,29,0
2022-01-06T00:00:00Z,-8.888888889,-12.27777778,-15.5,-13.11111111,-15.27777778,-18.33333333,85,79,70,16,4,0,30,30,0
2022-01-07T00:00:00Z,-8.333333333,-13.66666667,-17.77777778,-13.27777778,-17.38888889,-20.55555556,81,74,57,12,3,0,30,30,0
2022-01-08T00:00:00Z,0.555555556,-5,-10.55555556,0,-8.333333333,-13.72222222,99,81,55,14,3,0,30,30,0
2022-01-09T00:00:00Z,0.555555556,-5.555555556,-12.5,0.555555556,-10.55555556,-17.77777778,99,71,46,16,4,0,30,30,0
2022-01-10T00:00:00Z,-9.444444444,-11.66666667,-15.27777778,-13.72222222,-18.88888889,-22.77777778,74,55,37,13,3,0,30,30,0
2022-01-11T00:00:00Z,2.222222222,-6.666666667,-15.72222222,-2.222222222,-12.61111111,-22.22222222,76,61,42,17,4,0,30,30,0
2022-01-12T00:00:00Z,5.555555556,2.222222222,0,0.555555556,-1.111111111,-2.777777778,93,79,69,9.4,2,0,30,30,0
2022-01-13T00:00:00Z,3.333333333,1.666666667,-0.555555556,1.666666667,0,-1.666666667,98,90,83,11,1,0,30,30,0
2022-01-14T00:00:00Z,1.111111111,-1.111111111,-4.444444444,0.555555556,-3.333333333,-5.555555556,96,87,79,14,4,0,30,30,0
2022-01-15T00:00:00Z,-4.444444444,-6.111111111,-7.777777778,-5.555555556,-8.333333333,-10.55555556,95,82,73,13,4,0,30,30,0
2022-01-16T00:00:00Z,-2.222222222,-6.111111111,-11.11111111,-6.111111111,-10,-13.22222222,93,76,44,10,1,0,30,29,0
2022-01-17T00:00:00Z,-2.777777778,-4.444444444,-5.555555556,-6.111111111,-7.222222222,-7.777777778,89,81,73,12,4,0,30,29,0
2022-01-18T00:00:00Z,6.111111111,0,-6.666666667,1.666666667,-3.333333333,-8.333333333,90,80,66,17,4,0,30,29,0
2022-01-19T00:00:00Z,3.888888889,-6.111111111,-12.22222222,1.111111111,-10.55555556,-17.22222222,85,70,59,15,5,0,30,29,0
2022-01-20T00:00:00Z,-7.777777778,-11.66666667,-14.77777778,-15,-17.33333333,-18.88888889,73,63,48,21,4,0,30,30,0
2022-01-21T00:00:00Z,-3.888888889,-8.888888889,-14.22222222,-11.11111111,-13.33333333,-17.61111111,76,68,55,9.6,2,0,30,30,0
2022-01-22T00:00:00Z,0.555555556,-5,-7.777777778,-7.222222222,-10,-12.22222222,90,70,45,17,6,0,30,30,0
2022-01-23T00:00:00Z,-6.666666667,-9.444444444,-13.22222222,-7.777777778,-12.38888889,-17.11111111,95,78,54,13,3,0,30,29,0
2022-01-24T00:00:00Z,-3.888888889,-8.333333333,-12.22222222,-5.555555556,-10.55555556,-15.5,94,82,71,15,3,0,30,29,0
2022-01-25T00:00:00Z,-10,-13.88888889,-17.77777778,-15.33333333,-18.88888889,-22.22222222,78,66,49,17,4,0,30,30,0
2022-01-26T00:00:00Z,-10,-15.72222222,-21.11111111,-15.5,-20.55555556,-24.44444444,77,65,46,12,3,0,30,30,0
2022-01-27T00:00:00Z,1.111111111,-3.888888889,-10,-4.444444444,-8.888888889,-15.72222222,85,67,58,15,4,0,30,30,0
2022-01-28T00:00:00Z,-3.333333333,-7.777777778,-11.66666667,-5.555555556,-11.11111111,-15.72222222,95,79,57,11,3,0,30,30,0
2022-01-29T00:00:00Z,-5,-8.888888889,-12.77777778,-11.11111111,-14.05555556,-16.5,75,66,51,8.5,2,0,30,30,0
2022-01-30T00:00:00Z,-1.666666667,-5.555555556,-11.11111111,-5.555555556,-8.888888889,-12.72222222,90,76,67,8.7,2,0,30,29,0
2022-01-31T00:00:00Z,1.111111111,-1.666666667,-3.888888889,-4.444444444,-6.111111111,-7.777777778,80,72,60,14,3,0,30,30,0
2022-02-01T00:00:00Z,7.777777778,3.333333333,-0.555555556,3.888888889,-0.555555556,-4.444444444,94,78,66,13,4,0,30,29,0
2022-02-02T00:00:00Z,0,-6.666666667,-8.888888889,-3.333333333,-8.333333333,-13.11111111,96,87,71,15,5,0,30,30,0
2022-02-03T00:00:00Z,-5,-7.222222222,-8.888888889,-8.333333333,-10,-13,91,81,72,14,6,0,30,30,0
2022-02-04T00:00:00Z,-3.888888889,-8.333333333,-12.22222222,-8.888888889,-12.22222222,-14.5,91,77,50,13,3,0,30,30,0
2022-02-05T00:00:00Z,-5.555555556,-10.55555556,-15.27777778,-12.33333333,-14.77777778,-17.27777778,85,71,54,13,4,0,30,30,0
2022-02-06T00:00:00Z,1.666666667,-3.888888889,-8.333333333,-3.888888889,-8.333333333,-13.22222222,84,71,62,13,5,0,30,30,0
2022-02-07T00:00:00Z,-2.777777778,-5.555555556,-7.777777778,-3.888888889,-10,-11.11111111,95,71,57,10,2,0,30,30,0
2022-02-08T00:00:00Z,3.888888889,-1.666666667,-7.222222222,-0.555555556,-5.555555556,-11.11111111,81,75,62,13,3,0,30,29,0
2022-02-09T00:00:00Z,5.555555556,2.222222222,-0.555555556,0.555555556,-1.111111111,-2.222222222,90,82,67,17,5,0,29,29,0
2022-02-10T00:00:00Z,1.666666667,-1.666666667,-3.333333333,-1.111111111,-5,-7.222222222,88,77,69,17,4,0,30,29,0
2022-02-11T00:00:00Z,6.666666667,2.222222222,-2.777777778,2.777777778,0,-7.222222222,99,85,66,18,6,0,30,29,0
2022-02-12T00:00:00Z,-2.777777778,-8.888888889,-11.11111111,-6.666666667,-14.22222222,-17,78,63,49,16,4,0,30,30,0
2022-02-13T00:00:00Z,-7.222222222,-10,-11.66666667,-13.27777778,-15.44444444,-17.22222222,80,65,49,11,3,0,30,30,0
2022-02-14T00:00:00Z,-2.777777778,-7.222222222,-10.55555556,-7.777777778,-12.55555556,-17.22222222,76,65,52,9.2,2,0,30,30,0
2022-02-15T00:00:00Z,6.111111111,-0.555555556,-5,0,-6.111111111,-8.333333333,81,68,54,14,4,0,30,30,0
2022-02-16T00:00:00Z,11.66666667,8.888888889,3.333333333,9.444444444,5,0,99,78,63,19,5,0,30,29,17.78
2022-02-17T00:00:00Z,3.333333333,-3.888888889,-9.444444444,3.333333333,-5.555555556,-12.27777778,99,90,78,19,7,0,30,29,2.54
2022-02-18T00:00:00Z,-1.111111111,-7.222222222,-14,-3.333333333,-12.33333333,-16,89,67,41,24,6,0,30,29,0
2022-02-19T00:00:00Z,-3.888888889,-8.888888889,-12.88888889,-10.55555556,-15.5,-18.88888889,73,59,47,18,5,0,30,30,0
2022-02-20T00:00:00Z,8.888888889,2.222222222,-8.888888889,1.666666667,-3.333333333,-13.72222222,86,67,54,25,6,0,30,29,0
2022-02-21T00:00:00Z,7.777777778,3.333333333,0.555555556,4.444444444,1.666666667,-0.555555556,95,88,75,11,2,0,30,29,0
2022-02-22T00:00:00Z,6.666666667,-0.555555556,-5.555555556,4.444444444,-1.111111111,-7.777777778,99,95,84,15,4,0,30,29,17.78
2022-02-23T00:00:00Z,-5,-7.222222222,-10.55555556,-7.222222222,-11.11111111,-13.77777778,88,75,61,15,4,0,30,30,0
2022-02-24T00:00:00Z,-3.888888889,-4.444444444,-6.666666667,-4.444444444,-6.666666667,-8.333333333,97,84,74,17,4,0,30,30,0
2022-02-25T00:00:00Z,-1.111111111,-4.444444444,-8.333333333,-4.444444444,-7.222222222,-10,98,82,60,8.5,2,0,30,30,0
2022-02-26T00:00:00Z,0,-5,-11.11111111,-4.444444444,-8.888888889,-12.27777778,88,75,56,14,4,0,30,30,0
2022-02-27T00:00:00Z,6.111111111,0.555555556,-3.888888889,-4.444444444,-6.111111111,-8.333333333,81,64,37,16,3,0,30,30,0
2022-02-28T00:00:00Z,12.22222222,4.444444444,-2.777777778,1.666666667,-1.666666667,-5,88,66,35,18,4,0,30,30,0
2022-03-01T00:00:00Z,11.11111111,5,1.111111111,2.777777778,0.555555556,-1.111111111,90,74,55,9.6,2,0,30,30,0
2022-03-02T00:00:00Z,14.44444444,4.444444444,0,5.555555556,0.555555556,-2.222222222,92,76,51,12,3,0,30,30,0
2022-03-03T00:00:00Z,0.555555556,-1.666666667,-3.888888889,-1.666666667,-7.222222222,-10,85,67,54,13,4,0,30,30,0
2022-03-04T00:00:00Z,3.333333333,0.555555556,-3.888888889,-2.222222222,-5,-7.777777778,79,65,46,11,3,0,30,30,0
2022-03-05T00:00:00Z,21.11111111,12.77777778,3.333333333,15,5.555555556,-3.888888889,95,64,50,29,5,0,30,29,2.54
2022-03-06T00:00:00Z,15,4.444444444,1.111111111,12.22222222,1.111111111,-1.666666667,96,78,66,26,6,0,30,29,0
2022-03-07T00:00:00Z,1.666666667,0,-1.666666667,0.555555556,-2.222222222,-7.222222222,99,86,67,14,4,0,30,29,2.54
2022-03-08T00:00:00Z,4.444444444,0,-3.333333333,-3.888888889,-5.555555556,-7.777777778,81,67,49,13,2,0,30,30,0
2022-03-09T00:00:00Z,5.555555556,1.111111111,-2.777777778,-2.222222222,-5,-7.222222222,83,67,44,13,3,0,30,30,0
2022-03-10T00:00:00Z,-2.222222222,-4.444444444,-6.111111111,-6.111111111,-8.888888889,-12.22222222,91,70,53,10,2,0,30,30,0
2022-03-11T00:00:00Z,-0.555555556,-5,-9.444444444,-6.666666667,-11.11111111,-17.38888889,91,65,41,20,5,0,30,30,0
2022-03-12T00:00:00Z,-5,-8.888888889,-12.22222222,-12.22222222,-15.77777778,-18.33333333,68,56,42,17,5,0,30,30,0
2022-03-13T00:00:00Z,10.55555556,2.777777778,-6.666666667,1.666666667,-3.888888889,-13.22222222,76,60,48,15,5,0,30,29,0
2022-03-14T00:00:00Z,17.22222222,7.777777778,2.222222222,7.222222222,1.666666667,0.555555556,92,68,35,16,3,0,30,30,0
2022-03-15T00:00:00Z,8.333333333,3.888888889,2.222222222,2.777777778,1.111111111,0.555555556,92,83,67,10,2,0,30,30,0
2022-03-16T00:00:00Z,20.55555556,11.66666667,0.555555556,8.888888889,5.555555556,-0.555555556,94,70,45,15,2,0,30,29,0
2022-03-17T00:00:00Z,21.11111111,11.66666667,7.222222222,10,6.666666667,3.333333333,87,71,48,9.6,1,0,30,29,0
2022-03-18T00:00:00Z,7.222222222,4.444444444,3.333333333,5,2.777777778,1.666666667,99,92,82,23,5,0,30,29,10.16
2022-03-19T00:00:00Z,5.555555556,3.333333333,2.222222222,4.444444444,2.777777778,1.666666667,99,97,91,14,4,0,30,29,2.54
2022-03-20T00:00:00Z,17.22222222,8.333333333,0,5.555555556,1.666666667,-1.111111111,99,66,38,12,1,0,30,30,0
2022-03-21T00:00:00Z,23.33333333,13.33333333,4.444444444,7.777777778,4.444444444,1.666666667,84,58,32,14,2,0,30,30,0
2022-03-22T00:00:00Z,11.66666667,8.333333333,6.111111111,8.888888889,6.111111111,3.333333333,99,87,71,17,4,0,30,29,2.54
2022-03-23T00:00:00Z,13.33333333,10,5.555555556,12.77777778,10,5.555555556,99,99,94,14,2,0,29,29,12.7
2022-03-24T00:00:00Z,7.777777778,4.444444444,1.666666667,7.222222222,4.444444444,1.666666667,99,98,92,13,3,0,29,29,5.08
2022-03-25T00:00:00Z,8.333333333,4.444444444,1.111111111,4.444444444,1.666666667,-2.777777778,99,83,52,25,5,0,29,29,0
2022-03-26T00:00:00Z,1.111111111,-1.111111111,-3.333333333,-2.222222222,-6.666666667,-9.444444444,80,66,58,18,6,0,30,29,0
2022-03-27T00:00:00Z,0.555555556,-3.333333333,-6.111111111,-8.333333333,-10,-12.77777778,76,60,38,14,3,0,30,30,0
2022-03-28T00:00:00Z,-0.555555556,-3.333333333,-5.555555556,-7.777777778,-10.55555556,-13.27777778,80,57,43,11,3,0,30,30,0
2022-03-29T00:00:00Z,5.555555556,1.666666667,-2.777777778,-3.888888889,-6.111111111,-8.333333333,75,58,42,17,6,0,30,29,0
2022-03-30T00:00:00Z,15,11.11111111,5.555555556,14.44444444,8.333333333,-3.888888889,99,83,50,17,4,0,29,29,22.86
2022-04-01T00:00:00Z,6.666666667,1.666666667,-1.111111111,-0.555555556,-2.777777778,-5,94,74,47,12,3,0,30,29,0
2022-04-02T00:00:00Z,5,1.666666667,-1.666666667,1.666666667,-0.555555556,-2.777777778,99,88,66,14,2,0,30,30,7.62
2022-04-03T00:00:00Z,7.222222222,3.333333333,-0.555555556,4.444444444,1.666666667,-0.555555556,99,91,78,11,2,0,30,30,2.54
2022-04-04T00:00:00Z,11.11111111,6.666666667,3.333333333,7.777777778,4.444444444,2.777777778,99,85,73,16,3,0,30,29,2.54
2022-04-05T00:00:00Z,11.11111111,6.111111111,2.777777778,10,4.444444444,2.222222222,96,86,77,11,3,0,30,29,0
2022-04-06T00:00:00Z,13.33333333,10,6.111111111,11.11111111,6.111111111,2.222222222,99,79,50,21,6,0,29,29,17.78
2022-04-07T00:00:00Z,6.666666667,5,3.888888889,3.888888889,1.666666667,-0.555555556,94,80,67,20,7,0,29,29,0
2022-04-08T00:00:00Z,3.888888889,2.222222222,0,2.777777778,1.666666667,0,99,96,91,11,2,0,29,29,5.08
2022-04-09T00:00:00Z,7.222222222,2.777777778,-1.111111111,0,-1.111111111,-2.777777778,99,77,53,13,3,0,30,29,0
2022-04-10T00:00:00Z,16.11111111,9.444444444,-0.555555556,4.444444444,0.555555556,-3.333333333,91,58,35,19,5,0,30,29,0
2022-04-11T00:00:00Z,16.11111111,12.77777778,7.777777778,10,3.888888889,1.666666667,69,55,43,13,3,0,30,29,0
2022-04-12T00:00:00Z,19.44444444,13.33333333,3.888888889,16.66666667,6.111111111,0,93,65,35,21,4,0,30,29,0
2022-04-13T00:00:00Z,22.22222222,16.11111111,5.555555556,18.33333333,14.44444444,3.888888889,98,89,72,22,5,0,29,29,15.24
2022-04-14T00:00:00Z,10,5.555555556,1.111111111,3.888888889,-3.333333333,-6.111111111,91,57,32,29,8,0,30,29,0
2022-04-15T00:00:00Z,11.66666667,6.666666667,4.444444444,3.888888889,-3.888888889,-7.777777778,83,47,33,18,6,0,30,30,0
2022-04-16T00:00:00Z,8.888888889,3.333333333,0,-1.111111111,-3.888888889,-5.555555556,82,61,40,14,3,0,30,30,0
2022-04-17T00:00:00Z,4.444444444,1.666666667,-1.666666667,0,-2.777777778,-4.444444444,86,73,57,13,3,0,30,30,0
2022-04-18T00:00:00Z,3.888888889,1.666666667,0,2.222222222,0,-2.222222222,99,89,71,15,3,0,30,30,2.54
2022-04-19T00:00:00Z,9.444444444,4.444444444,2.222222222,0.555555556,-0.555555556,-2.777777778,85,71,44,14,4,0,30,30,0
2022-04-20T00:00:00Z,10.55555556,7.777777778,4.444444444,9.444444444,3.333333333,-0.555555556,99,73,63,16,5,0,30,29,2.54
2022-04-21T00:00:00Z,20,13.88888889,8.888888889,10.55555556,7.777777778,2.777777778,99,70,34,17,4,0,30,29,0
2022-04-22T00:00:00Z,11.66666667,8.888888889,6.666666667,8.888888889,6.111111111,1.111111111,99,85,54,18,4,0,30,30,17.78
2022-04-23T00:00:00Z,28.88888889,20,8.333333333,17.77777778,13.33333333,7.222222222,97,69,44,19,5,0,30,29,0
2022-04-24T00:00:00Z,22.77777778,19.44444444,13.33333333,18.33333333,14.44444444,5.555555556,97,74,54,19,6,0,30,29,5.08
2022-04-25T00:00:00Z,13.33333333,8.888888889,4.444444444,6.111111111,2.222222222,-1.666666667,69,63,55,16,5,0,30,30,0
2022-04-26T00:00:00Z,10.55555556,5,2.222222222,1.111111111,-1.666666667,-3.333333333,78,65,43,14,4,0,30,30,0
2022-04-27T00:00:00Z,3.333333333,1.666666667,0,-0.555555556,-2.777777778,-5,84,73,64,16,3,0,30,30,0
2022-04-28T00:00:00Z,8.333333333,6.111111111,2.222222222,4.444444444,2.222222222,-0.555555556,85,77,65,13,4,0,30,30,0
2022-04-29T00:00:00Z,16.66666667,11.66666667,7.222222222,7.777777778,4.444444444,1.111111111,80,62,47,13,4,0,30,30,0
2022-04-30T00:00:00Z,18.88888889,13.33333333,8.333333333,16.66666667,10,4.444444444,99,82,59,20,5,0,30,29,35.56
2022-05-01T00:00:00Z,14.44444444,10.55555556,9.444444444,11.11111111,7.222222222,6.111111111,87,80,75,17,5,0,30,29,0
2022-05-02T00:00:00Z,12.22222222,9.444444444,8.333333333,6.666666667,5.555555556,5,85,77,67,11,3,0,30,30,0
2022-05-03T00:00:00Z,8.888888889,6.666666667,5.555555556,7.222222222,6.111111111,4.444444444,99,95,78,21,6,0,30,29,22.86
2022-05-04T00:00:00Z,11.11111111,6.666666667,3.333333333,6.666666667,4.444444444,2.777777778,95,86,73,15,4,0,30,30,0
2022-05-05T00:00:00Z,10,7.222222222,4.444444444,8.888888889,6.111111111,2.777777778,99,91,79,7.6,1,0,30,30,5.08
2022-05-06T00:00:00Z,10.55555556,8.333333333,6.666666667,8.333333333,6.666666667,3.888888889,99,90,66,17,4,0,30,29,7.62
2022-05-07T00:00:00Z,16.11111111,11.11111111,5.555555556,4.444444444,1.666666667,-1.666666667,75,54,31,11,3,0,30,30,0
2022-05-08T00:00:00Z,17.77777778,12.77777778,5,8.333333333,5,-1.111111111,87,60,44,12,3,0,30,30,0
2022-05-09T00:00:00Z,27.77777778,20.55555556,12.77777778,17.77777778,12.77777778,6.111111111,72,60,53,24,7,0,30,29,0
2022-05-10T00:00:00Z,32.22222222,26.11111111,20,23.33333333,20.55555556,17.22222222,87,71,55,13,3,0,30,30,0
2022-05-11T00:00:00Z,31.66666667,26.66666667,21.11111111,24.44444444,21.66666667,17.77777778,89,76,62,14,2,0,30,30,0
2022-05-12T00:00:00Z,33.33333333,28.33333333,22.77777778,21.66666667,17.22222222,7.777777778,84,56,27,13,3,0,30,30,0
2022-05-13T00:00:00Z,32.22222222,26.11111111,20.55555556,15.55555556,12.77777778,8.333333333,60,43,32,13,3,0,30,29,0
2022-05-14T00:00:00Z,29.44444444,22.77777778,17.77777778,17.22222222,15,13.33333333,85,64,41,10,1,0,30,30,0
2022-05-15T00:00:00Z,23.88888889,20,15.55555556,15,11.11111111,6.111111111,73,58,34,13,1,0,30,30,0
2022-05-16T00:00:00Z,25,18.88888889,11.66666667,10.55555556,7.777777778,5,89,52,29,15,3,0,30,29,0
2022-05-17T00:00:00Z,17.77777778,12.77777778,9.444444444,7.222222222,5.555555556,2.777777778,81,61,42,11,2,0,30,30,0
2022-05-18T00:00:00Z,13.88888889,11.66666667,10,12.22222222,10,6.111111111,99,88,66,14,2,0,30,29,5.08
2022-05-19T00:00:00Z,30,20.55555556,10,19.44444444,14.44444444,10,99,72,34,14,3,0,29,29,0
2022-05-20T00:00:00Z,30,22.22222222,15,22.22222222,18.33333333,13.88888889,98,79,60,17,4,0,29,29,7.62
2022-05-21T00:00:00Z,16.11111111,13.88888889,11.66666667,15,12.77777778,10.55555556,99,94,80,9.2,0,0,30,29,15.24
2022-05-22T00:00:00Z,17.22222222,13.33333333,9.444444444,12.77777778,5,1.666666667,96,60,37,13,3,0,30,30,0
2022-05-23T00:00:00Z,15,10.55555556,6.111111111,7.222222222,3.888888889,0,96,65,38,13,2,0,30,30,0
2022-05-24T00:00:00Z,17.22222222,12.77777778,8.888888889,8.888888889,6.666666667,3.333333333,87,68,48,12,3,0,30,30,0
2022-05-25T00:00:00Z,25.55555556,17.22222222,11.66666667,22.22222222,15,6.111111111,99,86,64,12,3,0,30,29,10.16
2022-05-26T00:00:00Z,25.55555556,21.66666667,17.77777778,20,18.33333333,14.44444444,98,83,57,10,2,0,29,29,0
2022-05-27T00:00:00Z,17.77777778,12.22222222,8.333333333,16.66666667,11.11111111,8.333333333,99,92,75,16,3,0,30,29,0
2022-05-28T00:00:00Z,24.44444444,17.22222222,7.777777778,14.44444444,11.66666667,7.777777778,99,72,46,13,2,0,30,29,0
2022-05-29T00:00:00Z,28.88888889,23.33333333,16.66666667,18.33333333,16.11111111,14.44444444,87,66,46,18,4,0,30,29,0
2022-05-30T00:00:00Z,31.66666667,26.11111111,21.11111111,18.88888889,17.22222222,15,75,58,37,16,5,0,30,29,0
2022-05-31T00:00:00Z,30.55555556,26.66666667,22.77777778,22.22222222,20,17.22222222,75,67,59,14,4,0,30,29,0
2022-06-01T00:00:00Z,25.55555556,18.88888889,13.88888889,21.11111111,15,11.11111111,99,80,67,10,2,0,30,30,7.62
2022-06-02T00:00:00Z,25,21.66666667,16.66666667,10.55555556,8.333333333,5.555555556,60,44,30,11,2,0,30,30,0
2022-06-03T00:00:00Z,26.66666667,20.55555556,13.88888889,11.11111111,6.111111111,1.111111111,67,42,19,14,2,0,30,30,0
2022-06-04T00:00:00Z,19.44444444,15.55555556,10.55555556,11.11111111,8.333333333,5,89,65,40,8.1,1,0,30,30,0
2022-06-05T00:00:00Z,22.22222222,17.77777778,13.88888889,13.88888889,11.66666667,8.888888889,85,69,54,8.9,2,0,30,29,0
2022-06-06T00:00:00Z,25,18.33333333,12.77777778,19.44444444,15.55555556,12.77777778,99,85,64,13,1,0,29,29,5.08
2022-06-07T00:00:00Z,20,15,12.22222222,14.44444444,12.22222222,11.11111111,99,86,61,12,2,0,30,29,0
2022-06-08T00:00:00Z,21.11111111,14.44444444,12.22222222,15.55555556,12.22222222,8.888888889,99,88,53,14,2,0,30,29,17.78
2022-06-09T00:00:00Z,25.55555556,17.77777778,10,15,11.11111111,7.777777778,99,71,35,12,2,0,30,30,0
2022-06-10T00:00:00Z,26.11111111,18.33333333,11.66666667,16.11111111,12.22222222,7.777777778,90,71,32,11,1,0,30,30,0
2022-06-11T00:00:00Z,23.33333333,19.44444444,15,17.77777778,15.55555556,13.33333333,96,81,68,8.5,2,0,30,29,0
2022-06-12T00:00:00Z,18.88888889,15.55555556,12.77777778,17.22222222,13.33333333,9.444444444,99,86,74,11,2,0,30,29,0
2022-06-13T00:00:00Z,28.88888889,21.11111111,13.33333333,23.88888889,17.22222222,9.444444444,99,81,65,13,2,0,30,29,15.24
2022-06-14T00:00:00Z,37.22222222,28.88888889,17.77777778,26.66666667,22.77777778,17.77777778,99,71,45,11,2,0,30,29,0
2022-06-15T00:00:00Z,35.55555556,31.11111111,27.22222222,24.44444444,22.22222222,18.33333333,76,59,37,16,4,0,30,29,0
2022-06-16T00:00:00Z,34.44444444,27.77777778,21.66666667,25,17.77777778,11.11111111,99,59,25,21,3,0,30,29,15.24
2022-06-17T00:00:00Z,28.88888889,23.88888889,17.22222222,16.11111111,13.88888889,11.11111111,72,55,39,17,2,0,30,30,0
2022-06-18T00:00:00Z,20.55555556,16.66666667,12.22222222,11.66666667,8.333333333,3.888888889,83,59,37,10,3,0,30,30,0
2022-06-19T00:00:00Z,30,21.11111111,10,12.77777778,8.888888889,6.666666667,86,51,24,11,1,0,30,30,0
2022-06-20T00:00:00Z,35,27.22222222,18.88888889,17.77777778,13.88888889,10.55555556,67,47,27,13,3,0,30,30,0
2022-06-21T00:00:00Z,36.66666667,30,22.77777778,23.88888889,20,15,65,54,44,17,4,0,30,30,0
2022-06-22T00:00:00Z,31.11111111,27.22222222,22.22222222,20,16.11111111,13.33333333,66,52,36,11,2,0,30,30,0
2022-06-23T00:00:00Z,27.22222222,23.33333333,18.33333333,16.11111111,13.33333333,10.55555556,80,55,37,10,2,0,30,30,0
2022-06-24T00:00:00Z,32.22222222,25.55555556,16.66666667,16.11111111,13.33333333,10.55555556,75,50,34,13,2,0,30,30,0
2022-06-25T00:00:00Z,24.44444444,21.66666667,18.33333333,20.55555556,17.22222222,13.33333333,96,75,56,13,1,0,30,30,5.08
2022-06-26T00:00:00Z,26.66666667,22.77777778,17.77777778,20.55555556,15,9.444444444,99,65,39,14,3,0,30,30,0
2022-06-27T00:00:00Z,25.55555556,19.44444444,15.55555556,12.22222222,10,6.111111111,70,55,31,15,2,0,30,30,0
2022-06-28T00:00:00Z,30,22.77777778,14.44444444,15,11.66666667,9.444444444,77,52,33,10,2,0,30,30,0
2022-06-29T00:00:00Z,29.44444444,23.88888889,18.33333333,18.88888889,16.11111111,13.33333333,91,64,48,9.6,2,0,30,30,0
2022-07-01T00:00:00Z,26.66666667,23.33333333,17.77777778,19.44444444,15.55555556,13.33333333,81,62,51,11,2,0,30,30,0
2022-07-02T00:00:00Z,27.77777778,22.77777778,16.11111111,16.11111111,12.22222222,7.777777778,96,55,31,13,2,0,30,30,0
2022-07-03T00:00:00Z,28.33333333,24.44444444,19.44444444,17.77777778,15.55555556,11.11111111,80,57,45,10,2,0,30,30,0
2022-07-04T00:00:00Z,30,25,19.44444444,23.33333333,18.88888889,15.55555556,93,70,49,19,2,0,30,30,2.54
2022-07-05T00:00:00Z,32.22222222,25,19.44444444,26.66666667,22.77777778,18.33333333,97,87,69,21,3,0,30,29,43.18
2022-07-06T00:00:00Z,23.88888889,21.11111111,19.44444444,21.11111111,20,18.33333333,99,94,83,9.6,2,0,30,30,15.24
2022-07-07T00:00:00Z,28.88888889,23.88888889,18.88888889,22.77777778,20.55555556,18.33333333,99,83,63,10,2,0,30,30,0
2022-07-08T00:00:00Z,23.88888889,21.66666667,18.88888889,22.22222222,20.55555556,17.77777778,98,92,88,13,2,0,30,30,0
2022-07-09T00:00:00Z,22.77777778,20.55555556,17.77777778,19.44444444,15.55555556,13.88888889,99,74,60,15,3,0,30,30,0
2022-07-10T00:00:00Z,27.77777778,22.22222222,13.88888889,20,15.55555556,11.66666667,98,69,39,11,1,0,30,30,0
2022-07-11T00:00:00Z,29.44444444,25,21.66666667,23.88888889,20,17.22222222,90,75,66,13,3,0,30,29,0
2022-07-12T00:00:00Z,29.44444444,24.44444444,20,19.44444444,16.66666667,13.33333333,84,64,38,13,2,0,30,29,0
2022-07-13T00:00:00Z,26.11111111,21.66666667,17.77777778,20,17.22222222,14.44444444,84,74,58,11,2,0,30,30,0
2022-07-14T00:00:00Z,24.44444444,20,15,18.88888889,16.11111111,12.77777778,88,78,64,11,2,0,30,30,0
2022-07-15T00:00:00Z,22.22222222,19.44444444,16.66666667,21.11111111,18.33333333,15,99,95,85,8.9,0,0,30,30,35.56
2022-07-16T00:00:00Z,22.77777778,20,18.33333333,20,19.44444444,18.33333333,99,94,83,11,2,0,30,30,0
2022-07-17T00:00:00Z,24.44444444,21.66666667,20,21.66666667,20.55555556,19.44444444,99,94,81,9.6,2,0,30,30,0
2022-07-18T00:00:00Z,32.22222222,25.55555556,18.88888889,21.11111111,18.88888889,16.66666667,95,69,43,7.6,1,0,30,30,0
2022-07-19T00:00:00Z,31.66666667,27.22222222,21.11111111,21.66666667,20.55555556,19.44444444,91,69,49,12,3,0,30,29,0
2022-07-20T00:00:00Z,30,27.22222222,25,23.33333333,20.55555556,18.88888889,86,70,53,17,4,0,29,29,0
2022-07-21T00:00:00Z,33.33333333,27.22222222,20,22.77777778,19.44444444,15.55555556,76,63,45,15,3,0,30,29,0
2022-07-22T00:00:00Z,32.77777778,26.66666667,19.44444444,20.55555556,16.66666667,13.33333333,80,57,34,9.6,2,0,30,29,0
2022-07-23T00:00:00Z,30,25,19.44444444,23.33333333,20.55555556,19.44444444,99,78,61,16,3,0,30,29,33.02
2022-07-24T00:00:00Z,30.55555556,26.11111111,21.66666667,24.44444444,21.66666667,16.66666667,98,79,56,14,3,0,30,29,5.08
2022-07-25T00:00:00Z,23.33333333,20.55555556,17.22222222,17.77777778,16.11111111,15,86,74,62,11,2,0,30,30,0
2022-07-26T00:00:00Z,27.22222222,22.22222222,16.11111111,19.44444444,16.11111111,12.77777778,93,70,49,11,1,0,30,30,0
2022-07-27T00:00:00Z,28.88888889,23.33333333,20,23.33333333,20,17.22222222,99,82,60,13,1,0,30,29,15.24
2022-07-28T00:00:00Z,26.66666667,22.77777778,19.44444444,18.33333333,16.11111111,13.33333333,90,67,47,12,2,0,30,29,0
2022-07-29T00:00:00Z,27.22222222,21.66666667,15,16.11111111,14.44444444,12.77777778,89,66,45,10,1,0,30,30,0
2022-07-30T00:00:00Z,27.77777778,22.77777778,15.55555556,19.44444444,16.66666667,13.88888889,95,70,45,10,1,0,30,30,0
2022-07-31T00:00:00Z,30,24.44444444,17.22222222,19.44444444,17.22222222,15,92,65,45,10,2,0,30,30,0
2022-08-01T00:00:00Z,30,25.55555556,22.22222222,21.66666667,20,18.33333333,95,73,54,13,3,0,30,29,0
2022-08-02T00:00:00Z,32.77777778,27.77777778,18.88888889,22.77777778,20,17.77777778,93,64,50,10,2,0,30,30,0
2022-08-03T00:00:00Z,32.77777778,27.22222222,23.33333333,25.55555556,22.22222222,19.44444444,90,76,58,15,4,0,30,29,0
2022-08-04T00:00:00Z,27.22222222,23.33333333,20,23.33333333,21.11111111,18.88888889,95,87,76,10,2,0,30,30,0
2022-08-05T00:00:00Z,28.88888889,24.44444444,18.88888889,23.88888889,20.55555556,18.33333333,97,82,66,10,1,0,30,30,0
2022-08-06T00:00:00Z,35,28.33333333,22.77777778,25.55555556,23.88888889,21.66666667,97,76,50,10,2,0,30,30,0
2022-08-07T00:00:00Z,28.33333333,25.55555556,22.77777778,25.55555556,23.88888889,21.66666667,99,91,77,10,1,0,30,30,2.54
2022-08-08T00:00:00Z,26.66666667,22.22222222,17.22222222,25,21.11111111,16.66666667,99,95,83,12,2,0,30,30,10.16
2022-08-09T00:00:00Z,22.77777778,19.44444444,16.11111111,17.77777778,16.11111111,14.44444444,98,82,61,11,2,0,30,30,0
2022-08-10T00:00:00Z,30,22.22222222,13.88888889,19.44444444,16.66666667,13.33333333,99,73,47,8.7,1,0,30,30,0
2022-08-11T00:00:00Z,24.44444444,21.66666667,16.11111111,20.55555556,16.11111111,12.77777778,94,71,50,12,3,0,30,30,0
2022-08-12T00:00:00Z,23.88888889,20,13.88888889,17.77777778,14.44444444,11.66666667,94,72,54,9.4,1,0,30,30,0
2022-08-13T00:00:00Z,25.55555556,22.77777778,19.44444444,17.77777778,15,12.77777778,74,64,55,13,3,0,30,30,0
2022-08-14T00:00:00Z,23.33333333,20.55555556,18.33333333,20,18.33333333,17.22222222,97,86,74,10,2,0,30,30,0
2022-08-15T00:00:00Z,24.44444444,21.11111111,18.33333333,18.88888889,17.22222222,15,99,82,61,12,2,0,30,30,0
2022-08-16T00:00:00Z,25.55555556,21.11111111,17.22222222,18.33333333,16.11111111,11.66666667,99,76,50,11,2,0,30,30,0
2022-08-17T00:00:00Z,26.11111111,20.55555556,16.11111111,20,17.22222222,14.44444444,98,81,56,9.2,1,0,30,30,0
2022-08-18T00:00:00Z,28.88888889,22.22222222,15,17.22222222,15.55555556,11.66666667,99,70,37,9.2,1,0,30,30,0
2022-08-19T00:00:00Z,29.44444444,24.44444444,18.88888889,18.33333333,17.22222222,16.11111111,84,65,45,12,2,0,30,30,0
2022-08-20T00:00:00Z,25,21.11111111,17.77777778,20.55555556,18.88888889,17.22222222,99,88,64,10,2,0,30,30,15.24
2022-08-21T00:00:00Z,24.44444444,21.11111111,18.33333333,20.55555556,19.44444444,18.33333333,99,91,73,10,2,0,30,30,0
2022-08-22T00:00:00Z,26.66666667,21.11111111,16.66666667,18.88888889,17.77777778,16.11111111,99,82,58,8.5,1,0,30,30,0
2022-08-23T00:00:00Z,27.77777778,22.22222222,16.11111111,18.33333333,16.11111111,13.88888889,96,70,46,7.4,1,0,30,30,0
2022-08-24T00:00:00Z,28.88888889,22.77777778,16.66666667,17.77777778,16.66666667,15,93,68,45,7.6,0,0,30,30,0
2022-08-25T00:00:00Z,27.22222222,21.66666667,18.33333333,22.22222222,19.44444444,16.11111111,99,88,72,8.5,1,0,30,30,12.7
2022-08-26T00:00:00Z,23.88888889,20.55555556,15.55555556,20,17.77777778,15,98,85,67,11,2,0,30,30,0
2022-08-27T00:00:00Z,26.66666667,20.55555556,12.77777778,18.88888889,16.66666667,12.77777778,99,80,57,8.9,1,0,30,30,0
2022-08-28T00:00:00Z,31.66666667,25,20,24.44444444,20.55555556,17.22222222,99,79,57,19,2,0,30,29,20.32
2022-08-29T00:00:00Z,30,24.44444444,20.55555556,25,21.11111111,17.77777778,95,85,71,19,2,0,30,29,2.54
2022-08-30T00:00:00Z,26.66666667,22.22222222,18.33333333,17.77777778,15.55555556,13.33333333,87,67,47,13,2,0,30,30,0
2022-08-31T00:00:00Z,30,22.77777778,15,18.88888889,16.11111111,12.77777778,88,67,44,12,1,0,30,30,0
2022-09-01T00:00:00Z,31.66666667,25.55555556,18.33333333,20,18.33333333,15.55555556,92,67,40,10,1,0,30,30,0
2022-09-02T00:00:00Z,30,25.55555556,20.55555556,20,18.88888889,17.77777778,90,69,48,11,2,0,30,30,0
2022-09-03T00:00:00Z,30,23.33333333,20,22.22222222,19.44444444,17.77777778,90,80,57,12,2,0,30,30,0
2022-09-04T00:00:00Z,22.22222222,20.55555556,18.88888889,20.55555556,18.88888889,17.22222222,98,90,85,10,3,0,30,30,0
2022-09-05T00:00:00Z,20,19.44444444,18.88888889,18.33333333,17.77777778,16.66666667,95,90,84,9.6,2,0,30,30,0
2022-09-06T00:00:00Z,25,21.11111111,18.33333333,20.55555556,18.88888889,17.77777778,97,88,70,9.6,1,0,30,30,0
2022-09-07T00:00:00Z,25.55555556,21.11111111,16.66666667,18.33333333,16.66666667,15,99,78,54,10,1,0,30,30,0
2022-09-08T00:00:00Z,28.88888889,23.33333333,14.44444444,17.22222222,15.55555556,13.88888889,99,65,43,9.6,1,0,30,30,0
2022-09-09T00:00:00Z,28.88888889,22.77777778,15,16.66666667,15,13.33333333,91,65,41,10,1,0,30,30,0
2022-09-10T00:00:00Z,29.44444444,22.77777778,15.55555556,20.55555556,17.22222222,15,97,74,42,11,1,0,30,30,0
2022-09-11T00:00:00Z,21.11111111,17.77777778,14.44444444,20.55555556,17.22222222,12.77777778,99,96,89,17,4,0,30,29,55.88
2022-09-12T00:00:00Z,17.77777778,14.44444444,12.22222222,14.44444444,12.22222222,11.11111111,97,88,74,10,2,0,30,29,0
2022-09-13T00:00:00Z,25.55555556,18.88888889,14.44444444,17.77777778,15.55555556,12.77777778,99,83,57,10,1,0,30,29,0
2022-09-14T00:00:00Z,23.88888889,17.77777778,12.77777778,18.88888889,15.55555556,12.22222222,98,87,69,10,1,0,30,30,0
2022-09-15T00:00:00Z,27.77777778,21.11111111,13.33333333,18.88888889,16.66666667,12.77777778,99,78,53,7.6,1,0,30,30,0
2022-09-16T00:00:00Z,28.33333333,22.77777778,17.22222222,19.44444444,17.22222222,16.11111111,97,73,51,10,1,0,30,30,0
2022-09-17T00:00:00Z,28.88888889,24.44444444,20,19.44444444,17.77777778,17.22222222,84,68,52,15,2,0,30,30,0
2022-09-18T00:00:00Z,30,25,20,21.11111111,18.88888889,17.22222222,98,69,52,10,2,0,30,30,27.94
2022-09-19T00:00:00Z,23.88888889,20.55555556,15.55555556,20,17.22222222,13.88888889,99,83,59,9.6,1,0,30,30,2.54
2022-09-20T00:00:00Z,28.33333333,23.33333333,15.55555556,23.88888889,19.44444444,14.44444444,98,80,68,16,2,0,30,29,10.16
2022-09-21T00:00:00Z,29.44444444,23.88888889,16.11111111,22.22222222,16.66666667,10,83,67,44,11,3,0,30,29,0
2022-09-22T00:00:00Z,16.66666667,13.88888889,8.888888889,10,7.777777778,5.555555556,91,69,52,12,3,0,30,30,0
2022-09-23T00:00:00Z,16.66666667,13.33333333,8.333333333,9.444444444,7.777777778,4.444444444,93,70,48,9.4,1,0,30,30,0
2022-09-24T00:00:00Z,21.11111111,15.55555556,11.11111111,15,12.22222222,7.777777778,99,81,64,10,2,0,30,29,5.08
2022-09-25T00:00:00Z,19.44444444,15.55555556,11.11111111,14.44444444,12.77777778,9.444444444,99,86,70,18,2,0,29,29,0
2022-09-26T00:00:00Z,16.66666667,12.77777778,10,10,7.777777778,6.111111111,91,73,52,23,3,0,30,29,0
2022-09-27T00:00:00Z,14.44444444,11.11111111,7.777777778,6.666666667,5,3.333333333,86,68,50,14,3,0,30,30,0
2022-09-28T00:00:00Z,14.44444444,10.55555556,6.666666667,8.888888889,6.111111111,4.444444444,90,76,57,14,2,0,30,30,0
2022-09-29T00:00:00Z,16.11111111,10.55555556,5,9.444444444,7.222222222,4.444444444,97,81,58,9.2,1,0,30,30,0
2022-09-30T00:00:00Z,17.77777778,12.22222222,5.555555556,10.55555556,8.333333333,5.555555556,99,81,54,8.9,1,0,30,30,0
2022-10-01T00:00:00Z,18.33333333,13.88888889,8.333333333,13.33333333,10.55555556,7.777777778,99,82,56,12,1,0,30,30,0
2022-10-02T00:00:00Z,17.22222222,14.44444444,11.66666667,13.33333333,11.66666667,9.444444444,96,85,71,11,2,0,30,30,0
2022-10-03T00:00:00Z,18.33333333,12.22222222,6.111111111,11.11111111,7.777777778,5.555555556,99,77,50,8.3,1,0,30,30,0
2022-10-04T00:00:00Z,23.88888889,13.33333333,5.555555556,10.55555556,7.777777778,3.333333333,99,73,27,7.6,0,0,30,30,0
2022-10-05T00:00:00Z,25,16.11111111,7.222222222,8.888888889,6.666666667,3.333333333,95,60,27,8.1,0,0,30,30,0
2022-10-06T00:00:00Z,23.88888889,16.11111111,10.55555556,15,10.55555556,6.111111111,98,73,49,15,2,0,30,30,5.08
2022-10-07T00:00:00Z,12.22222222,7.777777778,3.333333333,7.222222222,3.888888889,1.111111111,88,76,60,21,3,0,30,30,0
2022-10-08T00:00:00Z,15,7.777777778,1.111111111,2.777777778,1.111111111,-0.555555556,97,66,38,12,2,0,30,30,0
2022-10-09T00:00:00Z,20.55555556,12.22222222,5,7.777777778,3.888888889,0,82,59,37,10,1,0,30,30,0
2022-10-10T00:00:00Z,22.22222222,12.77777778,6.666666667,12.77777778,8.888888889,6.111111111,99,80,39,8.5,0,0,30,30,0
2022-10-11T00:00:00Z,20,13.88888889,7.777777778,16.11111111,11.66666667,7.777777778,99,87,57,23,2,0,30,30,12.7
2022-10-12T00:00:00Z,17.77777778,13.88888889,10,14.44444444,11.66666667,4.444444444,99,85,61,15,3,0,30,29,7.62
2022-10-13T00:00:00Z,12.77777778,7.777777778,3.333333333,5,1.666666667,-1.666666667,84,67,39,15,3,0,29,29,0
2022-10-14T00:00:00Z,15,7.777777778,3.333333333,5,0,-3.888888889,93,62,29,20,3,0,29,29,0
2022-10-15T00:00:00Z,12.22222222,7.222222222,1.111111111,3.333333333,2.222222222,0.555555556,95,73,50,13,3,0,30,29,0
2022-10-16T00:00:00Z,12.22222222,8.333333333,2.777777778,5,3.333333333,0,96,71,53,13,2,0,30,30,0
2022-10-17T00:00:00Z,5.555555556,3.888888889,2.222222222,1.111111111,-1.111111111,-2.777777778,81,72,66,18,5,0,30,29,0
2022-10-18T00:00:00Z,7.777777778,4.444444444,0.555555556,0,-1.666666667,-3.333333333,77,64,55,17,5,0,30,30,0
2022-10-19T00:00:00Z,8.888888889,4.444444444,0,-1.111111111,-3.333333333,-5.555555556,80,59,38,13,3,0,30,30,0
2022-10-20T00:00:00Z,16.66666667,6.666666667,0,2.222222222,-3.333333333,-7.222222222,78,51,29,9.2,1,0,30,29,0
2022-10-21T00:00:00Z,24.44444444,14.44444444,5,8.333333333,4.444444444,1.111111111,80,55,32,14,2,0,29,29,0
2022-10-22T00:00:00Z,26.11111111,19.44444444,12.77777778,13.88888889,10.55555556,5.555555556,74,59,44,13,4,0,30,29,0
2022-10-23T00:00:00Z,26.11111111,20.55555556,16.11111111,16.11111111,13.33333333,11.11111111,78,63,51,17,5,0,30,29,0
2022-10-24T00:00:00Z,23.88888889,20.55555556,16.11111111,15.55555556,12.77777778,9.444444444,82,61,48,16,5,0,30,29,0
2022-10-25T00:00:00Z,21.11111111,13.88888889,7.222222222,15,11.66666667,6.666666667,99,90,46,16,3,0,29,29,17.78
2022-10-26T00:00:00Z,11.66666667,7.222222222,2.777777778,6.666666667,3.888888889,2.777777778,98,83,59,15,3,0,30,29,2.54
2022-10-27T00:00:00Z,10.55555556,6.666666667,1.111111111,6.111111111,3.333333333,1.111111111,99,82,64,11,2,0,30,30,0
2022-10-28T00:00:00Z,13.88888889,8.888888889,4.444444444,7.222222222,5,2.777777778,98,77,53,7.8,1,0,30,30,0
2022-10-29T00:00:00Z,18.33333333,9.444444444,2.222222222,8.333333333,5.555555556,2.222222222,99,80,45,10,1,0,30,30,0
2022-10-30T00:00:00Z,16.66666667,10.55555556,6.666666667,11.66666667,8.888888889,6.111111111,99,90,59,7.4,0,0,30,29,0
2022-10-31T00:00:00Z,13.33333333,11.66666667,9.444444444,12.77777778,11.66666667,9.444444444,99,99,96,5.8,0,0,30,29,0
2022-11-01T00:00:00Z,21.11111111,12.22222222,5.555555556,10,6.666666667,5,99,72,38,8.5,1,0,30,30,0
2022-11-02T00:00:00Z,22.22222222,14.44444444,5,12.77777778,9.444444444,4.444444444,99,74,50,9.2,1,0,30,30,0
2022-11-03T00:00:00Z,22.77777778,17.22222222,11.11111111,12.77777778,10.55555556,9.444444444,88,68,51,14,4,0,30,30,0
2022-11-04T00:00:00Z,21.66666667,17.77777778,15,17.22222222,13.33333333,10,99,74,61,17,4,0,30,29,2.54
2022-11-05T00:00:00Z,20.55555556,13.33333333,6.666666667,15.55555556,10.55555556,3.888888889,97,84,67,29,9,0,29,29,7.62
2022-11-06T00:00:00Z,16.11111111,10.55555556,6.666666667,8.888888889,5.555555556,-1.111111111,83,71,50,17,4,0,30,29,0
2022-11-07T00:00:00Z,12.77777778,7.777777778,3.888888889,3.888888889,-1.666666667,-5,81,54,33,11,2,0,30,30,0
2022-11-08T00:00:00Z,11.11111111,8.888888889,6.666666667,6.111111111,3.888888889,2.222222222,79,69,63,16,4,0,30,30,0
2022-11-09T00:00:00Z,21.11111111,15,8.333333333,11.11111111,6.666666667,2.222222222,73,58,47,8.9,3,0,30,30,0
2022-11-10T00:00:00Z,24.44444444,19.44444444,16.11111111,12.77777778,10,7.222222222,72,56,36,14,4,0,30,29,0
2022-11-11T00:00:00Z,16.11111111,6.111111111,-0.555555556,10.55555556,1.111111111,-5,85,72,54,13,4,0,30,29,0
2022-11-12T00:00:00Z,2.222222222,0.555555556,-0.555555556,-2.222222222,-3.333333333,-5,82,74,66,11,3,0,30,30,0
2022-11-13T00:00:00Z,3.333333333,-0.555555556,-2.777777778,-3.333333333,-6.666666667,-8.333333333,77,62,44,19,2,0,30,30,0
2022-11-14T00:00:00Z,5,1.111111111,-5,-3.333333333,-5.555555556,-7.222222222,85,64,47,12,2,0,30,30,0
2022-11-15T00:00:00Z,2.777777778,1.111111111,0,2.222222222,0,-4.444444444,99,92,59,10,1,0,30,30,7.62
2022-11-16T00:00:00Z,1.666666667,0.555555556,-1.111111111,1.111111111,-0.555555556,-2.777777778,99,93,81,10,3,0,30,30,0
2022-11-17T00:00:00Z,0,-0.555555556,-2.222222222,-1.666666667,-3.888888889,-7.222222222,92,79,62,18,6,0,30,30,0
2022-11-18T00:00:00Z,-2.222222222,-4.444444444,-6.666666667,-6.111111111,-8.333333333,-10.55555556,86,73,60,15,6,0,30,30,0
2022-11-19T00:00:00Z,-3.333333333,-6.111111111,-9.444444444,-6.666666667,-11.11111111,-13.22222222,88,68,49,20,6,0,30,30,0
2022-11-20T00:00:00Z,1.111111111,-5,-11.11111111,-8.888888889,-11.66666667,-14,78,61,47,15,4,0,30,30,0
2022-11-21T00:00:00Z,8.333333333,2.222222222,-1.666666667,-3.333333333,-6.111111111,-9.444444444,76,55,40,18,4,0,30,30,0
2022-11-22T00:00:00Z,11.11111111,3.888888889,-3.888888889,-1.666666667,-3.888888889,-6.111111111,89,60,34,11,2,0,30,30,0
2022-11-23T00:00:00Z,15.55555556,7.222222222,-1.111111111,6.111111111,2.222222222,-2.777777778,90,73,54,10,1,0,30,30,0
2022-11-24T00:00:00Z,12.22222222,7.222222222,2.222222222,7.222222222,3.888888889,0,90,80,56,12,2,0,30,30,0
2022-11-25T00:00:00Z,11.66666667,5.555555556,0,4.444444444,0.555555556,-1.111111111,96,72,43,10,2,0,30,30,0
2022-11-26T00:00:00Z,13.33333333,7.222222222,2.222222222,3.333333333,-1.111111111,-3.333333333,78,58,33,14,3,0,30,29,0
2022-11-27T00:00:00Z,7.222222222,5,1.111111111,5.555555556,3.333333333,-1.111111111,98,87,77,17,3,0,29,29,5.08
2022-11-28T00:00:00Z,7.777777778,3.333333333,-2.777777778,3.333333333,0.555555556,-3.333333333,99,83,59,14,2,0,30,29,0
2022-11-29T00:00:00Z,14.44444444,8.888888889,1.666666667,12.77777778,6.666666667,-1.111111111,95,86,69,21,6,0,30,29,0
2022-11-30T00:00:00Z,1.111111111,-3.888888889,-7.222222222,-1.111111111,-8.333333333,-11.11111111,84,71,58,19,7,0,30,29,0
2022-12-01T00:00:00Z,2.222222222,-2.777777778,-8.333333333,-6.111111111,-8.888888889,-11.66666667,82,64,45,15,3,0,30,30,0
2022-12-02T00:00:00Z,11.11111111,6.666666667,2.222222222,8.333333333,0,-6.111111111,92,63,53,19,6,0,30,29,0
2022-12-03T00:00:00Z,10,-1.666666667,-6.666666667,8.333333333,-8.333333333,-12.22222222,92,63,42,25,5,0,30,29,0
2022-12-04T00:00:00Z,4.444444444,-1.666666667,-7.222222222,-5.555555556,-8.888888889,-12.22222222,69,57,41,13,4,0,30,30,0
2022-12-05T00:00:00Z,6.666666667,2.777777778,-1.111111111,2.222222222,-2.222222222,-6.111111111,88,69,57,10,2,0,30,29,0
2022-12-06T00:00:00Z,5,4.444444444,2.222222222,4.444444444,2.222222222,0.555555556,98,88,82,8.1,1,0,30,30,0
2022-12-07T00:00:00Z,6.111111111,3.333333333,1.111111111,3.888888889,2.222222222,-1.111111111,99,91,81,9.6,1,0,30,30,0
2022-12-08T00:00:00Z,3.888888889,2.222222222,-0.555555556,0.555555556,-0.555555556,-2.222222222,91,82,73,13,2,0,30,30,0
2022-12-09T00:00:00Z,2.777777778,2.222222222,0.555555556,2.222222222,1.111111111,0,99,96,87,15,4,0,30,30,7.62
2022-12-10T00:00:00Z,3.333333333,2.777777778,2.222222222,3.333333333,2.222222222,1.666666667,99,96,92,8.1,1,0,30,30,0
2022-12-11T00:00:00Z,3.888888889,2.777777778,2.222222222,3.333333333,1.111111111,-0.555555556,99,89,75,7.8,1,0,30,30,0
2022-12-12T00:00:00Z,5,3.333333333,1.666666667,3.333333333,0.555555556,-1.666666667,98,84,72,11,2,0,30,30,0
2022-12-13T00:00:00Z,2.777777778,2.222222222,1.111111111,1.111111111,-0.555555556,-1.666666667,88,82,78,17,6,0,30,29,0
2022-12-14T00:00:00Z,5.555555556,3.888888889,2.777777778,5.555555556,3.333333333,0.555555556,99,97,85,19,5,0,29,29,25.4
2022-12-15T00:00:00Z,3.333333333,1.111111111,-1.111111111,2.777777778,-0.555555556,-3.888888889,99,91,79,16,4,0,29,29,2.54
2022-12-16T00:00:00Z,-1.111111111,-2.222222222,-3.888888889,-2.222222222,-4.444444444,-6.666666667,93,84,75,15,6,0,29,29,0
2022-12-17T00:00:00Z,-3.888888889,-5,-6.666666667,-6.111111111,-7.222222222,-8.888888889,85,83,80,19,6,1,29,29,0
2022-12-18T00:00:00Z,-5.555555556,-8.333333333,-10.55555556,-8.888888889,-11.11111111,-13.27777778,86,80,70,27,6,0,30,29,0
2022-12-19T00:00:00Z,-3.333333333,-7.777777778,-12.38888889,-6.666666667,-11.66666667,-14.72222222,84,73,59,6.7,1,0,30,30,0
2022-12-20T00:00:00Z,0,-3.333333333,-8.333333333,-2.777777778,-6.111111111,-11.11111111,86,81,75,9.6,2,0,30,30,0
2022-12-21T00:00:00Z,0,-5.555555556,-12.22222222,-1.666666667,-8.333333333,-15.22222222,87,82,70,9.2,2,0,30,29,0
2022-12-22T00:00:00Z,0.555555556,-7.222222222,-21.11111111,-1.666666667,-9.444444444,-24.44444444,93,85,74,23,4,0,29,29,0
2022-12-23T00:00:00Z,-18.33333333,-20.55555556,-22.77777778,-21.11111111,-23.88888889,-26.11111111,80,75,70,24,9,1,29,29,0
2022-12-24T00:00:00Z,-10,-14.44444444,-18.33333333,-15.33333333,-18.33333333,-21.66666667,80,71,61,20,7,0,29,29,0
2022-12-25T00:00:00Z,-10,-12.83333333,-16.61111111,-13.83333333,-17,-20,78,72,63,14,5,0,29,29,0
2022-12-26T00:00:00Z,-6.111111111,-8.888888889,-11.66666667,-10,-12.22222222,-14.38888889,87,76,67,7.6,1,0,30,29,0
2022-12-27T00:00:00Z,-3.888888889,-8.333333333,-12.61111111,-6.111111111,-11.11111111,-14.38888889,89,81,66,15,4,0,29,29,0
2022-12-28T00:00:00Z,7.222222222,2.222222222,-3.888888889,3.888888889,-1.111111111,-6.111111111,86,77,62,16,5,0,29,29,0
2022-12-29T00:00:00Z,14.44444444,10.55555556,6.111111111,12.77777778,8.888888889,3.888888889,97,90,85,14,5,0,29,29,0
2022-12-30T00:00:00Z,13.88888889,5,-1.666666667,12.77777778,3.333333333,-2.222222222,97,87,70,14,3,0,29,29,0
2022-12-31T00:00:00Z,3.333333333,0,-3.888888889,1.111111111,-2.222222222,-5,97,88,70,6.9,0,0,29,29,0
2023-01-01T00:00:00Z,6.666666667,4.444444444,2.222222222,5.555555556,3.888888889,1.111111111,99,96,88,8.5,1,0,29,29,2.54
2023-01-02T00:00:00Z,5,2.777777778,0,3.333333333,2.222222222,0,99,97,89,14,1,0,29,29,0
2023-01-03T00:00:00Z,5.555555556,4.444444444,3.333333333,5.555555556,4.444444444,3.333333333,99,99,99,15,2,0,29,29,20.32
2023-01-04T00:00:00Z,5.555555556,1.666666667,0.555555556,5,1.111111111,-1.111111111,99,94,88,13,3,0,29,29,0
2023-01-05T00:00:00Z,0.555555556,0,-0.555555556,0.555555556,-1.111111111,-2.777777778,99,91,84,10,3,0,29,29,0
2023-01-06T00:00:00Z,0.555555556,-1.666666667,-3.888888889,0,-3.333333333,-5.555555556,99,89,82,10,2,0,30,29,0
2023-01-07T00:00:00Z,-1.111111111,-2.222222222,-2.777777778,-2.777777778,-3.888888889,-5,92,86,81,11,1,0,30,29,0
2023-01-08T00:00:00Z,0.555555556,-1.666666667,-3.888888889,-2.777777778,-3.888888889,-5,98,87,76,15,1,0,30,29,0
2023-01-09T00:00:00Z,6.666666667,1.111111111,-3.888888889,1.666666667,-1.111111111,-5,97,85,69,12,3,0,29,29,0
2023-01-10T00:00:00Z,10.55555556,5,1.111111111,4.444444444,2.222222222,0.555555556,95,83,65,7.4,1,0,29,29,0
2023-01-11T00:00:00Z,11.66666667,6.111111111,3.333333333,6.111111111,3.888888889,2.222222222,96,86,65,8.5,0,0,29,29,0
2023-01-12T00:00:00Z,3.888888889,2.222222222,1.111111111,3.333333333,0.555555556,-1.111111111,99,88,77,19,6,0,29,29,0
2023-01-13T00:00:00Z,1.111111111,-1.666666667,-3.888888889,-0.555555556,-4.444444444,-7.222222222,92,81,74,16,6,0,30,29,0
2023-01-14T00:00:00Z,0.555555556,-3.333333333,-5,-4.444444444,-6.111111111,-7.777777778,86,80,69,10,2,0,30,29,0
2023-01-15T00:00:00Z,6.111111111,1.111111111,-3.333333333,-1.666666667,-3.888888889,-5.555555556,88,71,51,16,4,0,29,29,0
2023-01-16T00:00:00Z,10.55555556,6.111111111,3.888888889,10,2.777777778,-3.888888889,99,81,54,14,4,0,29,29,2.54
2023-01-17T00:00:00Z,9.444444444,4.444444444,2.777777778,7.777777778,2.777777778,0,95,89,84,17,6,0,29,29,0
2023-01-18T00:00:00Z,3.888888889,2.777777778,2.222222222,2.222222222,0.555555556,-0.555555556,99,88,76,20,3,0,29,29,2.54
2023-01-19T00:00:00Z,4.444444444,2.777777778,1.111111111,4.444444444,2.777777778,0,99,98,93,16,3,0,29,29,2.54
2023-01-20T00:00:00Z,1.111111111,0,-1.666666667,0,-2.777777778,-5,93,84,78,12,3,0,29,29,0
2023-01-21T00:00:00Z,-0.555555556,-2.222222222,-2.777777778,-2.222222222,-4.444444444,-5,91,84,78,9.2,2,0,29,29,0
2023-01-22T00:00:00Z,0.555555556,-1.111111111,-3.888888889,0,-1.666666667,-4.444444444,99,96,90,6.9,1,0,29,29,0
2023-01-23T00:00:00Z,-1.111111111,-2.777777778,-6.666666667,-3.333333333,-4.444444444,-7.222222222,98,87,78,24,6,0,29,29,0
2023-01-24T00:00:00Z,2.777777778,0,-2.777777778,-1.111111111,-2.222222222,-3.888888889,93,85,75,10,2,0,29,29,0
2023-01-25T00:00:00Z,0.555555556,0,-0.555555556,0.555555556,-0.555555556,-1.666666667,99,98,88,15,1,0,29,29,5.08
2023-01-26T00:00:00Z,-0.555555556,-4.444444444,-10,-1.111111111,-5.555555556,-12.22222222,99,92,83,14,4,0,29,29,0
2023-01-27T00:00:00Z,1.666666667,-4.444444444,-10.55555556,1.111111111,-6.666666667,-13,99,85,78,17,5,0,29,29,0
2023-01-28T00:00:00Z,-1.111111111,-5,-7.222222222,-1.666666667,-6.666666667,-10.55555556,99,88,75,12,2,0,29,29,0
2023-01-29T00:00:00Z,-1.111111111,-5,-8.333333333,-1.111111111,-7.222222222,-11.11111111,99,87,77,16,4,0,30,29,0
2023-01-30T00:00:00Z,-8.333333333,-12.22222222,-15.22222222,-10.55555556,-16.94444444,-20,88,66,50,19,4,0,30,30,0
2023-01-31T00:00:00Z,-10,-14.05555556,-17.38888889,-17.77777778,-19.44444444,-20.55555556,77,64,46,11,2,0,30,30,0
2023-02-01T00:00:00Z,-2.222222222,-7.777777778,-14.27777778,-8.888888889,-13.5,-18.33333333,75,63,47,14,4,0,30,29,0
2023-02-02T00:00:00Z,1.111111111,-4.444444444,-12.27777778,-5.555555556,-11.11111111,-20.55555556,73,61,44,16,6,0,30,29,0
2023-02-03T00:00:00Z,-11.11111111,-13.88888889,-17.77777778,-17.38888889,-21.11111111,-24.44444444,63,53,37,14,3,0,30,30,0
2023-02-04T00:00:00Z,5,-2.222222222,-11.66666667,-1.111111111,-7.777777778,-17.61111111,70,64,57,17,5,0,30,29,0
2023-02-05T00:00:00Z,6.111111111,2.222222222,-3.333333333,0,-1.666666667,-5,88,74,63,17,4,0,29,29,0
2023-02-06T00:00:00Z,7.777777778,1.111111111,-6.666666667,1.111111111,-2.777777778,-7.222222222,97,76,59,16,3,0,29,29,0
2023-02-07T00:00:00Z,10.55555556,3.888888889,-1.111111111,7.222222222,1.111111111,-3.333333333,88,83,64,17,5,0,29,29,0
2023-02-08T00:00:00Z,6.666666667,1.666666667,-3.888888889,1.111111111,-1.666666667,-5,96,80,57,6.9,1,0,30,29,0
2023-02-09T00:00:00Z,5,2.777777778,1.666666667,5,2.222222222,0.555555556,99,97,88,16,4,0,29,29,17.78
2023-02-10T00:00:00Z,3.333333333,0.555555556,-3.888888889,1.111111111,-5.555555556,-10.55555556,93,66,38,12,3,0,30,29,0
2023-02-11T00:00:00Z,9.444444444,1.666666667,-5,-2.777777778,-6.111111111,-10.55555556,88,61,25,13,3,0,30,29,0
2023-02-12T00:00:00Z,12.22222222,5.555555556,-1.111111111,-1.666666667,-3.333333333,-5.555555556,76,55,30,13,3,0,29,29,0
2023-02-13T00:00:00Z,11.66666667,5.555555556,1.111111111,-1.111111111,-2.777777778,-6.111111111,79,57,31,11,2,0,29,29,0
2023-02-14T00:00:00Z,12.77777778,7.777777778,1.666666667,8.888888889,2.222222222,-3.333333333,94,67,49,19,5,0,29,29,5.08
2023-02-15T00:00:00Z,10.55555556,5,0.555555556,8.888888889,2.777777778,-2.222222222,97,84,78,22,7,0,29,29,5.08
2023-02-16T00:00:00Z,1.111111111,-0.555555556,-5,0.555555556,-1.666666667,-5.555555556,99,94,83,17,5,0,29,29,2.54
2023-02-17T00:00:00Z,-2.777777778,-5.555555556,-8.888888889,-5,-8.888888889,-11.11111111,99,80,59,15,4,0,30,29,0
2023-02-18T00:00:00Z,7.222222222,2.222222222,-4.444444444,0.555555556,-3.333333333,-7.777777778,78,68,56,14,5,0,29,29,0
2023-02-19T00:00:00Z,11.11111111,6.111111111,2.777777778,2.777777778,0.555555556,-1.666666667,82,67,53,21,5,0,29,29,0
2023-02-20T00:00:00Z,6.666666667,2.222222222,-2.222222222,1.111111111,-1.111111111,-3.888888889,91,78,64,11,2,0,29,29,0
2023-02-21T00:00:00Z,4.444444444,0,-4.444444444,1.111111111,-6.666666667,-11.11111111,82,64,39,19,4,0,29,29,0
2023-02-22T00:00:00Z,1.111111111,0.555555556,0,1.111111111,-1.111111111,-3.888888889,99,90,73,16,5,0,29,29,20.32
2023-02-23T00:00:00Z,3.888888889,0,-5.555555556,3.888888889,-2.222222222,-10,99,86,65,19,5,0,30,29,0
2023-02-24T00:00:00Z,-3.333333333,-5.555555556,-7.777777778,-3.888888889,-8.888888889,-11.66666667,97,79,58,8.9,2,0,30,30,0
2023-02-25T00:00:00Z,3.333333333,-0.555555556,-3.333333333,-1.666666667,-3.333333333,-4.444444444,96,81,63,12,3,0,30,29,0
2023-02-26T00:00:00Z,8.888888889,2.222222222,-2.222222222,0,-2.222222222,-5,95,74,43,10,2,0,29,29,0
2023-02-27T00:00:00Z,13.88888889,6.111111111,2.777777778,11.11111111,3.888888889,-1.666666667,99,87,67,17,5,0,29,28,22.86
2023-02-28T00:00:00Z,11.11111111,5,2.777777778,2.222222222,0.555555556,-2.222222222,87,74,43,12,3,0,29,29,0
2023-03-01T00:00:00Z,13.33333333,7.777777778,2.777777778,7.222222222,3.888888889,0,98,78,56,12,3,0,29,29,2.54
2023-03-02T00:00:00Z,2.777777778,1.666666667,0,0.555555556,-1.111111111,-2.222222222,91,82,75,15,3,0,29,29,0
2023-03-03T00:00:00Z,2.777777778,1.666666667,0,0.555555556,0,-1.666666667,94,89,84,19,5,0,29,29,0
2023-03-04T00:00:00Z,9.444444444,3.333333333,-2.222222222,5,0.555555556,-2.777777778,99,86,50,12,2,0,29,29,0
2023-03-05T00:00:00Z,7.777777778,3.888888889,-1.111111111,2.222222222,0.555555556,-1.666666667,99,82,60,14,3,0,30,29,0
2023-03-06T00:00:00Z,12.22222222,6.111111111,2.222222222,8.333333333,3.888888889,1.111111111,95,86,75,14,3,0,29,29,2.54
2023-03-07T00:00:00Z,5.555555556,2.777777778,1.666666667,1.666666667,-1.666666667,-6.666666667,96,74,43,14,5,0,30,29,0
2023-03-08T00:00:00Z,6.111111111,3.888888889,2.222222222,0,-4.444444444,-6.666666667,79,57,42,14,4,0,30,30,0
2023-03-09T00:00:00Z,3.333333333,2.222222222,0,1.111111111,-2.222222222,-5.555555556,99,75,55,15,5,0,30,29,5.08
2023-03-10T00:00:00Z,2.222222222,0.555555556,-0.555555556,1.111111111,0,-0.555555556,99,98,86,12,3,0,29,29,5.08
2023-03-11T00:00:00Z,2.777777778,1.111111111,0,0.555555556,-1.111111111,-1.666666667,99,85,75,11,3,0,29,29,0
2023-03-12T00:00:00Z,2.777777778,0.555555556,-1.666666667,1.666666667,-0.555555556,-5.555555556,99,92,71,12,2,0,29,29,2.54
2023-03-13T00:00:00Z,-0.555555556,-1.666666667,-3.888888889,-2.777777778,-5,-8.333333333,94,80,63,22,4,0,29,29,0
2023-03-14T00:00:00Z,3.333333333,-2.777777778,-7.222222222,-6.111111111,-8.333333333,-10.55555556,84,67,40,15,2,0,30,29,0
2023-03-15T00:00:00Z,10,2.777777778,-5,0.555555556,-3.333333333,-7.222222222,88,65,46,13,3,0,30,29,0
2023-03-16T00:00:00Z,8.888888889,6.666666667,4.444444444,8.888888889,2.222222222,-2.777777778,99,75,54,13,4,0,29,29,2.54
2023-03-17T00:00:00Z,9.444444444,0.555555556,-5.555555556,8.888888889,-3.333333333,-10,99,78,59,20,6,0,29,29,2.54
2023-03-18T00:00:00Z,-4.444444444,-7.222222222,-12.22222222,-10,-12.77777778,-16.11111111,75,64,49,16,5,0,29,29,0
2023-03-19T00:00:00Z,4.444444444,-1.666666667,-7.777777778,-7.222222222,-10,-12.22222222,78,56,36,17,5,0,30,29,0
2023-03-20T00:00:00Z,11.11111111,4.444444444,-1.111111111,-1.666666667,-6.666666667,-10,59,45,23,21,6,0,29,29,0
2023-03-21T00:00:00Z,10.55555556,5.555555556,2.222222222,2.777777778,-1.111111111,-3.333333333,89,64,46,14,4,0,29,29,0
2023-03-22T00:00:00Z,11.11111111,6.666666667,3.888888889,8.333333333,5.555555556,2.222222222,99,93,81,10,2,0,29,29,0
2023-03-23T00:00:00Z,8.333333333,3.888888889,1.666666667,8.333333333,2.222222222,-0.555555556,99,88,69,11,3,0,29,29,2.54
2023-03-24T00:00:00Z,5.555555556,3.333333333,1.666666667,1.666666667,0,-2.777777778,92,80,60,14,4,0,29,29,0
2023-03-25T00:00:00Z,6.666666667,2.222222222,0,1.666666667,0,-3.888888889,99,86,49,21,5,0,29,29,15.24
2023-03-26T00:00:00Z,7.222222222,3.333333333,0,3.888888889,0.555555556,-1.666666667,97,83,65,12,2,0,29,29,0
2023-03-27T00:00:00Z,6.111111111,2.777777778,-1.111111111,2.222222222,-1.111111111,-6.111111111,97,78,48,15,3,0,30,29,0
2023-03-28T00:00:00Z,11.11111111,3.888888889,-2.777777778,0,-2.777777778,-5,86,63,42,13,2,0,30,29,0
2023-03-29T00:00:00Z,4.444444444,1.666666667,-3.888888889,-0.555555556,-5.555555556,-12.88888889,89,58,30,13,3,0,30,29,0
2023-03-30T00:00:00Z,13.88888889,3.333333333,-3.888888889,3.888888889,-3.888888889,-11.11111111,81,61,34,12,3,0,30,29,0
2023-03-31T00:00:00Z,20.55555556,14.44444444,10,16.66666667,11.11111111,2.222222222,99,80,47,25,5,0,29,29,43.18
2023-04-01T00:00:00Z,11.11111111,3.333333333,-1.111111111,5.555555556,0,-2.222222222,95,80,65,21,5,0,29,29,0
2023-04-02T00:00:00Z,12.77777778,5.555555556,-2.222222222,5,1.111111111,-3.333333333,95,74,54,14,3,0,29,29,0
2023-04-03T00:00:00Z,17.22222222,10,6.111111111,6.111111111,2.777777778,-6.111111111,99,64,21,12,3,0,29,29,0
2023-04-04T00:00:00Z,19.44444444,9.444444444,5.555555556,17.77777778,8.888888889,5.555555556,99,98,91,17,5,0,29,29,12.7
2023-04-05T00:00:00Z,21.66666667,14.44444444,3.333333333,18.33333333,10.55555556,-1.666666667,95,78,62,23,6,0,29,29,5.08
2023-04-06T00:00:00Z,11.66666667,5.555555556,-0.555555556,-1.111111111,-3.888888889,-5.555555556,76,54,33,15,4,0,30,29,0
2023-04-07T00:00:00Z,7.222222222,4.444444444,2.222222222,0.555555556,-2.222222222,-7.222222222,87,62,40,12,2,0,30,30,0
2023-04-08T00:00:00Z,17.77777778,9.444444444,2.222222222,1.111111111,0,-2.777777778,91,57,30,11,2,0,30,30,0
2023-04-09T00:00:00Z,20,12.77777778,3.888888889,1.666666667,0,-3.888888889,78,46,23,12,2,0,30,30,0
2023-04-10T00:00:00Z,21.66666667,15.55555556,8.333333333,2.777777778,1.111111111,0,57,39,25,11,2,0,30,29,0
2023-04-11T00:00:00Z,25.55555556,19.44444444,11.66666667,11.11111111,6.666666667,0.555555556,56,45,37,15,4,0,30,29,0
2023-04-12T00:00:00Z,27.77777778,21.66666667,14.44444444,11.66666667,8.333333333,6.666666667,60,45,27,19,6,0,29,29,0
2023-04-13T00:00:00Z,28.33333333,21.66666667,13.33333333,10,7.222222222,3.888888889,62,41,24,13,3,0,29,29,0
2023-04-14T00:00:00Z,28.33333333,20.55555556,10.55555556,10,6.111111111,2.777777778,68,40,28,10,2,0,29,29,0
2023-04-15T00:00:00Z,27.77777778,22.77777778,18.33333333,15.55555556,12.77777778,6.111111111,71,55,39,22,3,0,29,29,0
2023-04-16T00:00:00Z,18.88888889,8.333333333,0.555555556,13.33333333,6.111111111,0,98,89,65,21,6,0,29,29,5.08
2023-04-17T00:00:00Z,3.333333333,1.666666667,-1.111111111,0,-2.222222222,-3.333333333,97,77,63,17,6,0,29,29,0
2023-04-18T00:00:00Z,15,6.666666667,0,2.777777778,-1.111111111,-3.333333333,81,60,37,11,2,0,29,29,0
2023-04-19T00:00:00Z,13.88888889,8.888888889,6.111111111,5.555555556,2.777777778,-0.555555556,81,66,46,16,4,0,29,29,0
2023-04-20T00:00:00Z,26.66666667,17.22222222,8.333333333,16.66666667,11.66666667,5.555555556,93,72,49,17,4,0,29,29,0
2023-04-21T00:00:00Z,17.22222222,10.55555556,6.111111111,6.111111111,3.333333333,0,83,63,37,16,3,0,29,29,0
2023-04-22T00:00:00Z,7.777777778,5,2.222222222,2.777777778,-0.555555556,-2.777777778,91,70,52,17,3,0,29,29,0
2023-04-23T00:00:00Z,5,3.888888889,2.222222222,0.555555556,-1.111111111,-2.777777778,85,71,60,9.2,2,0,29,29,0
2023-04-24T00:00:00Z,11.11111111,6.111111111,1.666666667,0,-2.222222222,-3.888888889,75,57,37,11,2,0,29,29,0
2023-04-25T00:00:00Z,7.222222222,3.888888889,1.111111111,3.888888889,1.666666667,-1.666666667,98,84,59,11,3,0,30,29,7.62
2023-04-26T00:00:00Z,8.333333333,4.444444444,-1.111111111,2.222222222,0,-1.666666667,96,75,57,11,2,0,30,29,0
2023-04-27T00:00:00Z,18.33333333,10,0,3.333333333,1.111111111,-1.111111111,96,59,30,12,2,0,29,29,0
2023-04-28T00:00:00Z,15,10.55555556,6.111111111,5,2.777777778,0.555555556,75,59,41,12,2,0,29,29,0
2023-04-29T00:00:00Z,13.88888889,8.888888889,4.444444444,8.888888889,3.888888889,1.111111111,99,73,53,12,2,0,29,29,2.54
2023-04-30T00:00:00Z,8.333333333,5.555555556,3.333333333,3.888888889,2.777777778,1.666666667,95,82,64,17,4,0,29,29,2.54
2023-05-01T00:00:00Z,8.888888889,5.555555556,3.333333333,6.111111111,2.777777778,1.111111111,94,84,65,17,5,0,29,29,2.54
2023-05-02T00:00:00Z,11.66666667,8.333333333,5,3.333333333,1.666666667,0,74,62,51,16,5,0,29,29,0
2023-05-03T00:00:00Z,12.22222222,7.222222222,3.888888889,5.555555556,2.777777778,0,81,72,54,15,3,0,29,29,0
2023-05-04T00:00:00Z,22.22222222,13.33333333,3.333333333,6.111111111,4.444444444,2.222222222,92,58,31,13,2,0,29,29,0
2023-05-05T00:00:00Z,25.55555556,19.44444444,12.77777778,8.333333333,6.111111111,5,60,44,30,15,4,0,29,29,0
2023-05-06T00:00:00Z,23.33333333,18.33333333,13.88888889,16.66666667,11.66666667,6.666666667,78,65,46,14,3,0,29,29,0
2023-05-07T00:00:00Z,28.88888889,20,11.66666667,20.55555556,16.11111111,10,96,79,39,11,3,0,29,29,0
2023-05-08T00:00:00Z,14.44444444,10,8.333333333,13.88888889,9.444444444,7.777777778,99,98,93,13,2,0,29,29,5.08
2023-05-09T00:00:00Z,18.33333333,13.33333333,7.777777778,11.11111111,8.333333333,5,99,73,45,8.9,2,0,29,29,0
2023-05-10T00:00:00Z,24.44444444,16.11111111,7.222222222,11.11111111,7.777777778,5.555555556,93,61,35,10,2,0,29,29,0
2023-05-11T00:00:00Z,27.22222222,19.44444444,10,10.55555556,8.333333333,6.666666667,87,52,28,11,2,0,29,29,0
2023-05-12T00:00:00Z,24.44444444,17.77777778,13.88888889,18.88888889,13.33333333,8.333333333,95,75,55,9.2,1,0,29,29,0
2023-05-13T00:00:00Z,18.33333333,13.88888889,11.11111111,13.88888889,11.11111111,8.888888889,98,85,70,15,2,0,29,29,12.7
2023-05-14T00:00:00Z,15.55555556,12.77777778,9.444444444,9.444444444,7.222222222,3.888888889,80,71,56,12,2,0,30,29,0
2023-05-15T00:00:00Z,17.77777778,12.77777778,8.888888889,7.777777778,3.333333333,0,72,53,32,9.6,1,0,30,29,0
2023-05-16T00:00:00Z,27.22222222,15.55555556,8.333333333,11.66666667,6.666666667,3.888888889,79,59,30,15,2,0,29,29,0
2023-05-17T00:00:00Z,13.33333333,9.444444444,6.111111111,7.222222222,5,3.333333333,84,74,57,12,3,0,29,29,0
2023-05-18T00:00:00Z,21.66666667,13.88888889,4.444444444,6.111111111,3.333333333,-1.111111111,94,54,31,11,2,0,29,29,0
2023-05-19T00:00:00Z,23.33333333,17.77777778,11.66666667,17.22222222,11.11111111,3.333333333,96,66,37,11,2,0,29,29,0
2023-05-20T00:00:00Z,20.55555556,13.88888889,8.333333333,10,7.222222222,5.555555556,85,65,44,9.6,2,0,29,29,0
2023-05-21T00:00:00Z,25.55555556,18.33333333,10,10,7.777777778,5.555555556,81,52,31,11,2,0,29,29,0
2023-05-22T00:00:00Z,26.11111111,19.44444444,10,11.11111111,8.333333333,6.666666667,84,51,32,12,2,0,29,29,0
2023-05-23T00:00:00Z,29.44444444,20.55555556,11.66666667,12.77777778,8.888888889,6.666666667,80,50,30,11,1,0,29,29,0
2023-05-24T00:00:00Z,17.22222222,12.77777778,8.888888889,11.66666667,8.888888889,5.555555556,82,75,63,14,3,0,29,29,0
2023-05-25T00:00:00Z,13.88888889,10,8.333333333,6.111111111,2.777777778,-0.555555556,80,60,45,14,3,0,30,29,0
2023-05-26T00:00:00Z,18.33333333,12.77777778,7.222222222,7.777777778,2.777777778,-1.666666667,86,54,29,11,1,0,30,29,0
2023-05-27T00:00:00Z,21.11111111,14.44444444,6.111111111,7.777777778,4.444444444,0,85,54,35,9.8,2,0,30,29,0
2023-05-28T00:00:00Z,23.88888889,17.22222222,11.11111111,10.55555556,6.111111111,1.111111111,74,51,24,14,1,0,29,29,0
2023-05-29T00:00:00Z,26.66666667,18.88888889,10,11.11111111,8.333333333,6.666666667,82,53,30,10,1,0,29,29,0
2023-05-30T00:00:00Z,29.44444444,21.66666667,12.77777778,14.44444444,11.11111111,7.222222222,80,53,35,10,1,0,29,29,0
2023-05-31T00:00:00Z,31.11111111,23.88888889,17.77777778,21.11111111,16.66666667,10.55555556,82,65,45,12,1,0,29,29,0
2023-06-01T00:00:00Z,31.11111111,25,18.33333333,20,17.77777778,16.11111111,91,67,44,11,1,0,29,29,0
2023-06-02T00:00:00Z,31.11111111,23.88888889,17.77777778,17.22222222,14.44444444,10,89,58,28,10,2,0,29,29,0
2023-06-03T00:00:00Z,28.88888889,22.22222222,17.22222222,17.22222222,14.44444444,10.55555556,85,64,35,10,2,0,29,29,0
2023-06-04T00:00:00Z,22.77777778,19.44444444,15,15,10,5,82,57,32,11,2,0,29,29,0
2023-06-05T00:00:00Z,27.22222222,20,11.66666667,13.88888889,10,7.222222222,90,56,29,12,1,0,29,29,0
2023-06-06T00:00:00Z,21.66666667,17.77777778,15,16.66666667,12.22222222,7.777777778,94,72,61,10,1,0,29,29,0
2023-06-07T00:00:00Z,21.66666667,16.66666667,13.33333333,13.33333333,10,5,91,67,45,10,2,0,29,29,0
2023-06-08T00:00:00Z,21.66666667,16.66666667,11.66666667,11.66666667,7.777777778,3.888888889,89,59,32,12,2,0,29,29,0
2023-06-09T00:00:00Z,25,18.33333333,10,11.11111111,7.222222222,5,74,50,33,13,1,0,29,29,0
2023-06-10T00:00:00Z,30,22.77777778,13.33333333,12.77777778,8.333333333,5.555555556,72,42,24,10,1,0,29,29,0
2023-06-11T00:00:00Z,17.22222222,12.22222222,10.55555556,12.77777778,11.11111111,7.222222222,99,91,72,17,5,0,29,29,0
2023-06-12T00:00:00Z,21.11111111,14.44444444,8.888888889,9.444444444,7.222222222,5.555555556,86,63,39,12,3,0,29,29,0
2023-06-13T00:00:00Z,17.22222222,14.44444444,12.77777778,16.11111111,12.77777778,8.888888889,99,89,70,12,2,0,29,29,20.32
2023-06-14T00:00:00Z,21.66666667,16.66666667,13.33333333,16.66666667,14.44444444,12.77777778,99,88,71,10,1,0,29,29,0
2023-06-15T00:00:00Z,25,15.55555556,11.11111111,18.33333333,12.77777778,8.333333333,98,84,60,14,2,0,29,29,0
2023-06-16T00:00:00Z,17.22222222,13.33333333,11.11111111,13.33333333,11.11111111,8.888888889,98,88,73,13,2,0,29,29,0
2023-06-17T00:00:00Z,23.88888889,17.22222222,8.888888889,16.11111111,12.22222222,8.888888889,99,74,50,8.9,1,0,29,29,0
2023-06-18T00:00:00Z,27.77777778,21.11111111,12.22222222,16.11111111,13.33333333,11.11111111,95,65,43,14,2,0,29,29,0
2023-06-19T00:00:00Z,27.77777778,21.66666667,15.55555556,16.66666667,14.44444444,12.77777778,91,63,43,12,2,0,29,29,0
2023-06-20T00:00:00Z,25.55555556,20.55555556,15,16.11111111,13.88888889,12.77777778,87,67,52,14,2,0,29,29,0
2023-06-21T00:00:00Z,27.77777778,22.22222222,16.11111111,19.44444444,16.66666667,13.88888889,92,73,57,12,2,0,29,29,0
2023-06-22T00:00:00Z,27.22222222,21.66666667,16.66666667,17.77777778,15.55555556,13.33333333,90,68,49,11,2,0,29,29,0
2023-06-23T00:00:00Z,27.22222222,22.22222222,17.77777778,17.77777778,14.44444444,12.22222222,74,62,50,10,1,0,29,29,0
2023-06-24T00:00:00Z,31.66666667,24.44444444,16.66666667,18.33333333,16.11111111,13.88888889,86,62,38,11,2,0,29,29,0
2023-06-25T00:00:00Z,30,22.77777778,18.88888889,23.33333333,18.88888889,15,99,79,52,22,4,0,29,29,15.24
2023-06-26T00:00:00Z,22.77777778,21.11111111,18.88888889,18.33333333,17.77777778,16.11111111,94,82,72,15,3,0,29,29,0
2023-06-27T00:00:00Z,21.66666667,18.88888889,14.44444444,16.11111111,13.88888889,11.66666667,85,74,59,13,2,0,29,29,0
2023-06-28T00:00:00Z,28.33333333,20.55555556,12.22222222,16.66666667,13.88888889,10.55555556,96,69,36,12,2,0,29,29,0
2023-06-29T00:00:00Z,31.11111111,25,21.66666667,24.44444444,20.55555556,16.11111111,99,79,62,9.6,2,0,29,29,33.02
2023-06-30T00:00:00Z,31.66666667,26.11111111,21.11111111,23.33333333,21.66666667,18.88888889,99,79,50,10,1,0,29,29,0
2023-07-01T00:00:00Z,28.88888889,23.33333333,21.11111111,22.77777778,21.66666667,20,99,90,64,9.2,0,0,29,29,2.54
2023-07-02T00:00:00Z,21.11111111,19.44444444,17.22222222,21.11111111,18.33333333,15,99,96,79,12,2,0,29,29,109.22
2023-07-03T00:00:00Z,27.77777778,22.22222222,16.11111111,18.88888889,16.66666667,15,93,71,54,10,1,0,29,29,0
2023-07-04T00:00:00Z,33.33333333,26.11111111,18.33333333,22.22222222,19.44444444,16.11111111,92,68,45,9.2,1,0,29,29,0
2023-07-05T00:00:00Z,31.66666667,25,20.55555556,25.55555556,21.66666667,17.77777778,99,84,58,19,1,0,29,29,22.86
2023-07-06T00:00:00Z,25,21.11111111,17.77777778,20.55555556,18.33333333,14.44444444,99,83,63,9.8,2,0,29,29,0
2023-07-07T00:00:00Z,25,20.55555556,16.66666667,18.33333333,16.11111111,13.88888889,94,76,54,10,1,0,29,29,0
2023-07-08T00:00:00Z,23.33333333,18.88888889,16.11111111,17.77777778,16.11111111,12.77777778,99,84,54,10,1,0,29,29,2.54
2023-07-09T00:00:00Z,29.44444444,21.66666667,14.44444444,16.66666667,14.44444444,12.77777778,93,66,38,8.9,1,0,29,29,0
2023-07-10T00:00:00Z,30,23.88888889,17.22222222,18.33333333,16.11111111,13.33333333,80,62,44,11,2,0,29,29,0
2023-07-11T00:00:00Z,30,22.22222222,18.33333333,21.66666667,17.22222222,14.44444444,99,75,59,11,2,0,29,29,2.54
2023-07-12T00:00:00Z,22.22222222,18.88888889,16.66666667,21.11111111,17.77777778,14.44444444,99,92,73,15,2,0,29,29,22.86
2023-07-13T00:00:00Z,25,20,16.66666667,18.88888889,17.22222222,15.55555556,97,85,66,8.7,1,0,29,29,0
2023-07-14T00:00:00Z,32.77777778,25,18.88888889,23.88888889,20,17.77777778,99,77,46,25,2,0,29,29,5.08
2023-07-15T00:00:00Z,30,24.44444444,19.44444444,22.22222222,20,17.22222222,99,79,56,14,1,0,29,29,0
2023-07-16T00:00:00Z,27.22222222,23.33333333,18.88888889,17.77777778,16.11111111,13.88888889,87,67,49,10,2,0,29,29,0
2023-07-17T00:00:00Z,26.66666667,22.22222222,17.77777778,17.22222222,14.44444444,11.66666667,90,64,41,11,2,0,29,29,0
2023-07-18T00:00:00Z,24.44444444,20.55555556,16.11111111,16.66666667,14.44444444,12.77777778,84,68,49,10,1,0,29,29,0
2023-07-19T00:00:00Z,27.22222222,22.22222222,14.44444444,18.88888889,16.11111111,12.77777778,93,69,49,9.6,1,0,29,29,0
2023-07-20T00:00:00Z,30,24.44444444,19.44444444,22.77777778,17.77777778,15,84,67,45,14,3,0,29,29,0
2023-07-21T00:00:00Z,25.55555556,21.66666667,17.77777778,17.77777778,15.55555556,12.77777778,88,71,47,11,2,0,29,29,0
2023-07-22T00:00:00Z,29.44444444,21.66666667,15.55555556,18.88888889,15.55555556,13.33333333,89,70,42,11,1,0,29,29,0
2023-07-23T00:00:00Z,28.88888889,22.77777778,16.66666667,18.33333333,17.22222222,16.11111111,99,75,48,9.8,1,0,29,29,7.62
2023-07-24T00:00:00Z,30,23.88888889,17.77777778,20,17.77777778,16.66666667,95,71,48,9.6,1,0,29,29,0
2023-07-25T00:00:00Z,32.77777778,26.11111111,18.33333333,20.55555556,18.88888889,15.55555556,93,67,38,8.9,1,0,29,29,0
2023-07-26T00:00:00Z,31.66666667,25.55555556,20,26.66666667,22.77777778,19.44444444,99,85,70,10,2,0,29,29,17.78
2023-07-27T00:00:00Z,31.66666667,26.66666667,20.55555556,24.44444444,22.22222222,20.55555556,99,79,60,9.6,1,0,29,29,0
2023-07-28T00:00:00Z,33.88888889,26.66666667,20,26.11111111,22.77777778,20,99,81,61,18,3,0,29,29,33.02
2023-07-29T00:00:00Z,26.11111111,22.22222222,18.88888889,21.11111111,18.33333333,13.88888889,99,80,49,17,2,0,29,29,2.54
2023-07-30T00:00:00Z,25,21.66666667,17.77777778,20,16.11111111,12.22222222,90,72,53,11,1,0,29,29,0
2023-07-31T00:00:00Z,27.22222222,21.66666667,15.55555556,17.22222222,15,13.33333333,92,67,49,10,1,0,29,29,0
2023-09-01T00:00:00Z,28.33333333,21.11111111,12.77777778,16.11111111,14.44444444,10.55555556,96,67,44,8.1,1,0,29,29,0
2023-09-02T00:00:00Z,30.55555556,24.44444444,16.66666667,17.77777778,16.66666667,15,90,64,40,10,2,0,29,29,0
2023-09-03T00:00:00Z,33.33333333,27.22222222,21.11111111,21.66666667,17.77777778,13.88888889,76,58,39,12,3,0,29,29,0
2023-09-04T00:00:00Z,32.77777778,27.77777778,22.22222222,23.88888889,22.22222222,20,94,72,48,10,2,0,29,29,0
2023-09-05T00:00:00Z,32.77777778,27.22222222,23.33333333,23.33333333,21.11111111,19.44444444,92,71,49,13,3,0,29,29,0
2023-09-06T00:00:00Z,27.22222222,23.33333333,20,23.33333333,20.55555556,17.77777778,98,85,59,13,3,0,29,29,2.54
2023-09-07T00:00:00Z,20.55555556,18.33333333,17.22222222,20,16.66666667,14.44444444,99,89,79,9.6,2,0,29,29,0
2023-09-08T00:00:00Z,18.33333333,16.66666667,14.44444444,16.11111111,15,13.88888889,98,90,81,9.2,2,0,29,29,0
2023-09-09T00:00:00Z,21.66666667,16.11111111,12.22222222,16.11111111,12.77777778,11.11111111,99,81,54,11,1,0,29,29,0
2023-09-10T00:00:00Z,27.22222222,18.33333333,11.11111111,17.77777778,13.88888889,10.55555556,99,77,48,8.9,1,0,29,29,0
2023-09-11T00:00:00Z,20.55555556,17.22222222,15,17.77777778,16.11111111,13.88888889,99,95,72,6.5,1,0,29,29,20.32
2023-09-12T00:00:00Z,20.55555556,15.55555556,12.22222222,15,12.77777778,10.55555556,99,85,58,10,2,0,29,29,0
2023-09-13T00:00:00Z,19.44444444,15,11.11111111,14.44444444,12.22222222,11.11111111,99,85,62,13,1,0,29,29,0
2023-09-14T00:00:00Z,21.11111111,15,10,13.88888889,11.66666667,9.444444444,99,80,56,11,1,0,29,29,0
2023-09-15T00:00:00Z,25.55555556,17.22222222,10,14.44444444,11.66666667,8.888888889,99,73,36,8.1,1,0,29,29,0
2023-09-16T00:00:00Z,20,17.22222222,14.44444444,16.66666667,13.88888889,11.66666667,93,80,67,4.7,0,0,29,29,0
2023-09-17T00:00:00Z,18.88888889,15.55555556,12.22222222,16.66666667,14.44444444,12.22222222,99,93,73,14,2,0,29,29,22.86
2023-09-18T00:00:00Z,20,15,10.55555556,14.44444444,12.77777778,10.55555556,99,86,66,10,1,0,29,29,0
2023-09-19T00:00:00Z,18.88888889,15,11.66666667,16.11111111,13.88888889,11.66666667,99,92,76,8.9,1,0,29,29,20.32
2023-09-20T00:00:00Z,26.66666667,20.55555556,15,17.77777778,15.55555556,12.22222222,92,73,54,8.9,1,0,29,29,0
2023-09-21T00:00:00Z,25,20,17.77777778,19.44444444,17.77777778,16.11111111,96,86,58,9.2,0,0,29,29,0
2023-09-22T00:00:00Z,25.55555556,21.11111111,17.22222222,18.88888889,17.77777778,15.55555556,99,81,61,8.9,1,0,29,29,0
2023-09-23T00:00:00Z,25,21.11111111,17.77777778,17.77777778,15,12.77777778,79,68,57,13,3,0,29,29,0
2023-09-24T00:00:00Z,25,19.44444444,12.77777778,17.22222222,14.44444444,11.66666667,96,74,49,11,2,0,29,29,0
2023-09-25T00:00:00Z,22.22222222,20,17.22222222,18.33333333,16.66666667,15,98,83,71,10,3,0,29,29,2.54
2023-09-26T00:00:00Z,22.22222222,19.44444444,17.22222222,18.88888889,17.22222222,16.11111111,99,90,78,12,3,0,29,29,2.54
2023-09-27T00:00:00Z,20,18.33333333,17.22222222,17.77777778,17.22222222,16.11111111,99,93,86,10,2,0,29,29,0
2023-09-28T00:00:00Z,20,17.22222222,15,17.77777778,16.11111111,14.44444444,99,93,81,8.9,1,0,29,29,0
2023-09-29T00:00:00Z,22.77777778,17.77777778,12.77777778,17.77777778,15.55555556,12.22222222,99,88,69,8.7,1,0,29,29,0
2023-09-30T00:00:00Z,28.33333333,20.55555556,13.88888889,19.44444444,16.66666667,13.88888889,99,80,54,9.8,1,0,29,29,0
2023-10-01T00:00:00Z,28.88888889,21.66666667,15,18.33333333,16.66666667,14.44444444,97,74,48,8.9,1,0,30,29,0
2023-10-02T00:00:00Z,29.44444444,21.66666667,15,18.88888889,16.66666667,14.44444444,99,75,47,7.6,1,0,29,29,0
2023-10-03T00:00:00Z,30,22.77777778,15,17.77777778,15.55555556,13.88888889,96,67,41,11,1,0,29,29,0
2023-10-04T00:00:00Z,28.33333333,23.88888889,21.11111111,17.77777778,16.11111111,14.44444444,77,62,49,12,3,0,29,29,0
2023-10-05T00:00:00Z,22.22222222,18.88888889,15.55555556,18.33333333,15.55555556,6.666666667,99,83,53,9.2,1,0,29,29,7.62
2023-10-06T00:00:00Z,15.55555556,10.55555556,7.777777778,8.888888889,6.111111111,4.444444444,91,74,52,13,3,0,29,29,0
2023-10-07T00:00:00Z,15,9.444444444,6.111111111,6.111111111,3.888888889,1.111111111,89,69,41,14,3,0,29,29,0
2023-10-08T00:00:00Z,12.22222222,8.888888889,5.555555556,5,3.888888889,2.777777778,88,72,56,8.5,1,0,29,29,0
2023-10-09T00:00:00Z,13.88888889,8.888888889,4.444444444,3.888888889,1.666666667,-2.777777778,92,63,35,12,2,0,29,29,0
2023-10-10T00:00:00Z,17.22222222,10,3.888888889,5,2.222222222,0,80,59,38,11,1,0,29,29,0
2023-10-11T00:00:00Z,18.88888889,11.11111111,3.888888889,11.11111111,4.444444444,1.111111111,99,67,33,8.5,1,0,29,29,5.08
2023-10-12T00:00:00Z,14.44444444,13.33333333,11.11111111,12.77777778,11.66666667,11.11111111,99,92,84,13,3,0,29,29,2.54
2023-10-13T00:00:00Z,14.44444444,13.33333333,11.66666667,12.77777778,11.66666667,10,99,89,81,15,5,0,29,29,2.54
2023-10-14T00:00:00Z,12.77777778,11.11111111,8.888888889,12.22222222,10,7.777777778,99,92,75,15,5,0,29,29,22.86
2023-10-15T00:00:00Z,14.44444444,10,6.111111111,8.888888889,7.222222222,5.555555556,99,83,61,11,3,0,29,29,5.08
2023-10-16T00:00:00Z,11.66666667,9.444444444,4.444444444,8.888888889,7.222222222,4.444444444,99,87,76,11,2,0,29,29,0
2023-10-17T00:00:00Z,17.22222222,8.888888889,1.666666667,8.888888889,6.111111111,1.666666667,99,83,53,10,1,0,29,29,0
2023-10-18T00:00:00Z,18.88888889,12.77777778,6.111111111,11.66666667,8.333333333,5,97,78,58,11,2,0,29,29,0
2023-10-19T00:00:00Z,15,12.77777778,10.55555556,12.77777778,11.66666667,10.55555556,99,93,80,10,2,0,29,29,0
2023-10-20T00:00:00Z,13.88888889,11.11111111,6.666666667,11.11111111,8.333333333,5.555555556,98,84,63,13,2,0,29,29,0
2023-10-21T00:00:00Z,16.66666667,10.55555556,5.555555556,11.11111111,8.333333333,5,99,87,65,15,3,0,29,29,0
2023-10-22T00:00:00Z,15,8.333333333,3.888888889,7.222222222,5,2.222222222,99,81,53,10,2,0,29,29,0
2023-10-23T00:00:00Z,18.88888889,11.66666667,4.444444444,8.333333333,6.111111111,4.444444444,99,71,43,12,2,0,29,29,0
2023-10-24T00:00:00Z,27.77777778,20,14.44444444,17.77777778,13.33333333,7.777777778,72,64,54,15,4,0,29,29,0
2023-10-25T00:00:00Z,19.44444444,16.66666667,15,17.22222222,15.55555556,12.77777778,99,92,68,9.2,1,0,29,29,0
2023-10-26T00:00:00Z,21.11111111,18.33333333,16.66666667,18.33333333,17.22222222,15,99,92,76,12,3,0,29,29,2.54
2023-10-27T00:00:00Z,21.66666667,16.66666667,7.222222222,19.44444444,15.55555556,5,98,92,83,14,3,0,29,29,0
2023-10-28T00:00:00Z,9.444444444,6.666666667,2.777777778,6.111111111,2.777777778,0.555555556,88,78,69,12,3,0,29,29,0
2023-10-29T00:00:00Z,7.222222222,5.555555556,2.777777778,4.444444444,3.333333333,0,92,86,79,12,4,0,29,29,0
2023-10-30T00:00:00Z,6.111111111,1.666666667,-1.666666667,0,-5,-8.333333333,80,61,38,13,2,0,29,29,0
2023-10-31T00:00:00Z,1.666666667,-0.555555556,-2.777777778,0.555555556,-3.333333333,-6.111111111,99,82,61,20,3,0,29,29,0
2023-11-01T00:00:00Z,4.444444444,1.111111111,-3.888888889,0,-2.777777778,-4.444444444,99,78,58,10,2,0,30,29,0
2023-11-02T00:00:00Z,12.77777778,6.666666667,0,2.222222222,-1.111111111,-3.333333333,79,60,42,13,3,0,29,29,0
2023-11-03T00:00:00Z,13.33333333,9.444444444,7.222222222,7.777777778,3.333333333,0.555555556,92,66,54,13,3,0,29,29,0
2023-11-04T00:00:00Z,12.22222222,7.777777778,2.777777778,8.888888889,6.111111111,2.777777778,99,89,75,9.2,1,0,29,29,0
2023-11-05T00:00:00Z,15.55555556,8.888888889,1.111111111,6.666666667,4.444444444,1.111111111,99,74,50,11,1,0,29,29,0
2023-11-06T00:00:00Z,21.11111111,15.55555556,11.66666667,13.33333333,8.333333333,3.333333333,78,64,52,17,5,0,29,29,0
2023-11-07T00:00:00Z,12.77777778,8.333333333,6.111111111,7.777777778,5,3.333333333,89,80,69,12,3,0,29,29,0
2023-11-08T00:00:00Z,12.22222222,10,7.777777778,11.11111111,8.333333333,6.111111111,99,91,80,13,3,0,29,29,2.54
2023-11-09T00:00:00Z,13.33333333,8.888888889,4.444444444,7.777777778,1.666666667,-1.666666667,93,63,36,15,3,0,29,29,0
2023-11-10T00:00:00Z,7.777777778,4.444444444,0,1.111111111,-0.555555556,-2.222222222,86,71,53,11,2,0,30,29,0
2023-11-11T00:00:00Z,11.11111111,5,-2.222222222,3.333333333,0,-3.333333333,95,72,50,7.4,1,0,30,30,0
2023-11-12T00:00:00Z,14.44444444,9.444444444,5,2.222222222,0.555555556,-0.555555556,69,56,42,13,3,0,30,29,0
2023-11-13T00:00:00Z,17.22222222,10,2.777777778,2.777777778,-0.555555556,-5,79,52,23,12,2,0,30,29,0
2023-11-14T00:00:00Z,16.66666667,8.333333333,-1.111111111,0,-1.666666667,-2.777777778,88,53,27,13,1,0,30,29,0
2023-11-15T00:00:00Z,18.33333333,10.55555556,6.111111111,6.111111111,2.777777778,-1.111111111,84,58,43,10,2,0,29,29,0
2023-11-16T00:00:00Z,19.44444444,13.33333333,6.666666667,12.77777778,7.777777778,2.777777778,88,70,51,16,3,0,29,29,0
2023-11-17T00:00:00Z,15,7.777777778,0,12.77777778,3.888888889,-3.888888889,92,76,63,15,3,0,29,29,0
2023-11-18T00:00:00Z,12.22222222,5,-1.666666667,-1.111111111,-3.333333333,-5,83,58,35,13,2,0,29,29,0
2023-11-19T00:00:00Z,11.11111111,6.666666667,1.666666667,5,2.222222222,-1.666666667,87,74,62,8.1,1,0,29,29,0
2023-11-20T00:00:00Z,8.333333333,7.222222222,5,6.111111111,3.333333333,2.222222222,96,77,68,15,5,0,29,29,0
2023-11-21T00:00:00Z,6.111111111,4.444444444,1.666666667,5.555555556,3.333333333,0.555555556,99,94,85,14,3,0,29,29,10.16
2023-11-22T00:00:00Z,7.222222222,3.888888889,0.555555556,2.777777778,1.111111111,0,99,85,67,13,3,0,30,29,0
2023-11-23T00:00:00Z,7.222222222,3.333333333,0.555555556,1.666666667,-0.555555556,-5,87,76,60,12,3,0,30,29,0
2023-11-24T00:00:00Z,0.555555556,-1.666666667,-3.888888889,-4.444444444,-7.222222222,-10,73,68,64,13,4,0,30,30,0
2023-11-25T00:00:00Z,3.333333333,-1.111111111,-3.888888889,-4.444444444,-6.666666667,-9.444444444,78,65,49,8.1,1,0,30,30,0
2023-11-26T00:00:00Z,0.555555556,-1.111111111,-2.777777778,0,-2.222222222,-5,98,90,73,13,1,0,30,29,0
2023-11-27T00:00:00Z,-2.222222222,-5.555555556,-8.333333333,-4.444444444,-9.444444444,-12.22222222,87,74,66,16,4,0,30,29,0
2023-11-28T00:00:00Z,-4.444444444,-7.777777778,-10.55555556,-10.55555556,-12.44444444,-14.77777778,81,69,57,14,4,0,30,30,0
2023-11-29T00:00:00Z,4.444444444,-0.555555556,-6.666666667,-1.111111111,-5,-10.55555556,86,75,66,13,4,0,30,29,0
2023-11-30T00:00:00Z,11.11111111,6.111111111,-0.555555556,6.111111111,2.222222222,-2.222222222,94,80,64,17,3,0,29,29,0
2023-12-01T00:00:00Z,6.111111111,5,3.888888889,5.555555556,4.444444444,3.333333333,99,97,85,11,2,0,29,29,15.24
2023-12-02T00:00:00Z,5,4.444444444,3.333333333,3.888888889,3.333333333,2.777777778,99,94,88,7.6,1,0,30,29,0
2023-12-03T00:00:00Z,4.444444444,3.333333333,1.666666667,3.888888889,2.222222222,0.555555556,99,95,90,11,2,0,29,29,7.62
2023-12-04T00:00:00Z,3.888888889,2.222222222,0.555555556,1.111111111,-0.555555556,-1.666666667,98,84,69,10,2,0,30,29,0
2023-12-05T00:00:00Z,4.444444444,1.666666667,-0.555555556,2.777777778,0.555555556,-2.777777778,99,93,82,11,2,0,30,29,2.54
2023-12-06T00:00:00Z,3.888888889,1.666666667,-1.111111111,1.111111111,-1.111111111,-2.777777778,89,81,73,16,3,0,30,29,0
2023-12-07T00:00:00Z,11.66666667,6.666666667,2.222222222,6.666666667,2.777777778,-0.555555556,89,77,61,15,3,0,29,29,0
2023-12-08T00:00:00Z,13.33333333,10,6.666666667,10,6.666666667,3.888888889,92,80,71,15,4,0,29,29,0
2023-12-09T00:00:00Z,11.66666667,7.222222222,1.111111111,11.66666667,4.444444444,-2.222222222,99,82,67,19,6,0,29,29,5.08
2023-12-10T00:00:00Z,1.111111111,0,-2.222222222,-1.111111111,-2.777777778,-5,86,81,76,14,3,0,30,29,0
2023-12-11T00:00:00Z,2.222222222,-0.555555556,-2.777777778,-1.111111111,-4.444444444,-6.666666667,85,77,68,10,3,0,30,30,0
2023-12-12T00:00:00Z,3.333333333,0,-2.777777778,-1.666666667,-4.444444444,-7.222222222,86,72,57,11,3,0,30,30,0
2023-12-13T00:00:00Z,5.555555556,0,-6.666666667,-6.666666667,-8.888888889,-15.27777778,85,56,24,9.8,2,0,30,30,0
2023-12-14T00:00:00Z,11.11111111,4.444444444,-0.555555556,1.111111111,-2.222222222,-7.222222222,84,64,48,13,2,0,30,30,0
2023-12-15T00:00:00Z,12.22222222,6.111111111,0,0.555555556,0,-1.666666667,93,66,41,11,1,0,30,30,0
2023-12-16T00:00:00Z,7.777777778,6.111111111,5,6.666666667,3.333333333,-0.555555556,99,82,56,12,3,0,30,29,2.54
2023-12-17T00:00:00Z,6.111111111,4.444444444,1.666666667,6.111111111,3.888888889,0,99,94,87,13,3,0,29,29,0
2023-12-18T00:00:00Z,2.222222222,-2.222222222,-7.222222222,0.555555556,-7.222222222,-10.55555556,90,69,54,22,6,0,30,29,0
2023-12-19T00:00:00Z,0,-3.888888889,-8.888888889,-5,-8.888888889,-11.66666667,83,69,51,11,3,0,30,30,0
2023-12-20T00:00:00Z,7.777777778,1.666666667,-1.111111111,1.111111111,-3.333333333,-5.555555556,90,71,47,7.8,1,0,30,30,0
2023-12-21T00:00:00Z,7.777777778,5,1.666666667,4.444444444,1.666666667,-0.555555556,93,81,56,6,1,0,30,30,0
2023-12-22T00:00:00Z,6.666666667,6.111111111,5.555555556,6.666666667,5,3.333333333,99,92,82,6,1,0,30,30,12.7
2023-12-23T00:00:00Z,8.333333333,6.666666667,6.111111111,7.777777778,6.666666667,6.111111111,99,99,97,4.7,0,0,30,30,0
2023-12-24T00:00:00Z,12.77777778,10,8.333333333,10.55555556,9.444444444,7.777777778,99,97,85,10,2,0,30,29,0
2023-12-25T00:00:00Z,13.88888889,11.11111111,9.444444444,11.66666667,10,7.777777778,99,91,75,15,4,0,30,29,5.08
2023-12-26T00:00:00Z,10,3.888888889,-1.666666667,10,2.777777778,-1.666666667,99,93,81,12,2,0,30,29,0
2023-12-27T00:00:00Z,5,2.222222222,-2.222222222,2.777777778,0.555555556,-2.222222222,99,90,80,12,2,0,30,29,0
2023-12-28T00:00:00Z,5,3.333333333,1.666666667,5,2.777777778,-0.555555556,99,95,83,14,4,0,29,29,7.62
2023-12-29T00:00:00Z,5,2.777777778,-1.666666667,4.444444444,2.222222222,-1.666666667,99,99,94,12,3,0,29,29,2.54
2023-12-30T00:00:00Z,2.777777778,0,-2.777777778,1.666666667,-0.555555556,-2.777777778,99,96,91,11,2,0,29,29,0
2023-12-31T00:00:00Z,1.666666667,0,-1.111111111,0.555555556,-1.111111111,-2.222222222,99,93,83,16,4,0,30,29,0