"chamber","gas","estimate","p.value","date","average_temp_kelvin","ecosystem_name","ecosystem_block","rep","total_vol_m3","flux","units","term","std.error","statistic","soil_moist_percent","soil_temp_c","plant_cover_percent","plant_biomass_g"
"1","SW 1-1","co2",NA,NA,2023-03-22,273,"SW",1,1,0.006385043,NA,"umol_m2_s1",NA,NA,NA,NA,NA,NA,NA
"2","SW 1-3","co2",NA,NA,2023-03-22,273,"SW",1,3,0.006955088,NA,"umol_m2_s1",NA,NA,NA,NA,NA,NA,NA
"3","SW 1-4","co2",NA,NA,2023-03-22,273,"SW",1,4,0.01012201,NA,"umol_m2_s1",NA,NA,NA,NA,NA,NA,NA
"4","SW 2-1","co2",5.56637254094543,0.0145654143174512,2023-03-22,285.7,"SW",2,1,0.007588473,0.598660223238644,"umol_m2_s1",NA,NA,NA,55.2,6.3,NA,NA
"5","SW 2-3","co2",2.07315815912429,0.00897334561097,2023-03-22,285.9,"SW",2,3,0.007081765,0.207933168971085,"umol_m2_s1",NA,NA,NA,57.2,6.8,NA,NA
"6","SW 2-4","co2",5.57302533119474,0.000763110204158763,2023-03-22,285.6,"SW",2,4,0.008538549,0.674653643948685,"umol_m2_s1",NA,NA,NA,56.1,5.9,NA,NA
"7","UP 1-1","co2",5.37903161511282,0.00170641921717962,2023-03-22,286.1,"UP",1,1,0.009171934,0.698250316772255,"umol_m2_s1",NA,NA,NA,53.3,5.2,NA,NA
"8","UP 1-2","co2",4.85530607224886,0.0192482945128147,2023-03-22,285.85,"UP",1,2,0.009551964,0.656954171024571,"umol_m2_s1",NA,NA,NA,52.4,4.9,NA,NA
"9","UP 1-3","co2",4.39060293005558,0.0153062101673397,2023-03-22,285.7,"UP",1,3,0.007968503,0.49585494012627,"umol_m2_s1",NA,NA,NA,54.7,4.9,NA,NA
"10","UP 1-4","co2",3.93392812911974,0.0672077759289488,2023-03-22,285.95,"UP",1,4,0.007905165,0.440363425130565,"umol_m2_s1",NA,NA,NA,54.1,4.8,NA,NA
"11","UP 2-1","co2",3.1890148523068,0.00995517711248416,2023-03-22,286.25,"UP",2,1,0.00891858,0.402319182625064,"umol_m2_s1",NA,NA,NA,49.1,5.3,NA,NA
"12","UP 2-2","co2",1.76477388839596,0.0301210456581162,2023-03-22,286.45,"UP",2,2,0.006765073,0.168762795789001,"umol_m2_s1",NA,NA,NA,48.9,5.7,NA,NA
"13","UP 2-3","co2",2.65818012194719,0.0212392737234014,2023-03-22,285.85,"UP",2,3,0.008981918,0.338204418156526,"umol_m2_s1",NA,NA,NA,49.2,5.4,NA,NA
"14","UP 2-4","co2",3.17442225997616,0.0096244494020055,2023-03-22,286.05,"UP",2,4,0.008475211,0.380835341827555,"umol_m2_s1",NA,NA,NA,43.1,5.3,NA,NA
"15","SW 1-1","ch4",NA,NA,2023-03-22,273,"SW",1,1,0.006385043,NA,"nmol_m2_s1",NA,NA,NA,NA,NA,NA,NA
"16","SW 1-3","ch4",NA,NA,2023-03-22,273,"SW",1,3,0.006955088,NA,"nmol_m2_s1",NA,NA,NA,NA,NA,NA,NA
"17","SW 1-4","ch4",NA,NA,2023-03-22,273,"SW",1,4,0.01012201,NA,"nmol_m2_s1",NA,NA,NA,NA,NA,NA,NA
"18","SW 2-1","ch4",7.76632293130812e-05,0.96295483157069,2023-03-22,285.7,"SW",2,1,0.007588473,0.00835263645327381,"nmol_m2_s1",NA,NA,NA,55.2,6.3,NA,NA
"19","SW 2-3","ch4",0.00138777441587867,0.00351563710974887,2023-03-22,285.9,"SW",2,3,0.007081765,0.139190698423385,"nmol_m2_s1",NA,NA,NA,57.2,6.8,NA,NA
"20","SW 2-4","ch4",0.00112758111640099,0.394896291793569,2023-03-22,285.6,"SW",2,4,0.008538549,0.136501570299622,"nmol_m2_s1",NA,NA,NA,56.1,5.9,NA,NA
"21","UP 1-1","ch4",0.00241975722368866,0.000784960580644459,2023-03-22,286.1,"UP",1,1,0.009171934,0.314107885740159,"nmol_m2_s1",NA,NA,NA,53.3,5.2,NA,NA
"22","UP 1-2","ch4",0.00205045079211516,0.0321630735171703,2023-03-22,285.85,"UP",1,2,0.009551964,0.277439193392965,"nmol_m2_s1",NA,NA,NA,52.4,4.9,NA,NA
"23","UP 1-3","ch4",-0.00064186521435579,0.509491145049648,2023-03-22,285.7,"UP",1,3,0.007968503,-0.0724893693426058,"nmol_m2_s1",NA,NA,NA,54.7,4.9,NA,NA
"24","UP 1-4","ch4",0.000499973613680539,0.70109421506063,2023-03-22,285.95,"UP",1,4,0.007905165,0.0559669840853278,"nmol_m2_s1",NA,NA,NA,54.1,4.8,NA,NA
"25","UP 2-1","ch4",0.000187161643865859,0.813230165469228,2023-03-22,286.25,"UP",2,1,0.00891858,0.0236119062049547,"nmol_m2_s1",NA,NA,NA,49.1,5.3,NA,NA
"26","UP 2-2","ch4",0.00233287372769463,0.0543309020585019,2023-03-22,286.45,"UP",2,2,0.006765073,0.223089368613844,"nmol_m2_s1",NA,NA,NA,48.9,5.7,NA,NA
"27","UP 2-3","ch4",0.00244122211937378,0.050413646313778,2023-03-22,285.85,"UP",2,3,0.008981918,0.310600511852768,"nmol_m2_s1",NA,NA,NA,49.2,5.4,NA,NA
"28","UP 2-4","ch4",-0.000482247562987835,0.402073070301111,2023-03-22,286.05,"UP",2,4,0.008475211,-0.0578552254410405,"nmol_m2_s1",NA,NA,NA,43.1,5.3,NA,NA
"29","SW 1-1","n2o",NA,NA,2023-03-22,273,"SW",1,1,0.006385043,NA,"nmol_m2_s1",NA,NA,NA,NA,NA,NA,NA
"30","SW 1-3","n2o",NA,NA,2023-03-22,273,"SW",1,3,0.006955088,NA,"nmol_m2_s1",NA,NA,NA,NA,NA,NA,NA
"31","SW 1-4","n2o",NA,NA,2023-03-22,273,"SW",1,4,0.01012201,NA,"nmol_m2_s1",NA,NA,NA,NA,NA,NA,NA
"32","SW 2-1","n2o",0.000608146296533644,0.0280559578775978,2023-03-22,285.7,"SW",2,1,0.007588473,0.0654057907490951,"nmol_m2_s1",NA,NA,NA,55.2,6.3,NA,NA
"33","SW 2-3","n2o",0.000449615343524525,0.0472146783923786,2023-03-22,285.9,"SW",2,3,0.007081765,0.0450954225492223,"nmol_m2_s1",NA,NA,NA,57.2,6.8,NA,NA
"34","SW 2-4","n2o",0.000501766436228343,0.182067434325069,2023-03-22,285.6,"SW",2,4,0.008538549,0.060742331946305,"nmol_m2_s1",NA,NA,NA,56.1,5.9,NA,NA
"35","UP 1-1","n2o",0.000606199925152195,0.00870283242627883,2023-03-22,286.1,"UP",1,1,0.009171934,0.0786906120007923,"nmol_m2_s1",NA,NA,NA,53.3,5.2,NA,NA
"36","UP 1-2","n2o",0.000555622348694224,0.00962252694338914,2023-03-22,285.85,"UP",1,2,0.009551964,0.0751792809881646,"nmol_m2_s1",NA,NA,NA,52.4,4.9,NA,NA
"37","UP 1-3","n2o",0.000554735531537203,0.0368131082417398,2023-03-22,285.7,"UP",1,3,0.007968503,0.0626493349907213,"nmol_m2_s1",NA,NA,NA,54.7,4.9,NA,NA
"38","UP 1-4","n2o",0.000484144947068367,0.101748148877803,2023-03-22,285.95,"UP",1,4,0.007905165,0.0541951251149034,"nmol_m2_s1",NA,NA,NA,54.1,4.8,NA,NA
"39","UP 2-1","n2o",0.000445212814555447,0.0752050913689798,2023-03-22,286.25,"UP",2,1,0.00891858,0.0561670810396463,"nmol_m2_s1",NA,NA,NA,49.1,5.3,NA,NA
"40","UP 2-2","n2o",0.000333101938777245,0.146177406467636,2023-03-22,286.45,"UP",2,2,0.006765073,0.0318540606478939,"nmol_m2_s1",NA,NA,NA,48.9,5.7,NA,NA
"41","UP 2-3","n2o",0.000510606646996445,0.00455570771217633,2023-03-22,285.85,"UP",2,3,0.008981918,0.0649652830252103,"nmol_m2_s1",NA,NA,NA,49.2,5.4,NA,NA
"42","UP 2-4","n2o",0.000273758449652509,0.215246111828171,2023-03-22,286.05,"UP",2,4,0.008475211,0.0328427928653631,"nmol_m2_s1",NA,NA,NA,43.1,5.3,NA,NA
"43","SW 1-1","co2",34.6989370923929,6.58818268143882e-05,2023-06-02,312.1,"SW",1,1,0.006385043,2.87441989859101,"umol_m2_s1",NA,NA,NA,NA,NA,NA,NA
"44","SW 1-2","co2",32.6716039035334,0.00230577360920442,2023-06-02,312.1,"SW",1,2,0.007651811,3.24343278569023,"umol_m2_s1",NA,NA,NA,NA,NA,NA,NA
"45","SW 1-3","co2",34.8149281422434,9.92961412930545e-05,2023-06-02,311.55,"SW",1,3,0.006955088,3.14705518319785,"umol_m2_s1",NA,NA,NA,NA,NA,NA,NA
"46","SW 1-4","co2",43.9213407074895,3.97972668403508e-06,2023-06-02,312.6,"SW",1,4,0.01012201,5.75860590620229,"umol_m2_s1",NA,NA,NA,NA,NA,NA,NA
"47","SW 2-1","co2",48.7437176971437,0.0296737289599716,2023-06-02,308.55,"SW",2,1,0.007588473,4.85413078959247,"umol_m2_s1",NA,NA,NA,NA,NA,NA,NA
"48","SW 2-2","co2",35.0429765813477,0.00168475618804622,2023-06-02,309.5,"SW",2,2,0.007145104,3.27576600033331,"umol_m2_s1",NA,NA,NA,NA,NA,NA,NA
"49","SW 2-3","co2",23.834809167669,0.000597438436356995,2023-06-02,310.25,"SW",2,3,0.007081765,2.20295376034906,"umol_m2_s1",NA,NA,NA,NA,NA,NA,NA
"50","SW 2-4","co2",45.1292491155099,0.0014296822236309,2023-06-02,310,"SW",2,4,0.008538549,5.03320327107066,"umol_m2_s1",NA,NA,NA,NA,NA,NA,NA
"51","UP 1-1","co2",32.9194647290463,0.000388070721381175,2023-06-02,309.25,"UP",1,1,0.009171934,3.95337452149689,"umol_m2_s1",NA,NA,NA,NA,NA,NA,NA
"52","UP 1-2","co2",28.5738955733215,0.00074800108592709,2023-06-02,309.8,"UP",1,2,0.009551964,3.56734159904661,"umol_m2_s1",NA,NA,NA,NA,NA,NA,NA
"53","UP 1-3","co2",29.1225748479589,0.00126318081831305,2023-06-02,309.8,"UP",1,3,0.007968503,3.03311640918058,"umol_m2_s1",NA,NA,NA,NA,NA,NA,NA
"54","UP 1-4","co2",29.1401072225216,0.000759405944427994,2023-06-02,310.35,"UP",1,4,0.007905165,3.00548328016345,"umol_m2_s1",NA,NA,NA,NA,NA,NA,NA
"55","UP 2-1","co2",26.3172890010665,0.000225124554616898,2023-06-02,309,"UP",2,1,0.00891858,3.0756886072235,"umol_m2_s1",NA,NA,NA,NA,NA,NA,NA
"56","UP 2-2","co2",26.6115218157917,0.00146180890147641,2023-06-02,308.7,"UP",2,2,0.006765073,2.36139995277793,"umol_m2_s1",NA,NA,NA,NA,NA,NA,NA
"57","UP 2-3","co2",14.6761073326784,0.0326193175825818,2023-06-02,308.55,"UP",2,3,0.008981918,1.7298896322091,"umol_m2_s1",NA,NA,NA,NA,NA,NA,NA
"58","UP 2-4","co2",36.430471269527,0.000710193625380082,2023-06-02,310.4,"UP",2,4,0.008475211,4.02770428884571,"umol_m2_s1",NA,NA,NA,NA,NA,NA,NA
"59","SW 1-1","ch4",0.00130178901267736,0.489176381426643,2023-06-02,312.1,"SW",1,1,0.006385043,0.107838699261693,"nmol_m2_s1",NA,NA,NA,NA,NA,NA,NA
"60","SW 1-2","ch4",-0.00763349574332692,0.271232615750704,2023-06-02,312.1,"SW",1,2,0.007651811,-0.757805782551611,"nmol_m2_s1",NA,NA,NA,NA,NA,NA,NA
"61","SW 1-3","ch4",-0.00108163697101822,0.760648125717228,2023-06-02,311.55,"SW",1,3,0.006955088,-0.0977733236177799,"nmol_m2_s1",NA,NA,NA,NA,NA,NA,NA
"62","SW 1-4","ch4",0.0118789819519957,0.0252514158652173,2023-06-02,312.6,"SW",1,4,0.01012201,1.55747467009285,"nmol_m2_s1",NA,NA,NA,NA,NA,NA,NA
"63","SW 2-1","ch4",-0.00515800605756823,0.261621267169363,2023-06-02,308.55,"SW",2,1,0.007588473,-0.513658727725923,"nmol_m2_s1",NA,NA,NA,NA,NA,NA,NA
"64","SW 2-2","ch4",-0.0061684968532024,0.0494027744143928,2023-06-02,309.5,"SW",2,2,0.007145104,-0.576622029181128,"nmol_m2_s1",NA,NA,NA,NA,NA,NA,NA
"65","SW 2-3","ch4",-0.00942418209972757,0.0935345029978198,2023-06-02,310.25,"SW",2,3,0.007081765,-0.871038540680691,"nmol_m2_s1",NA,NA,NA,NA,NA,NA,NA
"66","SW 2-4","ch4",-0.0121270711308714,0.0537427456492731,2023-06-02,310,"SW",2,4,0.008538549,-1.35251561416809,"nmol_m2_s1",NA,NA,NA,NA,NA,NA,NA
"67","UP 1-1","ch4",-0.00587851998867842,0.386373353050272,2023-06-02,309.25,"UP",1,1,0.009171934,-0.705965037361188,"nmol_m2_s1",NA,NA,NA,NA,NA,NA,NA
"68","UP 1-2","ch4",-0.00687107299275187,0.00556292655066563,2023-06-02,309.8,"UP",1,2,0.009551964,-0.857827188954067,"nmol_m2_s1",NA,NA,NA,NA,NA,NA,NA
"69","UP 1-3","ch4",-0.00964660157270103,0.0235809508706378,2023-06-02,309.8,"UP",1,3,0.007968503,-1.00469363288588,"nmol_m2_s1",NA,NA,NA,NA,NA,NA,NA
"70","UP 1-4","ch4",-0.011196456359774,0.0677353133994225,2023-06-02,310.35,"UP",1,4,0.007905165,-1.15479198924748,"nmol_m2_s1",NA,NA,NA,NA,NA,NA,NA
"71","UP 2-1","ch4",0.00421304155422209,0.140570662957575,2023-06-02,309,"UP",2,1,0.00891858,0.492376091988614,"nmol_m2_s1",NA,NA,NA,NA,NA,NA,NA
"72","UP 2-2","ch4",-0.00223308873402283,0.457520697310044,2023-06-02,308.7,"UP",2,2,0.006765073,-0.198155357952555,"nmol_m2_s1",NA,NA,NA,NA,NA,NA,NA
"73","UP 2-3","ch4",-0.00405078769895001,0.219088508658544,2023-06-02,308.55,"UP",2,3,0.008981918,-0.477470999894556,"nmol_m2_s1",NA,NA,NA,NA,NA,NA,NA
"74","UP 2-4","ch4",0.00231465743532585,0.389222053115576,2023-06-02,310.4,"UP",2,4,0.008475211,0.255905437250512,"nmol_m2_s1",NA,NA,NA,NA,NA,NA,NA
"75","SW 1-1","n2o",0.00125817680999923,0.125105886089376,2023-06-02,312.1,"SW",1,1,0.006385043,0.104225914729832,"nmol_m2_s1",NA,NA,NA,NA,NA,NA,NA
"76","SW 1-2","n2o",0.00183370629304797,0.0325722896303103,2023-06-02,312.1,"SW",1,2,0.007651811,0.182038908397609,"nmol_m2_s1",NA,NA,NA,NA,NA,NA,NA
"77","SW 1-3","n2o",0.00298560874402743,0.0156430097316262,2023-06-02,311.55,"SW",1,3,0.006955088,0.269880651038647,"nmol_m2_s1",NA,NA,NA,NA,NA,NA,NA
"78","SW 1-4","n2o",0.00130703616472687,0.0145490017602918,2023-06-02,312.6,"SW",1,4,0.01012201,0.171367860283297,"nmol_m2_s1",NA,NA,NA,NA,NA,NA,NA
"79","SW 2-1","n2o",0.00148762446659273,0.255909874433553,2023-06-02,308.55,"SW",2,1,0.007588473,0.148144705980479,"nmol_m2_s1",NA,NA,NA,NA,NA,NA,NA
"80","SW 2-2","n2o",0.000163940246590581,0.842470564278604,2023-06-02,309.5,"SW",2,2,0.007145104,0.0153248935523796,"nmol_m2_s1",NA,NA,NA,NA,NA,NA,NA
"81","SW 2-3","n2o",-0.000621745860994553,0.279968826519817,2023-06-02,310.25,"SW",2,3,0.007081765,-0.0574654226440096,"nmol_m2_s1",NA,NA,NA,NA,NA,NA,NA
"82","SW 2-4","n2o",4.65393055204858e-05,0.75148457270996,2023-06-02,310,"SW",2,4,0.008538549,0.00519046492839966,"nmol_m2_s1",NA,NA,NA,NA,NA,NA,NA
"83","UP 1-1","n2o",0.000403607737503415,0.516924827260259,2023-06-02,309.25,"UP",1,1,0.009171934,0.0484701850184437,"nmol_m2_s1",NA,NA,NA,NA,NA,NA,NA
"84","UP 1-2","n2o",0.000447525237091936,0.0300913239341787,2023-06-02,309.8,"UP",1,2,0.009551964,0.0558718145660137,"nmol_m2_s1",NA,NA,NA,NA,NA,NA,NA
"85","UP 1-3","n2o",0.000178486614269521,0.687891575305517,2023-06-02,309.8,"UP",1,3,0.007968503,0.018589382339519,"nmol_m2_s1",NA,NA,NA,NA,NA,NA,NA
"86","UP 1-4","n2o",0.000304704962257147,0.385404591261938,2023-06-02,310.35,"UP",1,4,0.007905165,0.0314269835197759,"nmol_m2_s1",NA,NA,NA,NA,NA,NA,NA
"87","UP 2-1","n2o",0.00095463840040157,0.033711176577386,2023-06-02,309,"UP",2,1,0.00891858,0.111568119801936,"nmol_m2_s1",NA,NA,NA,NA,NA,NA,NA
"88","UP 2-2","n2o",0.00070848135447398,0.0577268581665576,2023-06-02,308.7,"UP",2,2,0.006765073,0.0628678002175023,"nmol_m2_s1",NA,NA,NA,NA,NA,NA,NA
"89","UP 2-3","n2o",0.000182891937792915,0.600166573545067,2023-06-02,308.55,"UP",2,3,0.008981918,0.0215576828262986,"nmol_m2_s1",NA,NA,NA,NA,NA,NA,NA
"90","UP 2-4","n2o",0.000144630738149516,0.374603816929875,2023-06-02,310.4,"UP",2,4,0.008475211,0.0159901814070408,"nmol_m2_s1",NA,NA,NA,NA,NA,NA,NA
"91","SW 1-1","co2",30.6144273131288,0.00166000254814109,2023-06-15,305.5,"SW",1,1,0.006385043,2.59085276309204,"umol_m2_s1","min_elapsed",2.81289462066685,10.8836026377238,NA,NA,NA,NA
"92","SW 1-2","co2",29.4376162509452,0.000202617915019231,2023-06-15,303.05,"SW",1,2,0.007651811,3.00965397573059,"umol_m2_s1","min_elapsed",1.33158309841683,22.1072318249943,NA,NA,NA,NA
"93","SW 1-3","co2",25.4210916839435,0.000134028980513768,2023-06-15,303.365,"SW",1,3,0.006955088,2.35990942107013,"umol_m2_s1","min_elapsed",1.00132950366002,25.3873391236606,NA,NA,NA,NA
"94","SW 1-4","co2",31.6416497989432,7.74029102788299e-05,2023-06-15,304.35,"SW",1,4,0.01012201,4.26104927990835,"umol_m2_s1","min_elapsed",1.03732273628014,30.5031873806321,NA,NA,NA,NA
"95","SW 2-1","co2",42.2701048829645,0.000157431198275803,2023-06-15,301.2,"SW",2,1,0.007588473,4.31217852622703,"umol_m2_s1","min_elapsed",1.75713462194647,24.0562699949192,NA,NA,NA,NA
"96","SW 2-2","co2",37.1819342829879,0.000236477659595662,2023-06-15,301,"SW",2,2,0.007145104,3.57386397906238,"umol_m2_s1","min_elapsed",1.77126691388626,20.9917172795875,NA,NA,NA,NA
"97","SW 2-3","co2",36.131869194763,0.000363908022143378,2023-06-15,301.9,"SW",2,3,0.007081765,3.43188565036786,"umol_m2_s1","min_elapsed",1.98900833865619,18.1657705966051,NA,NA,NA,NA
"98","SW 2-4","co2",51.5375026524548,0.000422622530847369,2023-06-15,302.4,"SW",2,4,0.008538549,5.89236498100749,"umol_m2_s1","min_elapsed",2.98324318726517,17.2756625649754,NA,NA,NA,NA
"99","UP 1-1","co2",45.4965228377324,7.32985956761848e-05,2023-06-15,300.55,"UP",1,1,0.009171934,5.62194219884063,"umol_m2_s1","min_elapsed",1.46462283892223,31.0636442561636,NA,NA,NA,NA
"100","UP 1-2","co2",38.0180971695724,0.000594064471788912,2023-06-15,302.7,"UP",1,2,0.009551964,4.85774388561995,"umol_m2_s1","min_elapsed",2.46770955854724,15.4062284347409,NA,NA,NA,NA
"101","UP 1-3","co2",50.1499382264715,0.000444026511860796,2023-06-15,301.45,"UP",1,3,0.007968503,5.36779394497782,"umol_m2_s1","min_elapsed",2.95152298306653,16.9912070867114,NA,NA,NA,NA
"102","UP 1-4","co2",39.7733560348808,9.25901693286347e-05,2023-06-15,301.4,"UP",1,4,0.007905165,4.22400000883314,"umol_m2_s1","min_elapsed",1.38437552708071,28.7301785222631,NA,NA,NA,NA
"103","UP 2-1","co2",39.4586515920032,0.000849863113077502,2023-06-15,303.3,"UP",2,1,0.00891858,4.6981786133009,"umol_m2_s1","min_elapsed",2.88985461700679,13.654199543392,NA,NA,NA,NA
"104","UP 2-2","co2",54.3673127385668,0.00272954525373582,2023-06-15,302.65,"UP",2,2,0.006765073,4.92077670139023,"umol_m2_s1","min_elapsed",5.91954119171754,9.18437949458583,NA,NA,NA,NA
"105","UP 2-3","co2",29.2033509459616,0.000121173047145293,2023-06-15,302.25,"UP",2,3,0.008981918,3.51398129409611,"umol_m2_s1","min_elapsed",1.11215523707576,26.2583405377357,NA,NA,NA,NA
"106","UP 2-4","co2",34.1224075994443,0.000569374505334456,2023-06-15,301.75,"UP",2,4,0.008475211,3.88067156413929,"umol_m2_s1","min_elapsed",2.18341855368525,15.6279736387928,NA,NA,NA,NA
"107","SW 1-1","ch4",-0.00242719317885475,0.0619608848999394,2023-06-15,305.5,"SW",1,1,0.006385043,-0.205409694248868,"nmol_m2_s1","min_elapsed",0.000833883301812164,-2.91071085555985,NA,NA,NA,NA
"108","SW 1-2","ch4",-0.000804606328826952,0.331942384852169,2023-06-15,303.05,"SW",1,2,0.007651811,-0.0822616415612211,"nmol_m2_s1","min_elapsed",0.000696982489925315,-1.15441397805154,NA,NA,NA,NA
"109","SW 1-3","ch4",-0.00210682841870343,0.173893503949067,2023-06-15,303.365,"SW",1,3,0.006955088,-0.195582640418896,"nmol_m2_s1","min_elapsed",0.00118657819815437,-1.77554957775259,NA,NA,NA,NA
"110","SW 1-4","ch4",-0.00112923507494497,0.203031880743148,2023-06-15,304.35,"SW",1,4,0.01012201,-0.152069387453439,"nmol_m2_s1","min_elapsed",0.000695739024791527,-1.62307278261895,NA,NA,NA,NA
"111","SW 2-1","ch4",-0.00587033291516111,0.00122341038115714,2023-06-15,301.2,"SW",2,1,0.007588473,-0.598861148053678,"nmol_m2_s1","min_elapsed",0.000486301251383629,-12.0713917524555,NA,NA,NA,NA
"112","SW 2-2","ch4",-0.0057614918904136,0.0197514509645383,2023-06-15,301,"SW",2,2,0.007145104,-0.553784754071556,"nmol_m2_s1","min_elapsed",0.0012629784257808,-4.56182922273727,NA,NA,NA,NA
"113","SW 2-3","ch4",-0.0130928582448684,0.0262138121051789,2023-06-15,301.9,"SW",2,3,0.007081765,-1.2435889239679,"nmol_m2_s1","min_elapsed",0.00319168828763048,-4.10217322775859,NA,NA,NA,NA
"114","SW 2-4","ch4",-0.014480586364996,0.00140823545249026,2023-06-15,302.4,"SW",2,4,0.008538549,-1.65558856386482,"nmol_m2_s1","min_elapsed",0.00125819341361575,-11.509030494272,NA,NA,NA,NA
"115","UP 1-1","ch4",-0.00992776082488798,0.000992626152723635,2023-06-15,300.55,"UP",1,1,0.009171934,-1.22675962997212,"nmol_m2_s1","min_elapsed",0.000766246189661928,-12.9563591425729,NA,NA,NA,NA
"116","UP 1-2","ch4",-0.0109561951022287,0.00636325558097619,2023-06-15,302.7,"UP",1,2,0.009551964,-1.39992250348887,"nmol_m2_s1","min_elapsed",0.0015989748808906,-6.85201201917963,NA,NA,NA,NA
"117","UP 1-3","ch4",-0.0100307836791947,0.00193144256799536,2023-06-15,301.45,"UP",1,3,0.007968503,-1.0736439924096,"nmol_m2_s1","min_elapsed",0.000970404231984608,-10.3367064451897,NA,NA,NA,NA
"118","UP 1-4","ch4",-0.0117294912057872,0.00970163308919692,2023-06-15,301.4,"UP",1,4,0.007905165,-1.24569249105865,"nmol_m2_s1","min_elapsed",0.0019866079701984,-5.90428075480626,NA,NA,NA,NA
"119","UP 2-1","ch4",-0.00322096598117954,0.0221295039638167,2023-06-15,303.3,"UP",2,1,0.00891858,-0.383507111277323,"nmol_m2_s1","min_elapsed",0.0007366220200397,-4.37261701870649,NA,NA,NA,NA
"120","UP 2-2","ch4",-0.00855214732209382,0.00788984048260145,2023-06-15,302.65,"UP",2,2,0.006765073,-0.774053473854399,"nmol_m2_s1","min_elapsed",0.0013461325046117,-6.35312444562115,NA,NA,NA,NA
"121","UP 2-3","ch4",-0.0042810948525181,0.0718596709512613,2023-06-15,302.25,"UP",2,3,0.008981918,-0.515135651995446,"nmol_m2_s1","min_elapsed",0.0015673976705229,-2.7313392976333,NA,NA,NA,NA
"122","UP 2-4","ch4",-0.00422989677906375,0.0543936714752233,2023-06-15,301.75,"UP",2,4,0.008475211,-0.48105750164078,"nmol_m2_s1","min_elapsed",0.0013760487190046,-3.07394405491947,NA,NA,NA,NA
"123","SW 1-1","n2o",-0.000112937241563765,0.840503996705305,2023-06-15,305.5,"SW",1,1,0.006385043,-0.00955770824548436,"nmol_m2_s1","min_elapsed",0.000515036461110469,-0.219280090035298,NA,NA,NA,NA
"124","SW 1-2","n2o",0.00118743960825107,0.0551416419688168,2023-06-15,303.05,"SW",1,2,0.007651811,0.121401892987788,"nmol_m2_s1","min_elapsed",0.000388487289427714,3.05657261013689,NA,NA,NA,NA
"125","SW 1-3","n2o",0.00100175141998235,0.0564193769236627,2023-06-15,303.365,"SW",1,3,0.006955088,0.0929953222693384,"nmol_m2_s1","min_elapsed",0.00033087612645493,3.02757237494077,NA,NA,NA,NA
"126","SW 1-4","n2o",0.000440716143598162,0.0114330920689432,2023-06-15,304.35,"SW",1,4,0.01012201,0.0593494087146385,"nmol_m2_s1","min_elapsed",7.91551827081133e-05,5.56774842177188,NA,NA,NA,NA
"127","SW 2-1","n2o",0.000436180748017716,0.570124422940813,2023-06-15,301.2,"SW",2,1,0.007588473,0.0444969147903314,"nmol_m2_s1","min_elapsed",0.000686096413172819,0.63574264439107,NA,NA,NA,NA
"128","SW 2-2","n2o",0.000310393164379339,0.41855403695254,2023-06-15,301,"SW",2,2,0.007145104,0.0298344604957805,"nmol_m2_s1","min_elapsed",0.000331803837163367,0.935471895180384,NA,NA,NA,NA
"129","SW 2-3","n2o",0.00107897339632604,0.0094092101254451,2023-06-15,301.9,"SW",2,3,0.007081765,0.102483303479819,"nmol_m2_s1","min_elapsed",0.000180765280127359,5.96891944938682,NA,NA,NA,NA
"130","SW 2-4","n2o",0.000574864584082928,0.449466473099684,2023-06-15,302.4,"SW",2,4,0.008538549,0.0657251859275013,"nmol_m2_s1","min_elapsed",0.000662627290946377,0.867553437562004,NA,NA,NA,NA
"131","UP 1-1","n2o",0.00216343838380787,0.000101114555172065,2023-06-15,300.55,"UP",1,1,0.009171934,0.267333079231143,"nmol_m2_s1","min_elapsed",7.75521725729118e-05,27.8965541780778,NA,NA,NA,NA
"132","UP 1-2","n2o",0.000458850936158202,0.542270153182569,2023-06-15,302.7,"UP",1,2,0.009551964,0.0586294553246987,"nmol_m2_s1","min_elapsed",0.000669404703617239,0.685461177190309,NA,NA,NA,NA
"133","UP 1-3","n2o",0.00176541666854985,0.0193391730391137,2023-06-15,301.45,"UP",1,3,0.007968503,0.188961207908382,"nmol_m2_s1","min_elapsed",0.000383982898894443,4.59764399308618,NA,NA,NA,NA
"134","UP 1-4","n2o",0.00134029610419297,0.00366897906858063,2023-06-15,301.4,"UP",1,4,0.007905165,0.142341791600013,"nmol_m2_s1","min_elapsed",0.000161552080419111,8.29637167603087,NA,NA,NA,NA
"135","UP 2-1","n2o",0.000843975038113065,0.200385929660297,2023-06-15,303.3,"UP",2,1,0.00891858,0.100488620726873,"nmol_m2_s1","min_elapsed",0.000515920378098711,1.63586296246586,NA,NA,NA,NA
"136","UP 2-2","n2o",0.000319941598292957,0.19276186958149,2023-06-15,302.65,"UP",2,2,0.006765073,0.0289578624247272,"nmol_m2_s1","min_elapsed",0.000191145943998028,1.67380793754252,NA,NA,NA,NA
"137","UP 2-3","n2o",0.00108128862056179,0.0439143787038188,2023-06-15,302.25,"UP",2,3,0.008981918,0.130109314961972,"nmol_m2_s1","min_elapsed",0.000322346786291551,3.35442655719175,NA,NA,NA,NA
"138","UP 2-4","n2o",0.000677409520945179,0.107189672850963,2023-06-15,301.75,"UP",2,4,0.008475211,0.077040398088791,"nmol_m2_s1","min_elapsed",0.000297446137116995,2.27741912371426,NA,NA,NA,NA
"139","SW 1-1","co2",40.9001940932855,9.50328459100581e-05,2023-07-06,304.15,"SW",1,1,0.006385043,3.47668509689586,"umol_m2_s1",NA,NA,NA,NA,NA,NA,NA
"140","SW 1-2","co2",33.0327667590618,0.00105768965388423,2023-07-06,304.05,"SW",1,2,0.007651811,3.36610887526247,"umol_m2_s1",NA,NA,NA,NA,NA,NA,NA
"141","SW 1-3","co2",30.1137613372634,0.00359267734434561,2023-07-06,304.75,"SW",1,3,0.006955088,2.78283784306141,"umol_m2_s1",NA,NA,NA,NA,NA,NA,NA
"142","SW 1-4","co2",23.2656818687234,0.000196485184640187,2023-07-06,306,"SW",1,4,0.01012201,3.11619841465709,"umol_m2_s1",NA,NA,NA,NA,NA,NA,NA
"143","SW 2-1","co2",64.5874027004759,9.34355802759244e-05,2023-07-06,304,"SW",2,1,0.007588473,6.52818737647102,"umol_m2_s1",NA,NA,NA,NA,NA,NA,NA
"144","SW 2-2","co2",39.1273088857253,0.000196262721971057,2023-07-06,303.45,"SW",2,2,0.007145104,3.73048564319102,"umol_m2_s1",NA,NA,NA,NA,NA,NA,NA
"145","SW 2-3","co2",26.1818356945052,0.00715127254743118,2023-07-06,303.85,"SW",2,3,0.007081765,2.47084979417206,"umol_m2_s1",NA,NA,NA,NA,NA,NA,NA
"146","SW 2-4","co2",57.5634048259368,0.000231671777200466,2023-07-06,304.3,"SW",2,4,0.008538549,6.54022332654156,"umol_m2_s1",NA,NA,NA,NA,NA,NA,NA
"147","UP 1-1","co2",58.8553527140322,2.58086341188936e-06,2023-07-06,304.1,"UP",1,1,0.009171934,7.18777458755205,"umol_m2_s1",NA,NA,NA,NA,NA,NA,NA
"148","UP 1-2","co2",50.3550793089628,8.73413326475611e-05,2023-07-06,303.15,"UP",1,2,0.009551964,6.42454492194909,"umol_m2_s1",NA,NA,NA,NA,NA,NA,NA
"149","UP 1-3","co2",71.4067823046559,4.62847308674651e-05,2023-07-06,303.8,"UP",1,3,0.007968503,7.58389682347869,"umol_m2_s1",NA,NA,NA,NA,NA,NA,NA
"150","UP 1-4","co2",50.0266553771784,0.0020252397132043,2023-07-06,303.15,"UP",1,4,0.007905165,5.28224835208263,"umol_m2_s1",NA,NA,NA,NA,NA,NA,NA
"151","UP 2-1","co2",43.1912342589153,0.000190262089580899,2023-07-06,291.3,"UP",2,1,0.00891858,5.3544494638521,"umol_m2_s1",NA,NA,NA,NA,NA,NA,NA
"152","UP 2-2","co2",48.5771196232939,0.00018499951121944,2023-07-06,291.55,"UP",2,2,0.006765073,4.56410033044262,"umol_m2_s1",NA,NA,NA,NA,NA,NA,NA
"153","UP 2-3","co2",35.4263331240587,3.8194294241176e-05,2023-07-06,291.5,"UP",2,3,0.008981918,4.41998413295817,"umol_m2_s1",NA,NA,NA,NA,NA,NA,NA
"154","UP 2-4","co2",48.0533277067058,3.19576540252821e-05,2023-07-06,291.4,"UP",2,4,0.008475211,5.65911372168007,"umol_m2_s1",NA,NA,NA,NA,NA,NA,NA
"155","SW 1-1","ch4",-0.0179523755337581,0.0856774119619744,2023-07-06,304.15,"SW",1,1,0.006385043,-1.52602592373372,"nmol_m2_s1",NA,NA,NA,NA,NA,NA,NA
"156","SW 1-2","ch4",0.000553413550253794,0.707405353693468,2023-07-06,304.05,"SW",1,2,0.007651811,0.0563940125508493,"nmol_m2_s1",NA,NA,NA,NA,NA,NA,NA
"157","SW 1-3","ch4",-0.0118867499450955,0.182934639293773,2023-07-06,304.75,"SW",1,3,0.006955088,-1.09846449295217,"nmol_m2_s1",NA,NA,NA,NA,NA,NA,NA
"158","SW 1-4","ch4",-0.00431481761222328,0.577323703617775,2023-07-06,306,"SW",1,4,0.01012201,-0.577925370019789,"nmol_m2_s1",NA,NA,NA,NA,NA,NA,NA
"159","SW 2-1","ch4",0.000323625892661475,0.979649890145192,2023-07-06,304,"SW",2,1,0.007588473,0.0327105655102654,"nmol_m2_s1",NA,NA,NA,NA,NA,NA,NA
"160","SW 2-2","ch4",-0.020262077170166,0.0724487303628682,2023-07-06,303.45,"SW",2,2,0.007145104,-1.93183201546757,"nmol_m2_s1",NA,NA,NA,NA,NA,NA,NA
"161","SW 2-3","ch4",-0.00137973068363519,0.906889135601373,2023-07-06,303.85,"SW",2,3,0.007081765,-0.130208871350773,"nmol_m2_s1",NA,NA,NA,NA,NA,NA,NA
"162","SW 2-4","ch4",0.00440382631325857,0.63928760273314,2023-07-06,304.3,"SW",2,4,0.008538549,0.500352744371259,"nmol_m2_s1",NA,NA,NA,NA,NA,NA,NA
"163","UP 1-1","ch4",-0.0246941923255906,0.0460193671835528,2023-07-06,304.1,"UP",1,1,0.009171934,-3.01580535793279,"nmol_m2_s1",NA,NA,NA,NA,NA,NA,NA
"164","UP 1-2","ch4",-0.0129076098921655,0.259939255908198,2023-07-06,303.15,"UP",1,2,0.009551964,-1.64681539032849,"nmol_m2_s1",NA,NA,NA,NA,NA,NA,NA
"165","UP 1-3","ch4",-0.00797587120193792,0.525815378388761,2023-07-06,303.8,"UP",1,3,0.007968503,-0.847092983615763,"nmol_m2_s1",NA,NA,NA,NA,NA,NA,NA
"166","UP 1-4","ch4",-0.0139682313305621,0.262576671250281,2023-07-06,303.15,"UP",1,4,0.007905165,-1.47488706512708,"nmol_m2_s1",NA,NA,NA,NA,NA,NA,NA
"167","UP 2-1","ch4",-0.00897317421658313,0.189406460360371,2023-07-06,291.3,"UP",2,1,0.00891858,-1.11241108751407,"nmol_m2_s1",NA,NA,NA,NA,NA,NA,NA
"168","UP 2-2","ch4",0.000615622191723229,0.606082244186528,2023-07-06,291.55,"UP",2,2,0.006765073,0.0578412526403572,"nmol_m2_s1",NA,NA,NA,NA,NA,NA,NA
"169","UP 2-3","ch4",-0.00381649572998455,0.000975119170129972,2023-07-06,291.5,"UP",2,3,0.008981918,-0.476166994505518,"nmol_m2_s1",NA,NA,NA,NA,NA,NA,NA
"170","UP 2-4","ch4",-0.0094508010543679,0.127196676139239,2023-07-06,291.4,"UP",2,4,0.008475211,-1.11299592515376,"nmol_m2_s1",NA,NA,NA,NA,NA,NA,NA
"171","SW 1-1","n2o",-0.000832467096152128,0.291573500209119,2023-07-06,304.15,"SW",1,1,0.006385043,-0.0707631347725905,"nmol_m2_s1",NA,NA,NA,NA,NA,NA,NA
"172","SW 1-2","n2o",0.00086261419500382,0.0814009203576695,2023-07-06,304.05,"SW",1,2,0.007651811,0.0879022129423415,"nmol_m2_s1",NA,NA,NA,NA,NA,NA,NA
"173","SW 1-3","n2o",-0.000293720729584313,0.665976868812403,2023-07-06,304.75,"SW",1,3,0.006955088,-0.0271429780034617,"nmol_m2_s1",NA,NA,NA,NA,NA,NA,NA
"174","SW 1-4","n2o",-0.000261192368102179,0.732563028994462,2023-07-06,306,"SW",1,4,0.01012201,-0.0349840270314502,"nmol_m2_s1",NA,NA,NA,NA,NA,NA,NA
"175","SW 2-1","n2o",-0.00165703221988028,0.497570222027307,2023-07-06,304,"SW",2,1,0.007588473,-0.167484933097465,"nmol_m2_s1",NA,NA,NA,NA,NA,NA,NA
"176","SW 2-2","n2o",-0.00112662109371548,0.459443607497751,2023-07-06,303.45,"SW",2,2,0.007145104,-0.107414589326767,"nmol_m2_s1",NA,NA,NA,NA,NA,NA,NA
"177","SW 2-3","n2o",0.00108120181105595,0.519520114806312,2023-07-06,303.85,"SW",2,3,0.007081765,0.102035903955609,"nmol_m2_s1",NA,NA,NA,NA,NA,NA,NA
"178","SW 2-4","n2o",0.00152734835882047,0.380759197560862,2023-07-06,304.3,"SW",2,4,0.008538549,0.17353385183379,"nmol_m2_s1",NA,NA,NA,NA,NA,NA,NA
"179","UP 1-1","n2o",-0.000511311773885098,0.635321656412054,2023-07-06,304.1,"UP",1,1,0.009171934,-0.0624445119291798,"nmol_m2_s1",NA,NA,NA,NA,NA,NA,NA
"180","UP 1-2","n2o",-5.59089525866409e-05,0.96992076664588,2023-07-06,303.15,"UP",1,2,0.009551964,-0.00713313497588043,"nmol_m2_s1",NA,NA,NA,NA,NA,NA,NA
"181","UP 1-3","n2o",0.000758570219995908,0.442284254443811,2023-07-06,303.8,"UP",1,3,0.007968503,0.0805654322479868,"nmol_m2_s1",NA,NA,NA,NA,NA,NA,NA
"182","UP 1-4","n2o",0.000390109354843848,0.790280862463238,2023-07-06,303.15,"UP",1,4,0.007905165,0.0411911306326504,"nmol_m2_s1",NA,NA,NA,NA,NA,NA,NA
"183","UP 2-1","n2o",0.000297839342889089,0.837705901613098,2023-07-06,291.3,"UP",2,1,0.00891858,0.0369233650579772,"nmol_m2_s1",NA,NA,NA,NA,NA,NA,NA
"184","UP 2-2","n2o",-1.46870693348249e-05,0.97652498330775,2023-07-06,291.55,"UP",2,2,0.006765073,-0.00137993480313649,"nmol_m2_s1",NA,NA,NA,NA,NA,NA,NA
"185","UP 2-3","n2o",0.00025400519761894,0.642793359444564,2023-07-06,291.5,"UP",2,3,0.008981918,0.031691085250993,"nmol_m2_s1",NA,NA,NA,NA,NA,NA,NA
"186","UP 2-4","n2o",-0.00100943481904994,0.179795367166728,2023-07-06,291.4,"UP",2,4,0.008475211,-0.118878477480135,"nmol_m2_s1",NA,NA,NA,NA,NA,NA,NA
"187","SW 1-1","co2",35.8608051322105,4.00367652643167e-06,2023-07-18,304.65,"SW",1,1,0.006385043,3.04331328091324,"umol_m2_s1",NA,NA,NA,NA,NA,NA,NA
"188","SW 1-2","co2",32.0202456871534,1.65194805216496e-05,2023-07-18,303.3,"SW",1,2,0.007651811,3.27099940694033,"umol_m2_s1",NA,NA,NA,NA,NA,NA,NA
"189","SW 1-3","co2",29.6352985603958,1.86501458734466e-05,2023-07-18,303.4,"SW",1,3,0.006955088,2.75080839569892,"umol_m2_s1",NA,NA,NA,NA,NA,NA,NA
"190","SW 1-4","co2",24.1372453962153,1.24055469124124e-05,2023-07-18,303.95,"SW",1,4,0.01012201,3.2547400014729,"umol_m2_s1",NA,NA,NA,NA,NA,NA,NA
"191","SW 2-1","co2",51.0567845632948,8.12371132464876e-05,2023-07-18,307.1,"SW",2,1,0.007588473,5.10848377883196,"umol_m2_s1",NA,NA,NA,NA,NA,NA,NA
"192","SW 2-2","co2",34.2670922360767,9.14221913178242e-05,2023-07-18,307.15,"SW",2,2,0.007145104,3.22774539229493,"umol_m2_s1",NA,NA,NA,NA,NA,NA,NA
"193","SW 2-3","co2",36.9826242953427,0.000274649315603163,2023-07-18,306.9,"SW",2,3,0.007081765,3.45546365723435,"umol_m2_s1",NA,NA,NA,NA,NA,NA,NA
"194","SW 2-4","co2",43.5793107298413,0.000930261478330968,2023-07-18,307.45,"SW",2,4,0.008538549,4.90065258792082,"umol_m2_s1",NA,NA,NA,NA,NA,NA,NA
"195","UP 1-1","co2",46.7344578130976,5.8324701831938e-05,2023-07-18,285,"UP",1,1,0.009171934,6.08999941570955,"umol_m2_s1",NA,NA,NA,NA,NA,NA,NA
"196","UP 1-2","co2",38.0183877283701,0.000124620228933458,2023-07-18,285,"UP",1,2,0.009551964,5.15947477971975,"umol_m2_s1",NA,NA,NA,NA,NA,NA,NA
"197","UP 1-3","co2",45.4672825559958,5.79388807127563e-05,2023-07-18,285,"UP",1,3,0.007968503,5.14748228151824,"umol_m2_s1",NA,NA,NA,NA,NA,NA,NA
"198","UP 1-4","co2",40.0382664947057,0.000186485731453541,2023-07-18,285,"UP",1,4,0.007905165,4.4968181632126,"umol_m2_s1",NA,NA,NA,NA,NA,NA,NA
"199","UP 2-1","co2",35.4079733051847,0.000227307005296388,2023-07-18,306.55,"UP",2,1,0.00891858,4.17118490739005,"umol_m2_s1",NA,NA,NA,NA,NA,NA,NA
"200","UP 2-2","co2",34.6600000491566,0.000308575390905507,2023-07-18,305.75,"UP",2,2,0.006765073,3.10526423984991,"umol_m2_s1",NA,NA,NA,NA,NA,NA,NA
"201","UP 2-3","co2",27.3183459714534,0.000232361949224954,2023-07-18,305.95,"UP",2,3,0.008981918,3.24740915410599,"umol_m2_s1",NA,NA,NA,NA,NA,NA,NA
"202","UP 2-4","co2",36.421607758757,0.000423183902106381,2023-07-18,306.25,"UP",2,4,0.008475211,4.0812905747803,"umol_m2_s1",NA,NA,NA,NA,NA,NA,NA
"203","SW 1-1","ch4",-0.0030157525895928,0.0491976713733188,2023-07-18,304.65,"SW",1,1,0.006385043,-0.255930670658942,"nmol_m2_s1",NA,NA,NA,NA,NA,NA,NA
"204","SW 1-2","ch4",-0.0278329890372418,0.563479756131081,2023-07-18,303.3,"SW",1,2,0.007651811,-2.8432539688701,"nmol_m2_s1",NA,NA,NA,NA,NA,NA,NA
"205","SW 1-3","ch4",-0.000854930974096394,0.276742549235756,2023-07-18,303.4,"SW",1,3,0.006955088,-0.079356423438577,"nmol_m2_s1",NA,NA,NA,NA,NA,NA,NA
"206","SW 1-4","ch4",-9.98492782525853e-05,0.914309780871913,2023-07-18,303.95,"SW",1,4,0.01012201,-0.0134639821036847,"nmol_m2_s1",NA,NA,NA,NA,NA,NA,NA
"207","SW 2-1","ch4",-0.00322003254357423,0.117075955428923,2023-07-18,307.1,"SW",2,1,0.007588473,-0.322180179516939,"nmol_m2_s1",NA,NA,NA,NA,NA,NA,NA
"208","SW 2-2","ch4",-0.00530851042694787,0.0132691522291819,2023-07-18,307.15,"SW",2,2,0.007145104,-0.500028422385112,"nmol_m2_s1",NA,NA,NA,NA,NA,NA,NA
"209","SW 2-3","ch4",-0.0179800013747297,0.849321328016465,2023-07-18,306.9,"SW",2,3,0.007081765,-1.67995761499343,"nmol_m2_s1",NA,NA,NA,NA,NA,NA,NA
"210","SW 2-4","ch4",0.022849257669289,0.181007292045194,2023-07-18,307.45,"SW",2,4,0.008538549,2.56948244140984,"nmol_m2_s1",NA,NA,NA,NA,NA,NA,NA
"211","UP 1-1","ch4",0.0949549911984021,0.13064668032022,2023-07-18,285,"UP",1,1,0.009171934,12.3736503637132,"nmol_m2_s1",NA,NA,NA,NA,NA,NA,NA
"212","UP 1-2","ch4",-0.0086723776196604,3.80114849045273e-05,2023-07-18,285,"UP",1,2,0.009551964,-1.17692822558738,"nmol_m2_s1",NA,NA,NA,NA,NA,NA,NA
"213","UP 1-3","ch4",-0.0090540312162842,9.48951927981669e-06,2023-07-18,285,"UP",1,3,0.007968503,-1.02503300488078,"nmol_m2_s1",NA,NA,NA,NA,NA,NA,NA
"214","UP 1-4","ch4",-0.0167748178062703,0.416612694053,2023-07-18,285,"UP",1,4,0.007905165,-1.88403025405191,"nmol_m2_s1",NA,NA,NA,NA,NA,NA,NA
"215","UP 2-1","ch4",-0.00411645293422648,0.0306419365680355,2023-07-18,306.55,"UP",2,1,0.00891858,-0.484932763681019,"nmol_m2_s1",NA,NA,NA,NA,NA,NA,NA
"216","UP 2-2","ch4",-0.122363089269967,0.279079912419622,2023-07-18,305.75,"UP",2,2,0.006765073,-10.9627733655135,"nmol_m2_s1",NA,NA,NA,NA,NA,NA,NA
"217","UP 2-3","ch4",-0.00211645121441149,0.369081000687605,2023-07-18,305.95,"UP",2,3,0.008981918,-0.25158854987343,"nmol_m2_s1",NA,NA,NA,NA,NA,NA,NA
"218","UP 2-4","ch4",-0.0019112211932081,0.208693892357452,2023-07-18,306.25,"UP",2,4,0.008475211,-0.214165423279129,"nmol_m2_s1",NA,NA,NA,NA,NA,NA,NA
"219","SW 1-1","n2o",0.00122189416026744,0.0146772900489779,2023-07-18,304.65,"SW",1,1,0.006385043,0.103695572704031,"nmol_m2_s1",NA,NA,NA,NA,NA,NA,NA
"220","SW 1-2","n2o",0.00126481359465045,0.0455171744132198,2023-07-18,303.3,"SW",1,2,0.007651811,0.12920589549541,"nmol_m2_s1",NA,NA,NA,NA,NA,NA,NA
"221","SW 1-3","n2o",0.000917516268412884,0.122694154289387,2023-07-18,303.4,"SW",1,3,0.006955088,0.0851657171327921,"nmol_m2_s1",NA,NA,NA,NA,NA,NA,NA
"222","SW 1-4","n2o",0.000751445723976512,0.194191225307474,2023-07-18,303.95,"SW",1,4,0.01012201,0.101327239981809,"nmol_m2_s1",NA,NA,NA,NA,NA,NA,NA
"223","SW 2-1","n2o",0.000455210144400376,0.269648236898674,2023-07-18,307.1,"SW",2,1,0.007588473,0.0455460260280639,"nmol_m2_s1",NA,NA,NA,NA,NA,NA,NA
"224","SW 2-2","n2o",-2.62009657615984e-05,0.966021847927484,2023-07-18,307.15,"SW",2,2,0.007145104,-0.00246796681574401,"nmol_m2_s1",NA,NA,NA,NA,NA,NA,NA
"225","SW 2-3","n2o",0.000142587756732362,0.672082745437457,2023-07-18,306.9,"SW",2,3,0.007081765,0.0133226568082486,"nmol_m2_s1",NA,NA,NA,NA,NA,NA,NA
"226","SW 2-4","n2o",-3.66876308255793e-05,0.925882493549292,2023-07-18,307.45,"SW",2,4,0.008538549,-0.00412565802301557,"nmol_m2_s1",NA,NA,NA,NA,NA,NA,NA
"227","UP 1-1","n2o",0.000780174586276009,0.165278599294213,2023-07-18,285,"UP",1,1,0.009171934,0.101665088179129,"nmol_m2_s1",NA,NA,NA,NA,NA,NA,NA
"228","UP 1-2","n2o",0.000362493043104015,0.434394608269621,2023-07-18,285,"UP",1,2,0.009551964,0.0491939249786594,"nmol_m2_s1",NA,NA,NA,NA,NA,NA,NA
"229","UP 1-3","n2o",0.000781914809343101,0.122142325702182,2023-07-18,285,"UP",1,3,0.007968503,0.0885228322540152,"nmol_m2_s1",NA,NA,NA,NA,NA,NA,NA
"230","UP 1-4","n2o",0.000628310656847631,0.00198069480753449,2023-07-18,285,"UP",1,4,0.007905165,0.0705674601128416,"nmol_m2_s1",NA,NA,NA,NA,NA,NA,NA
"231","UP 2-1","n2o",0.000552799154220614,0.266939190012182,2023-07-18,306.55,"UP",2,1,0.00891858,0.065121702081869,"nmol_m2_s1",NA,NA,NA,NA,NA,NA,NA
"232","UP 2-2","n2o",0.000314877117694476,0.0450069820668669,2023-07-18,305.75,"UP",2,2,0.006765073,0.0282105208348798,"nmol_m2_s1",NA,NA,NA,NA,NA,NA,NA
"233","UP 2-3","n2o",0.000712241689179273,0.191684388025325,2023-07-18,305.95,"UP",2,3,0.008981918,0.0846661867374261,"nmol_m2_s1",NA,NA,NA,NA,NA,NA,NA
"234","UP 2-4","n2o",0.000872280299213229,0.0177008906263845,2023-07-18,306.25,"UP",2,4,0.008475211,0.097744981147614,"nmol_m2_s1",NA,NA,NA,NA,NA,NA,NA
"235","SW 1-1","co2",35.8608051322105,4.00367652643167e-06,2023-08-02,307.2,"SW",1,1,0.006385043,3.01805140309316,"umol_m2_s1",NA,NA,NA,34.9,24.1,NA,NA
"236","SW 1-2","co2",32.0202456871534,1.65194805216496e-05,2023-08-02,307.25,"SW",1,2,0.007651811,3.22894750244101,"umol_m2_s1",NA,NA,NA,43.1,23.9,NA,NA
"237","SW 1-3","co2",29.6352985603958,1.86501458734466e-05,2023-08-02,304.85,"SW",1,3,0.006955088,2.73772434723652,"umol_m2_s1",NA,NA,NA,22.5,23.1,NA,NA
"238","SW 1-4","co2",24.1372453962153,1.24055469124124e-05,2023-08-02,306.15,"SW",1,4,0.01012201,3.23135137497204,"umol_m2_s1",NA,NA,NA,41.9,22.9,NA,NA
"239","SW 2-1","co2",51.0567845632948,8.12371132464876e-05,2023-08-02,305.65,"SW",2,1,0.007588473,5.13271836571011,"umol_m2_s1",NA,NA,NA,15.2,23.9,40,NA
"240","SW 2-2","co2",34.2670922360767,9.14221913178242e-05,2023-08-02,307.1,"SW",2,2,0.007145104,3.22827091254766,"umol_m2_s1",NA,NA,NA,33.2,23.2,15,NA
"241","SW 2-3","co2",36.9826242953427,0.000274649315603163,2023-08-02,307.75,"SW",2,3,0.007081765,3.4459197283679,"umol_m2_s1",NA,NA,NA,30.6,22.9,30,NA
"242","SW 2-4","co2",43.5793107298413,0.000930261478330968,2023-08-02,306.35,"SW",2,4,0.008538549,4.91824918608212,"umol_m2_s1",NA,NA,NA,24.1,22.4,45,NA
"243","UP 1-1","co2",46.7344578130976,5.8324701831938e-05,2023-08-02,307.7,"UP",1,1,0.009171934,5.64072094077745,"umol_m2_s1",NA,NA,NA,27.5,24.3,NA,NA
"244","UP 1-2","co2",38.0183877283701,0.000124620228933458,2023-08-02,307.05,"UP",1,2,0.009551964,4.7889604696959,"umol_m2_s1",NA,NA,NA,24.7,23.6,NA,NA
"245","UP 1-3","co2",45.4672825559958,5.79388807127563e-05,2023-08-02,307.45,"UP",1,3,0.007968503,4.77161310857928,"umol_m2_s1",NA,NA,NA,24.9,23.4,NA,NA
"246","UP 1-4","co2",40.0382664947057,0.000186485731453541,2023-08-02,307.2,"UP",1,4,0.007905165,4.17185278813669,"umol_m2_s1",NA,NA,NA,24.1,23.3,NA,NA
"247","UP 2-1","co2",35.4079733051847,0.000227307005296388,2023-08-02,307.05,"UP",2,1,0.00891858,4.16439255287549,"umol_m2_s1",NA,NA,NA,24.7,24.3,15,NA
"248","UP 2-2","co2",34.6600000491566,0.000308575390905507,2023-08-02,306.8,"UP",2,2,0.006765073,3.09463670578262,"umol_m2_s1",NA,NA,NA,27.2,24.1,35,NA
"249","UP 2-3","co2",27.3183459714534,0.000232361949224954,2023-08-02,305.9,"UP",2,3,0.008981918,3.2479399499795,"umol_m2_s1",NA,NA,NA,33.9,23.7,NA,NA
"250","UP 2-4","co2",36.421607758757,0.000423183902106381,2023-08-02,306.15,"UP",2,4,0.008475211,4.08262367638892,"umol_m2_s1",NA,NA,NA,20.3,23.6,40,NA
"251","SW 1-1","ch4",-0.0030157525895928,0.0491976713733188,2023-08-02,307.2,"SW",1,1,0.006385043,-0.253806246146636,"nmol_m2_s1",NA,NA,NA,34.9,24.1,NA,NA
"252","SW 1-2","ch4",-0.0278329890372418,0.563479756131081,2023-08-02,307.25,"SW",1,2,0.007651811,-2.80670115136957,"nmol_m2_s1",NA,NA,NA,43.1,23.9,NA,NA
"253","SW 1-3","ch4",-0.000854930974096394,0.276742549235756,2023-08-02,304.85,"SW",1,3,0.006955088,-0.0789789695629465,"nmol_m2_s1",NA,NA,NA,22.5,23.1,NA,NA
"254","SW 1-4","ch4",-9.98492782525853e-05,0.914309780871913,2023-08-02,306.15,"SW",1,4,0.01012201,-0.0133672296600195,"nmol_m2_s1",NA,NA,NA,41.9,22.9,NA,NA
"255","SW 2-1","ch4",-0.00322003254357423,0.117075955428923,2023-08-02,305.65,"SW",2,1,0.007588473,-0.323708598493872,"nmol_m2_s1",NA,NA,NA,15.2,23.9,40,NA
"256","SW 2-2","ch4",-0.00530851042694787,0.0132691522291819,2023-08-02,307.1,"SW",2,2,0.007145104,-0.50010983372057,"nmol_m2_s1",NA,NA,NA,33.2,23.2,15,NA
"257","SW 2-3","ch4",-0.0179800013747297,0.849321328016465,2023-08-02,307.75,"SW",2,3,0.007081765,-1.67531760208443,"nmol_m2_s1",NA,NA,NA,30.6,22.9,30,NA
"258","SW 2-4","ch4",0.022849257669289,0.181007292045194,2023-08-02,306.35,"SW",2,4,0.008538549,2.57870859021203,"nmol_m2_s1",NA,NA,NA,24.1,22.4,45,NA
"259","UP 1-1","ch4",0.0949549911984021,0.13064668032022,2023-08-02,307.7,"UP",1,1,0.009171934,11.4608071292111,"nmol_m2_s1",NA,NA,NA,27.5,24.3,NA,NA
"260","UP 1-2","ch4",-0.0086723776196604,3.80114849045273e-05,2023-08-02,307.05,"UP",1,2,0.009551964,-1.09241017519102,"nmol_m2_s1",NA,NA,NA,24.7,23.6,NA,NA
"261","UP 1-3","ch4",-0.0090540312162842,9.48951927981669e-06,2023-08-02,307.45,"UP",1,3,0.007968503,-0.950185091530405,"nmol_m2_s1",NA,NA,NA,24.9,23.4,NA,NA
"262","UP 1-4","ch4",-0.0167748178062703,0.416612694053,2023-08-02,307.2,"UP",1,4,0.007905165,-1.74787963022394,"nmol_m2_s1",NA,NA,NA,24.1,23.3,NA,NA
"263","UP 2-1","ch4",-0.00411645293422648,0.0306419365680355,2023-08-02,307.05,"UP",2,1,0.00891858,-0.484143099516093,"nmol_m2_s1",NA,NA,NA,24.7,24.3,15,NA
"264","UP 2-2","ch4",-0.122363089269967,0.279079912419622,2023-08-02,306.8,"UP",2,2,0.006765073,-10.9252540955207,"nmol_m2_s1",NA,NA,NA,27.2,24.1,35,NA
"265","UP 2-3","ch4",-0.00211645121441149,0.369081000687605,2023-08-02,305.9,"UP",2,3,0.008981918,-0.251629672552389,"nmol_m2_s1",NA,NA,NA,33.9,23.7,NA,NA
"266","UP 2-4","ch4",-0.0019112211932081,0.208693892357452,2023-08-02,306.15,"UP",2,4,0.008475211,-0.21423537768817,"nmol_m2_s1",NA,NA,NA,20.3,23.6,40,NA
"267","SW 1-1","n2o",0.00122189416026744,0.0146772900489779,2023-08-02,307.2,"SW",1,1,0.006385043,0.102834818438422,"nmol_m2_s1",NA,NA,NA,34.9,24.1,NA,NA
"268","SW 1-2","n2o",0.00126481359465045,0.0455171744132198,2023-08-02,307.25,"SW",1,2,0.007651811,0.127544827026063,"nmol_m2_s1",NA,NA,NA,43.1,23.9,NA,NA
"269","SW 1-3","n2o",0.000917516268412884,0.122694154289387,2023-08-02,304.85,"SW",1,3,0.006955088,0.08476063171425,"nmol_m2_s1",NA,NA,NA,22.5,23.1,NA,NA
"270","SW 1-4","n2o",0.000751445723976512,0.194191225307474,2023-08-02,306.15,"SW",1,4,0.01012201,0.100599100416367,"nmol_m2_s1",NA,NA,NA,41.9,22.9,NA,NA
"271","SW 2-1","n2o",0.000455210144400376,0.269648236898674,2023-08-02,305.65,"SW",2,1,0.007588473,0.0457620958390919,"nmol_m2_s1",NA,NA,NA,15.2,23.9,40,NA
"272","SW 2-2","n2o",-2.62009657615984e-05,0.966021847927484,2023-08-02,307.1,"SW",2,2,0.007145104,-0.00246836863385142,"nmol_m2_s1",NA,NA,NA,33.2,23.2,15,NA
"273","SW 2-3","n2o",0.000142587756732362,0.672082745437457,2023-08-02,307.75,"SW",2,3,0.007081765,0.0132858598682421,"nmol_m2_s1",NA,NA,NA,30.6,22.9,30,NA
"274","SW 2-4","n2o",-3.66876308255793e-05,0.925882493549292,2023-08-02,306.35,"SW",2,4,0.008538549,-0.00414047187588097,"nmol_m2_s1",NA,NA,NA,24.1,22.4,45,NA
"275","UP 1-1","n2o",0.000780174586276009,0.165278599294213,2023-08-02,307.7,"UP",1,1,0.009171934,0.0941649338025728,"nmol_m2_s1",NA,NA,NA,27.5,24.3,NA,NA
"276","UP 1-2","n2o",0.000362493043104015,0.434394608269621,2023-08-02,307.05,"UP",1,2,0.009551964,0.045661190747168,"nmol_m2_s1",NA,NA,NA,24.7,23.6,NA,NA
"277","UP 1-3","n2o",0.000781914809343101,0.122142325702182,2023-08-02,307.45,"UP",1,3,0.007968503,0.082058894754901,"nmol_m2_s1",NA,NA,NA,24.9,23.4,NA,NA
"278","UP 1-4","n2o",0.000628310656847631,0.00198069480753449,2023-08-02,307.2,"UP",1,4,0.007905165,0.0654678585031245,"nmol_m2_s1",NA,NA,NA,24.1,23.3,NA,NA
"279","UP 2-1","n2o",0.000552799154220614,0.266939190012182,2023-08-02,307.05,"UP",2,1,0.00891858,0.0650156579488582,"nmol_m2_s1",NA,NA,NA,24.7,24.3,15,NA
"280","UP 2-2","n2o",0.000314877117694476,0.0450069820668669,2023-08-02,306.8,"UP",2,2,0.006765073,0.028113972442192,"nmol_m2_s1",NA,NA,NA,27.2,24.1,35,NA
"281","UP 2-3","n2o",0.000712241689179273,0.191684388025325,2023-08-02,305.9,"UP",2,3,0.008981918,0.0846800256041697,"nmol_m2_s1",NA,NA,NA,33.9,23.7,NA,NA
"282","UP 2-4","n2o",0.000872280299213229,0.0177008906263845,2023-08-02,306.15,"UP",2,4,0.008475211,0.097776908301345,"nmol_m2_s1",NA,NA,NA,20.3,23.6,40,NA
"283","SW 1-1","co2",35.8608051322105,4.00367652643167e-06,2023-08-18,301.75,"SW",1,1,0.006385043,3.07256136215482,"umol_m2_s1",NA,NA,NA,50.8,19.4,70,NA
"284","SW 1-2","co2",32.0202456871534,1.65194805216496e-05,2023-08-18,300,"SW",1,2,0.007651811,3.30698040041667,"umol_m2_s1",NA,NA,NA,53.9,20.1,90,NA
"285","SW 1-3","co2",29.6352985603958,1.86501458734466e-05,2023-08-18,284.35,"SW",1,3,0.006955088,2.93509853087762,"umol_m2_s1",NA,NA,NA,NA,NA,NA,NA
"286","SW 1-4","co2",24.1372453962153,1.24055469124124e-05,2023-08-18,284.35,"SW",1,4,0.01012201,3.47908641972108,"umol_m2_s1",NA,NA,NA,NA,NA,NA,NA
"287","SW 2-1","co2",51.0567845632948,8.12371132464876e-05,2023-08-18,273,"SW",2,1,0.007588473,5.7465764413161,"umol_m2_s1",NA,NA,NA,NA,NA,NA,NA
"288","SW 2-2","co2",34.2670922360767,9.14221913178242e-05,2023-08-18,273,"SW",2,2,0.007145104,3.63150914741167,"umol_m2_s1",NA,NA,NA,NA,NA,NA,NA
"289","SW 2-3","co2",36.9826242953427,0.000274649315603163,2023-08-18,273,"SW",2,3,0.007081765,3.88454870478103,"umol_m2_s1",NA,NA,NA,NA,NA,NA,NA
"290","SW 2-4","co2",43.5793107298413,0.000930261478330968,2023-08-18,273,"SW",2,4,0.008538549,5.51906827163464,"umol_m2_s1",NA,NA,NA,NA,NA,NA,NA
"291","UP 1-1","co2",46.7344578130976,5.8324701831938e-05,2023-08-18,304.215,"UP",1,1,0.009171934,5.70533942598893,"umol_m2_s1",NA,NA,NA,43.1,20.1,80,NA
"292","UP 1-2","co2",38.0183877283701,0.000124620228933458,2023-08-18,302.565,"UP",1,2,0.009551964,4.85994848121933,"umol_m2_s1",NA,NA,NA,36.4,19.8,70,NA
"293","UP 1-3","co2",45.4672825559958,5.79388807127563e-05,2023-08-18,303.315,"UP",1,3,0.007968503,4.83666304084104,"umol_m2_s1",NA,NA,NA,39.9,20.1,10,NA
"294","UP 1-4","co2",40.0382664947057,0.000186485731453541,2023-08-18,302.465,"UP",1,4,0.007905165,4.2371619080409,"umol_m2_s1",NA,NA,NA,36.5,20.8,10,NA
"295","UP 2-1","co2",35.4079733051847,0.000227307005296388,2023-08-18,303.35,"UP",2,1,0.00891858,4.2151861986498,"umol_m2_s1",NA,NA,NA,40.6,21.6,20,NA
"296","UP 2-2","co2",34.6600000491566,0.000308575390905507,2023-08-18,304.25,"UP",2,2,0.006765073,3.12057367735122,"umol_m2_s1",NA,NA,NA,45.2,20.9,35,NA
"297","UP 2-3","co2",27.3183459714534,0.000232361949224954,2023-08-18,304.1,"UP",2,3,0.008981918,3.26716484938747,"umol_m2_s1",NA,NA,NA,43.9,21.2,10,NA
"298","UP 2-4","co2",36.421607758757,0.000423183902106381,2023-08-18,303.85,"UP",2,4,0.008475211,4.11352719607197,"umol_m2_s1",NA,NA,NA,36.6,21.3,30,NA
"299","SW 1-1","ch4",-0.0030157525895928,0.0491976713733188,2023-08-18,301.75,"SW",1,1,0.006385043,-0.258390319192201,"nmol_m2_s1",NA,NA,NA,50.8,19.4,70,NA
"300","SW 1-2","ch4",-0.0278329890372418,0.563479756131081,2023-08-18,300,"SW",1,2,0.007651811,-2.87452976252767,"nmol_m2_s1",NA,NA,NA,53.9,20.1,90,NA
"301","SW 1-3","ch4",-0.000854930974096394,0.276742549235756,2023-08-18,284.35,"SW",1,3,0.006955088,-0.0846728991428319,"nmol_m2_s1",NA,NA,NA,NA,NA,NA,NA
"302","SW 1-4","ch4",-9.98492782525853e-05,0.914309780871913,2023-08-18,284.35,"SW",1,4,0.01012201,-0.0143920427656584,"nmol_m2_s1",NA,NA,NA,NA,NA,NA,NA
"303","SW 2-1","ch4",-0.00322003254357423,0.117075955428923,2023-08-18,273,"SW",2,1,0.007588473,-0.362423198277113,"nmol_m2_s1",NA,NA,NA,NA,NA,NA,NA
"304","SW 2-2","ch4",-0.00530851042694787,0.0132691522291819,2023-08-18,273,"SW",2,2,0.007145104,-0.562577765331821,"nmol_m2_s1",NA,NA,NA,NA,NA,NA,NA
"305","SW 2-3","ch4",-0.0179800013747297,0.849321328016465,2023-08-18,273,"SW",2,3,0.007081765,-1.88856773641569,"nmol_m2_s1",NA,NA,NA,NA,NA,NA,NA
"306","SW 2-4","ch4",0.022849257669289,0.181007292045194,2023-08-18,273,"SW",2,4,0.008538549,2.89372665425442,"nmol_m2_s1",NA,NA,NA,NA,NA,NA,NA
"307","UP 1-1","ch4",0.0949549911984021,0.13064668032022,2023-08-18,304.215,"UP",1,1,0.009171934,11.5920988565924,"nmol_m2_s1",NA,NA,NA,43.1,20.1,80,NA
"308","UP 1-2","ch4",-0.0086723776196604,3.80114849045273e-05,2023-08-18,302.565,"UP",1,2,0.009551964,-1.10860325646524,"nmol_m2_s1",NA,NA,NA,36.4,19.8,70,NA
"309","UP 1-3","ch4",-0.0090540312162842,9.48951927981669e-06,2023-08-18,303.315,"UP",1,3,0.007968503,-0.963138672307743,"nmol_m2_s1",NA,NA,NA,39.9,20.1,10,NA
"310","UP 1-4","ch4",-0.0167748178062703,0.416612694053,2023-08-18,302.465,"UP",1,4,0.007905165,-1.7752421682006,"nmol_m2_s1",NA,NA,NA,36.5,20.8,10,NA
"311","UP 2-1","ch4",-0.00411645293422648,0.0306419365680355,2023-08-18,303.35,"UP",2,1,0.00891858,-0.490048256820228,"nmol_m2_s1",NA,NA,NA,40.6,21.6,20,NA
"312","UP 2-2","ch4",-0.122363089269967,0.279079912419622,2023-08-18,304.25,"UP",2,2,0.006765073,-11.0168215497313,"nmol_m2_s1",NA,NA,NA,45.2,20.9,35,NA
"313","UP 2-3","ch4",-0.00211645121441149,0.369081000687605,2023-08-18,304.1,"UP",2,3,0.008981918,-0.253119095145596,"nmol_m2_s1",NA,NA,NA,43.9,21.2,10,NA
"314","UP 2-4","ch4",-0.0019112211932081,0.208693892357452,2023-08-18,303.85,"UP",2,4,0.008475211,-0.215857037614722,"nmol_m2_s1",NA,NA,NA,36.6,21.3,30,NA
"315","SW 1-1","n2o",0.00122189416026744,0.0146772900489779,2023-08-18,301.75,"SW",1,1,0.006385043,0.104692149873349,"nmol_m2_s1",NA,NA,NA,50.8,19.4,70,NA
"316","SW 1-2","n2o",0.00126481359465045,0.0455171744132198,2023-08-18,300,"SW",1,2,0.007651811,0.130627160345859,"nmol_m2_s1",NA,NA,NA,53.9,20.1,90,NA
"317","SW 1-3","n2o",0.000917516268412884,0.122694154289387,2023-08-18,284.35,"SW",1,3,0.006955088,0.0908713858909412,"nmol_m2_s1",NA,NA,NA,NA,NA,NA,NA
"318","SW 1-4","n2o",0.000751445723976512,0.194191225307474,2023-08-18,284.35,"SW",1,4,0.01012201,0.108311639150592,"nmol_m2_s1",NA,NA,NA,NA,NA,NA,NA
"319","SW 2-1","n2o",0.000455210144400376,0.269648236898674,2023-08-18,273,"SW",2,1,0.007588473,0.0512351084000675,"nmol_m2_s1",NA,NA,NA,NA,NA,NA,NA
"320","SW 2-2","n2o",-2.62009657615984e-05,0.966021847927484,2023-08-18,273,"SW",2,2,0.007145104,-0.00277668867199916,"nmol_m2_s1",NA,NA,NA,NA,NA,NA,NA
"321","SW 2-3","n2o",0.000142587756732362,0.672082745437457,2023-08-18,273,"SW",2,3,0.007081765,0.0149770086976246,"nmol_m2_s1",NA,NA,NA,NA,NA,NA,NA
"322","SW 2-4","n2o",-3.66876308255793e-05,0.925882493549292,2023-08-18,273,"SW",2,4,0.008538549,-0.00464627677353896,"nmol_m2_s1",NA,NA,NA,NA,NA,NA,NA
"323","UP 1-1","n2o",0.000780174586276009,0.165278599294213,2023-08-18,304.215,"UP",1,1,0.009171934,0.095243660342362,"nmol_m2_s1",NA,NA,NA,43.1,20.1,80,NA
"324","UP 1-2","n2o",0.000362493043104015,0.434394608269621,2023-08-18,302.565,"UP",1,2,0.009551964,0.0463380385005468,"nmol_m2_s1",NA,NA,NA,36.4,19.8,70,NA
"325","UP 1-3","n2o",0.000781914809343101,0.122142325702182,2023-08-18,303.315,"UP",1,3,0.007968503,0.0831775783999945,"nmol_m2_s1",NA,NA,NA,39.9,20.1,10,NA
"326","UP 1-4","n2o",0.000628310656847631,0.00198069480753449,2023-08-18,302.465,"UP",1,4,0.007905165,0.0664927384396867,"nmol_m2_s1",NA,NA,NA,36.5,20.8,10,NA
"327","UP 2-1","n2o",0.000552799154220614,0.266939190012182,2023-08-18,303.35,"UP",2,1,0.00891858,0.0658086625125991,"nmol_m2_s1",NA,NA,NA,40.6,21.6,20,NA
"328","UP 2-2","n2o",0.000314877117694476,0.0450069820668669,2023-08-18,304.25,"UP",2,2,0.006765073,0.0283496031068677,"nmol_m2_s1",NA,NA,NA,45.2,20.9,35,NA
"329","UP 2-3","n2o",0.000712241689179273,0.191684388025325,2023-08-18,304.1,"UP",2,3,0.008981918,0.0851812556143226,"nmol_m2_s1",NA,NA,NA,43.9,21.2,10,NA
"330","UP 2-4","n2o",0.000872280299213229,0.0177008906263845,2023-08-18,303.85,"UP",2,4,0.008475211,0.0985170329980477,"nmol_m2_s1",NA,NA,NA,36.6,21.3,30,NA
"331","SW 1-1","co2",7.64765022767693,2.06528217043796e-05,2023-05-18,295.65,"SW",1,1,0.006385043,0.668771783550341,"umol_m2_s1",NA,NA,NA,54.2,14,NA,NA
"332","SW 1-2","co2",15.735542151539,0.000218277809882185,2023-05-18,296.55,"SW",1,2,0.007651811,1.64403855490507,"umol_m2_s1",NA,NA,NA,53.6,13.9,NA,NA
"333","SW 1-3","co2",10.7817594716289,0.00261407694876035,2023-05-18,297.05,"SW",1,3,0.006955088,1.02217838477845,"umol_m2_s1",NA,NA,NA,52.1,13.6,NA,NA
"334","SW 1-4","co2",14.2977470213171,0.000105777495229952,2023-05-18,294.1,"SW",1,4,0.01012201,1.99252292786954,"umol_m2_s1",NA,NA,NA,53.4,13.7,NA,NA
"335","SW 2-1","co2",42.6010437255871,8.25069413317732e-05,2023-05-18,304.15,"SW",2,1,0.007588473,4.3037872369035,"umol_m2_s1",NA,NA,NA,46.2,14.8,80,NA
"336","SW 2-2","co2",28.1376743081376,6.26716682268518e-05,2023-05-18,304.35,"SW",2,2,0.007145104,2.67477606461105,"umol_m2_s1",NA,NA,NA,52.8,14.7,50,NA
"337","SW 2-3","co2",23.8879889964366,0.000171081134663562,2023-05-18,304.6,"SW",2,3,0.007081765,2.24882253116341,"umol_m2_s1",NA,NA,NA,52.9,15.1,10,NA
"338","SW 2-4","co2",33.5375228412766,0.00480098899181907,2023-05-18,303.95,"SW",2,4,0.008538549,3.81484494078246,"umol_m2_s1",NA,NA,NA,48.8,14.9,80,NA
"339","UP 1-1","co2",31.913173828839,7.41785647416611e-05,2023-05-18,297.45,"UP",1,1,0.009171934,3.98456510138901,"umol_m2_s1",NA,NA,NA,40.8,14.8,NA,NA
"340","UP 1-2","co2",29.8121162282155,6.38958845846386e-05,2023-05-18,297.6,"UP",1,2,0.009551964,3.87450777986054,"umol_m2_s1",NA,NA,NA,40.2,14.6,NA,NA
"341","UP 1-3","co2",32.7743022385992,0.000189315904720164,2023-05-18,298,"UP",1,3,0.007968503,3.5486070595828,"umol_m2_s1",NA,NA,NA,40.8,14.2,NA,NA
"342","UP 1-4","co2",31.8368192073441,1.24001626576252e-05,2023-05-18,295.95,"UP",1,4,0.007905165,3.44339026606709,"umol_m2_s1",NA,NA,NA,42.9,14.3,NA,NA
"343","UP 2-1","co2",23.1565266836806,0.000405929131272154,2023-05-18,301.5,"UP",2,1,0.00891858,2.77361256483495,"umol_m2_s1",NA,NA,NA,29.8,15.7,NA,NA
"344","UP 2-2","co2",22.239159693741,0.000379033349298322,2023-05-18,301.75,"UP",2,2,0.006765073,2.01886632205931,"umol_m2_s1",NA,NA,NA,28.3,15.8,NA,NA
"345","UP 2-3","co2",15.5168296324178,0.00179658053061448,2023-05-18,301.65,"UP",2,3,0.008981918,1.87082312463602,"umol_m2_s1",NA,NA,NA,33.9,15.6,NA,NA
"346","UP 2-4","co2",27.9011728787838,0.000156564934725809,2023-05-18,301.6,"UP",2,4,0.008475211,3.17472142969001,"umol_m2_s1",NA,NA,NA,22.3,15.8,NA,NA
"347","SW 1-1","ch4",0.0608347508000515,0.00132009614120519,2023-05-18,295.65,"SW",1,1,0.006385043,5.31987781647663,"nmol_m2_s1",NA,NA,NA,54.2,14,NA,NA
"348","SW 1-2","ch4",0.312042728453194,0.0145615717726252,2023-05-18,296.55,"SW",1,2,0.007651811,32.6020083333861,"nmol_m2_s1",NA,NA,NA,53.6,13.9,NA,NA
"349","SW 1-3","ch4",0.197883983164408,0.000230809811989492,2023-05-18,297.05,"SW",1,3,0.006955088,18.7606420655905,"nmol_m2_s1",NA,NA,NA,52.1,13.6,NA,NA
"350","SW 1-4","ch4",0.0775444126085558,0.000300170505747756,2023-05-18,294.1,"SW",1,4,0.01012201,10.8065291559824,"nmol_m2_s1",NA,NA,NA,53.4,13.7,NA,NA
"351","SW 2-1","ch4",0.000379377111948627,0.625999661906807,2023-05-18,304.15,"SW",2,1,0.007588473,0.0383267222957061,"nmol_m2_s1",NA,NA,NA,46.2,14.8,80,NA
"352","SW 2-2","ch4",0.00406709430927125,0.0221706498539573,2023-05-18,304.35,"SW",2,2,0.007145104,0.386619249047474,"nmol_m2_s1",NA,NA,NA,52.8,14.7,50,NA
"353","SW 2-3","ch4",0.000856224160512313,0.583717776904639,2023-05-18,304.6,"SW",2,3,0.007081765,0.0806052022283583,"nmol_m2_s1",NA,NA,NA,52.9,15.1,10,NA
"354","SW 2-4","ch4",0.00141731508428759,0.306252410125365,2023-05-18,303.95,"SW",2,4,0.008538549,0.161217550395066,"nmol_m2_s1",NA,NA,NA,48.8,14.9,80,NA
"355","UP 1-1","ch4",-0.00287054717012153,0.0364661301619955,2023-05-18,297.45,"UP",1,1,0.009171934,-0.358406285043989,"nmol_m2_s1",NA,NA,NA,40.8,14.8,NA,NA
"356","UP 1-2","ch4",-0.00407822934149418,0.0216256070678706,2023-05-18,297.6,"UP",1,2,0.009551964,-0.530023806116784,"nmol_m2_s1",NA,NA,NA,40.2,14.6,NA,NA
"357","UP 1-3","ch4",-0.0019860936673228,0.0830863964891401,2023-05-18,298,"UP",1,3,0.007968503,-0.215042442629149,"nmol_m2_s1",NA,NA,NA,40.8,14.2,NA,NA
"358","UP 1-4","ch4",-0.0041735604749173,0.055857079404307,2023-05-18,295.95,"UP",1,4,0.007905165,-0.45140180055605,"nmol_m2_s1",NA,NA,NA,42.9,14.3,NA,NA
"359","UP 2-1","ch4",-0.00226102556656217,0.000574135749362157,2023-05-18,301.5,"UP",2,1,0.00891858,-0.270818201990952,"nmol_m2_s1",NA,NA,NA,29.8,15.7,NA,NA
"360","UP 2-2","ch4",-0.00270647436433851,0.0663661005226326,2023-05-18,301.75,"UP",2,2,0.006765073,-0.245693183597115,"nmol_m2_s1",NA,NA,NA,28.3,15.8,NA,NA
"361","UP 2-3","ch4",-0.00500948003773276,0.0375186759209762,2023-05-18,301.65,"UP",2,3,0.008981918,-0.603979763843852,"nmol_m2_s1",NA,NA,NA,33.9,15.6,NA,NA
"362","UP 2-4","ch4",0.0105419003843485,0.238933785803702,2023-05-18,301.6,"UP",2,4,0.008475211,1.19950502458259,"nmol_m2_s1",NA,NA,NA,22.3,15.8,NA,NA
"363","SW 1-1","n2o",0.000689365578130823,9.2919185058727e-05,2023-05-18,295.65,"SW",1,1,0.006385043,0.0602836470653817,"nmol_m2_s1",NA,NA,NA,54.2,14,NA,NA
"364","SW 1-2","n2o",-0.0072825538473747,0.275272433684966,2023-05-18,296.55,"SW",1,2,0.007651811,-0.760876186403607,"nmol_m2_s1",NA,NA,NA,53.6,13.9,NA,NA
"365","SW 1-3","n2o",-0.00713379197936869,0.301814473161266,2023-05-18,297.05,"SW",1,3,0.006955088,-0.676328198751301,"nmol_m2_s1",NA,NA,NA,52.1,13.6,NA,NA
"366","SW 1-4","n2o",-0.00747392533953147,0.288453956918933,2023-05-18,294.1,"SW",1,4,0.01012201,-1.04156043452151,"nmol_m2_s1",NA,NA,NA,53.4,13.7,NA,NA
"367","SW 2-1","n2o",0.0057451218371634,0.532596722760298,2023-05-18,304.15,"SW",2,1,0.007588473,0.580403198487567,"nmol_m2_s1",NA,NA,NA,46.2,14.8,80,NA
"368","SW 2-2","n2o",0.00441448343775797,0.699138090996544,2023-05-18,304.35,"SW",2,2,0.007145104,0.419642167566139,"nmol_m2_s1",NA,NA,NA,52.8,14.7,50,NA
"369","SW 2-3","n2o",-0.00789306420065853,0.263077501211641,2023-05-18,304.6,"SW",2,3,0.007081765,-0.743055458415024,"nmol_m2_s1",NA,NA,NA,52.9,15.1,10,NA
"370","SW 2-4","n2o",0.0111084125535994,0.0978824423609287,2023-05-18,303.95,"SW",2,4,0.008538549,1.26356593570672,"nmol_m2_s1",NA,NA,NA,48.8,14.9,80,NA
"371","UP 1-1","n2o",0.00132316838097299,0.881912456097953,2023-05-18,297.45,"UP",1,1,0.009171934,0.16520608643826,"nmol_m2_s1",NA,NA,NA,40.8,14.8,NA,NA
"372","UP 1-2","n2o",-0.000418335254047575,0.4091413706132,2023-05-18,297.6,"UP",1,2,0.009551964,-0.0543686058376234,"nmol_m2_s1",NA,NA,NA,40.2,14.6,NA,NA
"373","UP 1-3","n2o",0.000248653017429484,0.606944973403624,2023-05-18,298,"UP",1,3,0.007968503,0.0269226739478113,"nmol_m2_s1",NA,NA,NA,40.8,14.2,NA,NA
"374","UP 1-4","n2o",-0.000381283909949319,0.157654894047247,2023-05-18,295.95,"UP",1,4,0.007905165,-0.0412387084142069,"nmol_m2_s1",NA,NA,NA,42.9,14.3,NA,NA
"375","UP 2-1","n2o",0.000298794579816857,0.45053250482495,2023-05-18,301.5,"UP",2,1,0.00891858,0.0357886315251527,"nmol_m2_s1",NA,NA,NA,29.8,15.7,NA,NA
"376","UP 2-2","n2o",0.00892211806574014,0.117326906461737,2023-05-18,301.75,"UP",2,2,0.006765073,0.809948034566662,"nmol_m2_s1",NA,NA,NA,28.3,15.8,NA,NA
"377","UP 2-3","n2o",-0.000428634659804288,0.273467780178887,2023-05-18,301.65,"UP",2,3,0.008981918,-0.0516793476875602,"nmol_m2_s1",NA,NA,NA,33.9,15.6,NA,NA
"378","UP 2-4","n2o",-0.000156940603823622,0.333630751669406,2023-05-18,301.6,"UP",2,4,0.008475211,-0.0178574105222009,"nmol_m2_s1",NA,NA,NA,22.3,15.8,NA,NA
