chamber,ecosystem_name,ecosystem_block,rep,gas,estimate,p.value,average_temp_kelvin,total_vol_m3,flux,units,date,plot,sensor_soil_moisture_percent,oven_soil_moisture_percent,plant_biomass_g,plant_cover_percent,soil_temperature_c
SW 1-1,SW,1,1,co2,32.81023468,4.11E-05,306.5,0.006385043,2.871860998,mgc-co2_m2_d,7/9/22,SW_1,NA,33.2,NA,25,NA
SW 1-2,SW,1,2,co2,31.0306648,0.009506472,305.75,0.007651811,3.262943697,mgc-co2_m2_d,7/9/22,SW_1,NA,NA,NA,NA,NA
SW 1-3,SW,1,3,co2,21.71656968,0.00059308,306.35,0.006955088,2.071556113,mgc-co2_m2_d,7/9/22,SW_1,NA,NA,NA,5,NA
SW 2-1,SW,2,1,co2,37.60512908,0.002040899,305.95,0.007588473,3.918968302,mgc-co2_m2_d,7/9/22,SW_2,NA,30.3,NA,NA,NA
SW 2-2,SW,2,2,co2,28.18906117,0.007553892,305.55,0.007145104,2.769667339,mgc-co2_m2_d,7/9/22,SW_2,NA,NA,NA,10,NA
SW 2-3,SW,2,3,co2,34.77151703,0.000113681,306.4,0.007081765,3.376736095,mgc-co2_m2_d,7/9/22,SW_2,NA,NA,NA,5,NA
SW 2-4,SW,2,4,co2,31.31808015,0.000978686,307,0.008538549,3.659835472,mgc-co2_m2_d,7/9/22,SW_2,NA,NA,NA,15,NA
UP 1-1,UP,1,1,co2,40.4210208,NA,305.35,0.009171934,5.101419113,mgc-co2_m2_d,7/9/22,UP_1,NA,26.8,NA,5,NA
UP 1-2,UP,1,2,co2,28.64760817,0.000849751,304.4,0.009551964,3.777088217,mgc-co2_m2_d,7/9/22,UP_1,NA,NA,NA,10,NA
UP 1-3,UP,1,3,co2,29.8948154,0.01035357,305.55,0.007968503,3.275752339,mgc-co2_m2_d,7/9/22,UP_1,NA,NA,NA,NA,NA
UP 1-4,UP,1,4,co2,31.13697994,0.012348778,307.05,0.007905165,3.368209183,mgc-co2_m2_d,7/9/22,UP_1,NA,NA,NA,NA,NA
UP 2-1,UP,2,1,co2,21.52418444,0.073450552,307.15,0.00891858,2.625987345,mgc-co2_m2_d,7/9/22,UP_2,NA,15.5,NA,5,NA
UP 2-2,UP,2,2,co2,10.44044767,0.295220699,307.9,0.006765073,0.963834906,mgc-co2_m2_d,7/9/22,UP_2,NA,NA,NA,NA,NA
UP 2-3,UP,2,3,co2,24.72467121,2.50E-05,307.7,0.008981918,3.032444395,mgc-co2_m2_d,7/9/22,UP_2,NA,NA,NA,NA,NA
UP 2-4,UP,2,4,co2,28.50596324,7.55E-05,308.35,0.008475211,3.292024196,mgc-co2_m2_d,7/9/22,UP_2,NA,NA,NA,5,NA
SW 1-1,SW,1,1,ch4,-0.007164079,0.261220357,306.5,0.006385043,-0.627067751,mugc-ch4_m2_d,7/9/22,SW_1,NA,33.2,NA,25,NA
SW 1-2,SW,1,2,ch4,0.007707044,0.381251123,305.75,0.007651811,0.810412872,mugc-ch4_m2_d,7/9/22,SW_1,NA,NA,NA,NA,NA
SW 1-3,SW,1,3,ch4,-0.012413394,0.212240343,306.35,0.006955088,-1.184120802,mugc-ch4_m2_d,7/9/22,SW_1,NA,NA,NA,5,NA
SW 2-1,SW,2,1,ch4,-0.005505971,0.015774964,305.95,0.007588473,-0.573797415,mugc-ch4_m2_d,7/9/22,SW_2,NA,30.3,NA,NA,NA
SW 2-2,SW,2,2,ch4,-0.016696382,0.248676643,305.55,0.007145104,-1.640474106,mugc-ch4_m2_d,7/9/22,SW_2,NA,NA,NA,10,NA
SW 2-3,SW,2,3,ch4,-0.006347297,0.033118701,306.4,0.007081765,-0.616399526,mugc-ch4_m2_d,7/9/22,SW_2,NA,NA,NA,5,NA
SW 2-4,SW,2,4,ch4,-0.015819455,0.090411706,307,0.008538549,-1.84866388,mugc-ch4_m2_d,7/9/22,SW_2,NA,NA,NA,15,NA
UP 1-1,UP,1,1,ch4,-0.005965387,NA,305.35,0.009171934,-0.752874075,mugc-ch4_m2_d,7/9/22,UP_1,NA,26.8,NA,5,NA
UP 1-2,UP,1,2,ch4,-0.007191507,0.005065052,304.4,0.009551964,-0.948175393,mugc-ch4_m2_d,7/9/22,UP_1,NA,NA,NA,10,NA
UP 1-3,UP,1,3,ch4,-0.010922664,0.027874012,305.55,0.007968503,-1.196861082,mugc-ch4_m2_d,7/9/22,UP_1,NA,NA,NA,NA,NA
UP 1-4,UP,1,4,ch4,-0.018053844,0.156703045,307.05,0.007905165,-1.95295512,mugc-ch4_m2_d,7/9/22,UP_1,NA,NA,NA,NA,NA
UP 2-1,UP,2,1,ch4,0.011150476,0.695176064,307.15,0.00891858,1.360377146,mugc-ch4_m2_d,7/9/22,UP_2,NA,15.5,NA,5,NA
UP 2-2,UP,2,2,ch4,-0.080127104,0.638420432,307.9,0.006765073,-7.397125328,mugc-ch4_m2_d,7/9/22,UP_2,NA,NA,NA,NA,NA
UP 2-3,UP,2,3,ch4,-0.00192963,0.043943781,307.7,0.008981918,-0.236666238,mugc-ch4_m2_d,7/9/22,UP_2,NA,NA,NA,NA,NA
UP 2-4,UP,2,4,ch4,-0.012233982,0.149126071,308.35,0.008475211,-1.412846993,mugc-ch4_m2_d,7/9/22,UP_2,NA,NA,NA,5,NA
SW 1-1,SW,1,1,n2o,0.001462977,0.400458149,306.5,0.006385043,0.469277211,mugn-n2o_m2_d,7/9/22,SW_1,NA,33.2,NA,25,NA
SW 1-2,SW,1,2,n2o,0.004880726,0.1721318,305.75,0.007651811,1.880792669,mugn-n2o_m2_d,7/9/22,SW_1,NA,NA,NA,NA,NA
SW 1-3,SW,1,3,n2o,-0.000654736,0.648395785,306.35,0.006955088,-0.228881007,mugn-n2o_m2_d,7/9/22,SW_1,NA,NA,NA,5,NA
SW 2-1,SW,2,1,n2o,0.001366124,0.088489794,305.95,0.007588473,0.521738205,mugn-n2o_m2_d,7/9/22,SW_2,NA,30.3,NA,NA,NA
SW 2-2,SW,2,2,n2o,-0.000113293,0.937804369,305.55,0.007145104,-0.040793154,mugn-n2o_m2_d,7/9/22,SW_2,NA,NA,NA,10,NA
SW 2-3,SW,2,3,n2o,0.000972202,0.136264923,306.4,0.007081765,0.345993483,mugn-n2o_m2_d,7/9/22,SW_2,NA,NA,NA,5,NA
SW 2-4,SW,2,4,n2o,9.23E-05,0.627295887,307,0.008538549,0.039517105,mugn-n2o_m2_d,7/9/22,SW_2,NA,NA,NA,15,NA
UP 1-1,UP,1,1,n2o,0.000572317,NA,305.35,0.009171934,0.264702568,mugn-n2o_m2_d,7/9/22,UP_1,NA,26.8,NA,5,NA
UP 1-2,UP,1,2,n2o,0.000794318,0.552198845,304.4,0.009551964,0.38379644,mugn-n2o_m2_d,7/9/22,UP_1,NA,NA,NA,10,NA
UP 1-3,UP,1,3,n2o,0.001316369,0.289443634,305.55,0.007968503,0.528604329,mugn-n2o_m2_d,7/9/22,UP_1,NA,NA,NA,NA,NA
UP 1-4,UP,1,4,n2o,-0.000834874,0.429873191,307.05,0.007905165,-0.330964701,mugn-n2o_m2_d,7/9/22,UP_1,NA,NA,NA,NA,NA
UP 2-1,UP,2,1,n2o,0.003129192,0.455883342,307.15,0.00891858,1.399059412,mugn-n2o_m2_d,7/9/22,UP_2,NA,15.5,NA,5,NA
UP 2-2,UP,2,2,n2o,-0.004703916,0.311056619,307.9,0.006765073,-1.591406081,mugn-n2o_m2_d,7/9/22,UP_2,NA,NA,NA,NA,NA
UP 2-3,UP,2,3,n2o,0.001962764,0.115529121,307.7,0.008981918,0.882202613,mugn-n2o_m2_d,7/9/22,UP_2,NA,NA,NA,NA,NA
UP 2-4,UP,2,4,n2o,0.000293786,0.789362394,308.35,0.008475211,0.124335671,mugn-n2o_m2_d,7/9/22,UP_2,NA,NA,NA,5,NA
SW 1-1,SW,1,1,co2,25.36323145,0.006281521,309.7,0.006385043,2.197090454,mgc-co2_m2_d,7/22/22,SW_1,NA,NA,59.72,10,22.6
SW 1-2,SW,1,2,co2,38.28197264,0.012046311,310.35,0.007651811,3.965770013,mgc-co2_m2_d,7/22/22,SW_1,NA,NA,59.72,5,22.9
SW 1-3,SW,1,3,co2,30.20157782,4.94E-06,310.1,0.006955088,2.846107022,mgc-co2_m2_d,7/22/22,SW_1,NA,NA,59.72,15,22.5
SW 2-1,SW,2,1,co2,23.34507477,0.057391085,308.05,0.007588473,2.41629069,mgc-co2_m2_d,7/22/22,SW_2,NA,NA,41.74,15,23.6
SW 2-2,SW,2,2,co2,29.19222309,0.000863772,309.35,0.007145104,2.832998436,mgc-co2_m2_d,7/22/22,SW_2,NA,NA,41.74,5,23.2
SW 2-3,SW,2,3,co2,28.33430342,0.021588997,306.65,0.007081765,2.74936129,mgc-co2_m2_d,7/22/22,SW_2,NA,NA,41.74,10,23.3
SW 2-4,SW,2,4,co2,25.20004183,0.002120553,306.4,0.008538549,2.950647348,mgc-co2_m2_d,7/22/22,SW_2,NA,NA,41.74,30,23.9
UP 1-1,UP,1,1,co2,23.50736293,0.007782996,308.25,0.009171934,2.938884237,mgc-co2_m2_d,7/22/22,UP_1,NA,NA,61.13,NA,21.9
UP 1-2,UP,1,2,co2,21.5773072,0.002729927,306.95,0.009551964,2.821259375,mgc-co2_m2_d,7/22/22,UP_1,NA,NA,61.13,10,21.8
UP 1-3,UP,1,3,co2,11.53642939,0.444225568,308.9,0.007968503,1.25040579,mgc-co2_m2_d,7/22/22,UP_1,NA,NA,61.13,5,21.8
UP 1-4,UP,1,4,co2,28.88799237,0.000126104,309,0.007905165,3.105206965,mgc-co2_m2_d,7/22/22,UP_1,NA,NA,61.13,5,21.1
UP 2-1,UP,2,1,co2,22.79448283,0.000903975,308.95,0.00891858,2.7647635,mgc-co2_m2_d,7/22/22,UP_2,NA,NA,54.47,5,21.7
UP 2-2,UP,2,2,co2,20.04268812,0.018700721,308.85,0.006765073,1.844597355,mgc-co2_m2_d,7/22/22,UP_2,NA,NA,54.47,NA,22.7
UP 2-3,UP,2,3,co2,19.43185624,0.001215035,308.9,0.008981918,2.374029972,mgc-co2_m2_d,7/22/22,UP_2,NA,NA,54.47,NA,21.9
UP 2-4,UP,2,4,co2,16.64686452,0.066067214,307.75,0.008475211,1.926218874,mgc-co2_m2_d,7/22/22,UP_2,NA,NA,54.47,10,21.3
SW 1-1,SW,1,1,ch4,-0.013535558,0.408910571,309.7,0.006385043,-1.172517986,mugc-ch4_m2_d,7/22/22,SW_1,NA,NA,59.72,10,22.6
SW 1-2,SW,1,2,ch4,0.001816776,0.851893813,310.35,0.007651811,0.188206447,mugc-ch4_m2_d,7/22/22,SW_1,NA,NA,59.72,5,22.9
SW 1-3,SW,1,3,ch4,-0.008589914,0.129226929,310.1,0.006955088,-0.809488008,mugc-ch4_m2_d,7/22/22,SW_1,NA,NA,59.72,15,22.5
SW 2-1,SW,2,1,ch4,-0.00394908,0.457525041,308.05,0.007588473,-0.408742541,mugc-ch4_m2_d,7/22/22,SW_2,NA,NA,41.74,15,23.6
SW 2-2,SW,2,2,ch4,-0.01584912,0.173106759,309.35,0.007145104,-1.538099099,mugc-ch4_m2_d,7/22/22,SW_2,NA,NA,41.74,5,23.2
SW 2-3,SW,2,3,ch4,0.010339903,0.6766012,306.65,0.007081765,1.003311389,mugc-ch4_m2_d,7/22/22,SW_2,NA,NA,41.74,10,23.3
SW 2-4,SW,2,4,ch4,-0.015078215,0.099018323,306.4,0.008538549,-1.765492873,mugc-ch4_m2_d,7/22/22,SW_2,NA,NA,41.74,30,23.9
UP 1-1,UP,1,1,ch4,-0.00967301,0.017657302,308.25,0.009171934,-1.209317174,mugc-ch4_m2_d,7/22/22,UP_1,NA,NA,61.13,NA,21.9
UP 1-2,UP,1,2,ch4,-0.018519261,0.180825718,306.95,0.009551964,-2.421416095,mugc-ch4_m2_d,7/22/22,UP_1,NA,NA,61.13,10,21.8
UP 1-3,UP,1,3,ch4,-0.031153005,0.091440034,308.9,0.007968503,-3.376599114,mugc-ch4_m2_d,7/22/22,UP_1,NA,NA,61.13,5,21.8
UP 1-4,UP,1,4,ch4,-0.017187102,0.025863832,309,0.007905165,-1.847463388,mugc-ch4_m2_d,7/22/22,UP_1,NA,NA,61.13,5,21.1
UP 2-1,UP,2,1,ch4,-0.012609959,0.250888598,308.95,0.00891858,-1.52947332,mugc-ch4_m2_d,7/22/22,UP_2,NA,NA,54.47,5,21.7
UP 2-2,UP,2,2,ch4,-0.006039467,0.046725718,308.85,0.006765073,-0.555832848,mugc-ch4_m2_d,7/22/22,UP_2,NA,NA,54.47,NA,22.7
UP 2-3,UP,2,3,ch4,-0.005188313,0.080791268,308.9,0.008981918,-0.633866929,mugc-ch4_m2_d,7/22/22,UP_2,NA,NA,54.47,NA,21.9
UP 2-4,UP,2,4,ch4,-0.013001782,0.016131242,307.75,0.008475211,-1.504444093,mugc-ch4_m2_d,7/22/22,UP_2,NA,NA,54.47,10,21.3
SW 1-1,SW,1,1,n2o,-0.001326791,0.636960999,309.7,0.006385043,-0.421195708,mugn-n2o_m2_d,7/22/22,SW_1,NA,NA,59.72,10,22.6
SW 1-2,SW,1,2,n2o,0.001596933,0.557224829,310.35,0.007651811,0.606258591,mugn-n2o_m2_d,7/22/22,SW_1,NA,NA,59.72,5,22.9
SW 1-3,SW,1,3,n2o,0.000352204,0.510890242,310.1,0.006955088,0.121633575,mugn-n2o_m2_d,7/22/22,SW_1,NA,NA,59.72,15,22.5
SW 2-1,SW,2,1,n2o,-0.000279228,0.908637118,308.05,0.007588473,-0.105913412,mugn-n2o_m2_d,7/22/22,SW_2,NA,NA,41.74,15,23.6
SW 2-2,SW,2,2,n2o,-0.001052807,0.254681459,309.35,0.007145104,-0.374426042,mugn-n2o_m2_d,7/22/22,SW_2,NA,NA,41.74,5,23.2
SW 2-3,SW,2,3,n2o,0.00348427,0.454987006,306.65,0.007081765,1.238993463,mugn-n2o_m2_d,7/22/22,SW_2,NA,NA,41.74,10,23.3
SW 2-4,SW,2,4,n2o,-0.001189043,0.155443293,306.4,0.008538549,-0.510212915,mugn-n2o_m2_d,7/22/22,SW_2,NA,NA,41.74,30,23.9
UP 1-1,UP,1,1,n2o,0.000515134,0.594841007,308.25,0.009171934,0.236013565,mugn-n2o_m2_d,7/22/22,UP_1,NA,NA,61.13,NA,21.9
UP 1-2,UP,1,2,n2o,-0.001052072,0.320674686,306.95,0.009551964,-0.504114728,mugn-n2o_m2_d,7/22/22,UP_1,NA,NA,61.13,10,21.8
UP 1-3,UP,1,3,n2o,-0.005035567,0.061266984,308.9,0.007968503,-2.000165275,mugn-n2o_m2_d,7/22/22,UP_1,NA,NA,61.13,5,21.8
UP 1-4,UP,1,4,n2o,-0.000132561,0.796735503,309,0.007905165,-0.052218986,mugn-n2o_m2_d,7/22/22,UP_1,NA,NA,61.13,5,21.1
UP 2-1,UP,2,1,n2o,-0.00153126,0.37550608,308.95,0.00891858,-0.680636298,mugn-n2o_m2_d,7/22/22,UP_2,NA,NA,54.47,5,21.7
UP 2-2,UP,2,2,n2o,0.000198912,0.314055933,308.85,0.006765073,0.067087827,mugn-n2o_m2_d,7/22/22,UP_2,NA,NA,54.47,NA,22.7
UP 2-3,UP,2,3,n2o,-0.000156269,0.467581761,308.9,0.008981918,-0.069965395,mugn-n2o_m2_d,7/22/22,UP_2,NA,NA,54.47,NA,21.9
UP 2-4,UP,2,4,n2o,-0.001213843,0.661605985,307.75,0.008475211,-0.51472328,mugn-n2o_m2_d,7/22/22,UP_2,NA,NA,54.47,10,21.3
SW 1-1,SW,1,1,co2,18.03129645,0.000256106,300.75,0.006385043,1.608443741,mgc-co2_m2_d,8/12/22,SW_1,37.8,23.8,NA,20,20.4
SW 1-2,SW,1,2,co2,19.81411646,0.001326978,300.65,0.007651811,2.118841491,mgc-co2_m2_d,8/12/22,SW_1,42.7,15.5,NA,15,21.2
SW 1-3,SW,1,3,co2,20.68843018,0.049439266,301.25,0.006955088,2.006891266,mgc-co2_m2_d,8/12/22,SW_1,41,28.6,NA,20,22.1
SW 1-4,SW,1,4,co2,10.26953047,0.036960017,301.1,0.01012201,1.450532039,mgc-co2_m2_d,8/12/22,SW_1,35.2,23.1,NA,15,20.9
SW 2-1,SW,2,1,co2,22.98771331,0.001058761,300.05,0.007588473,2.442740121,mgc-co2_m2_d,8/12/22,SW_2,3.9,23.1,NA,40,22.7
SW 2-2,SW,2,2,co2,19.10408215,0.000236497,299.9,0.007145104,1.912401154,mgc-co2_m2_d,8/12/22,SW_2,9.8,20.9,NA,10,21.3
SW 2-3,SW,2,3,co2,18.24998928,5.88E-05,299.75,0.007081765,1.811613984,mgc-co2_m2_d,8/12/22,SW_2,10.8,22.1,NA,5,21.9
SW 2-4,SW,2,4,co2,23.33524899,0.008700935,300.25,0.008538549,2.78826617,mgc-co2_m2_d,8/12/22,SW_2,8.3,16.8,NA,55,21.6
UP 1-1,UP,1,1,co2,26.04864892,0.004919202,299.8,0.009171934,3.348383755,mgc-co2_m2_d,8/12/22,UP_1,17.3,21.7,NA,10,21
UP 1-2,UP,1,2,co2,17.92725693,0.000188013,299.55,0.009551964,2.401916619,mgc-co2_m2_d,8/12/22,UP_1,20.6,16.5,NA,15,21.1
UP 1-3,UP,1,3,co2,22.60224896,0.000426561,299.35,0.007968503,2.527958054,mgc-co2_m2_d,8/12/22,UP_1,18.7,20.6,NA,5,20.9
UP 1-4,UP,1,4,co2,21.98788688,0.000403804,299.8,0.007905165,2.436035068,mgc-co2_m2_d,8/12/22,UP_1,16.9,14.1,NA,15,20.6
UP 2-1,UP,2,1,co2,17.32915815,0.000245659,299.85,0.00891858,2.165657908,mgc-co2_m2_d,8/12/22,UP_2,25.1,15.5,NA,10,20.6
UP 2-2,UP,2,2,co2,18.5041141,0.004281978,299.4,0.006765073,1.756749022,mgc-co2_m2_d,8/12/22,UP_2,21.7,13.4,NA,NA,22.1
UP 2-3,UP,2,3,co2,16.16826074,0.000109994,299.25,0.008981918,2.039008153,mgc-co2_m2_d,8/12/22,UP_2,35.4,17.9,NA,NA,22.1
UP 2-4,UP,2,4,co2,20.38705018,0.00173556,299.55,0.008475211,2.423574188,mgc-co2_m2_d,8/12/22,UP_2,25.4,12.6,NA,10,21.5
SW 1-1,SW,1,1,ch4,-0.014261245,0.15873805,300.75,0.006385043,-1.272144276,mugc-ch4_m2_d,8/12/22,SW_1,37.8,23.8,NA,20,20.4
SW 1-2,SW,1,2,ch4,0.002647088,0.180085047,300.65,0.007651811,0.283068932,mugc-ch4_m2_d,8/12/22,SW_1,42.7,15.5,NA,15,21.2
SW 1-3,SW,1,3,ch4,-0.002983219,0.442324396,301.25,0.006955088,-0.289388639,mugc-ch4_m2_d,8/12/22,SW_1,41,28.6,NA,20,22.1
SW 1-4,SW,1,4,ch4,-0.007294607,0.219397037,301.1,0.01012201,-1.03033547,mugc-ch4_m2_d,8/12/22,SW_1,35.2,23.1,NA,15,20.9
SW 2-1,SW,2,1,ch4,-0.014741214,0.153624066,300.05,0.007588473,-1.566443574,mugc-ch4_m2_d,8/12/22,SW_2,3.9,23.1,NA,40,22.7
SW 2-2,SW,2,2,ch4,-0.002920115,0.349339148,299.9,0.007145104,-0.292316083,mugc-ch4_m2_d,8/12/22,SW_2,9.8,20.9,NA,10,21.3
SW 2-3,SW,2,3,ch4,-0.013301284,0.132695311,299.75,0.007081765,-1.32037291,mugc-ch4_m2_d,8/12/22,SW_2,10.8,22.1,NA,5,21.9
SW 2-4,SW,2,4,ch4,-0.009772611,0.025870188,300.25,0.008538549,-1.167703017,mugc-ch4_m2_d,8/12/22,SW_2,8.3,16.8,NA,55,21.6
UP 1-1,UP,1,1,ch4,0.0103714,0.525054374,299.8,0.009171934,1.333175813,mugc-ch4_m2_d,8/12/22,UP_1,17.3,21.7,NA,10,21
UP 1-2,UP,1,2,ch4,-0.006247825,0.015581607,299.55,0.009551964,-0.83709156,mugc-ch4_m2_d,8/12/22,UP_1,20.6,16.5,NA,15,21.1
UP 1-3,UP,1,3,ch4,-0.01439609,0.069595699,299.35,0.007968503,-1.610136761,mugc-ch4_m2_d,8/12/22,UP_1,18.7,20.6,NA,5,20.9
UP 1-4,UP,1,4,ch4,-0.007138404,0.011659325,299.8,0.007905165,-0.790862857,mugc-ch4_m2_d,8/12/22,UP_1,16.9,14.1,NA,15,20.6
UP 2-1,UP,2,1,ch4,-0.01325164,0.147553645,299.85,0.00891858,-1.656082756,mugc-ch4_m2_d,8/12/22,UP_2,25.1,15.5,NA,10,20.6
UP 2-2,UP,2,2,ch4,-0.003387094,0.047998394,299.4,0.006765073,-0.321564949,mugc-ch4_m2_d,8/12/22,UP_2,21.7,13.4,NA,NA,22.1
UP 2-3,UP,2,3,ch4,-0.007317663,0.34604283,299.25,0.008981918,-0.922843462,mugc-ch4_m2_d,8/12/22,UP_2,35.4,17.9,NA,NA,22.1
UP 2-4,UP,2,4,ch4,0.00957711,0.426126657,299.55,0.008475211,1.138508857,mugc-ch4_m2_d,8/12/22,UP_2,25.4,12.6,NA,10,21.5
SW 1-1,SW,1,1,n2o,0.000421477,0.672180467,300.75,0.006385043,0.137781377,mugn-n2o_m2_d,8/12/22,SW_1,37.8,23.8,NA,20,20.4
SW 1-2,SW,1,2,n2o,-0.000437502,0.797990229,300.65,0.007651811,-0.171451558,mugn-n2o_m2_d,8/12/22,SW_1,42.7,15.5,NA,15,21.2
SW 1-3,SW,1,3,n2o,0.000428837,0.431695508,301.25,0.006955088,0.15244978,mugn-n2o_m2_d,8/12/22,SW_1,41,28.6,NA,20,22.1
SW 1-4,SW,1,4,n2o,-0.001177993,0.476541494,301.1,0.01012201,-0.609757638,mugn-n2o_m2_d,8/12/22,SW_1,35.2,23.1,NA,15,20.9
SW 2-1,SW,2,1,n2o,-0.000394145,0.583643745,300.05,0.007588473,-0.153488338,mugn-n2o_m2_d,8/12/22,SW_2,3.9,23.1,NA,40,22.7
SW 2-2,SW,2,2,n2o,0.001803214,0.190668801,299.9,0.007145104,0.661512414,mugn-n2o_m2_d,8/12/22,SW_2,9.8,20.9,NA,10,21.3
SW 2-3,SW,2,3,n2o,-0.000785053,0.172190145,299.75,0.007081765,-0.28558792,mugn-n2o_m2_d,8/12/22,SW_2,10.8,22.1,NA,5,21.9
SW 2-4,SW,2,4,n2o,-0.00055734,0.626327931,300.25,0.008538549,-0.244050702,mugn-n2o_m2_d,8/12/22,SW_2,8.3,16.8,NA,55,21.6
UP 1-1,UP,1,1,n2o,0.004350358,0.258320081,299.8,0.009171934,2.049334949,mugn-n2o_m2_d,8/12/22,UP_1,17.3,21.7,NA,10,21
UP 1-2,UP,1,2,n2o,0.00086,0.6026342,299.55,0.009551964,0.422260633,mugn-n2o_m2_d,8/12/22,UP_1,20.6,16.5,NA,15,21.1
UP 1-3,UP,1,3,n2o,-0.001784446,0.086377222,299.35,0.007968503,-0.731407892,mugn-n2o_m2_d,8/12/22,UP_1,18.7,20.6,NA,5,20.9
UP 1-4,UP,1,4,n2o,2.97E-05,0.984878331,299.8,0.007905165,0.012078141,mugn-n2o_m2_d,8/12/22,UP_1,16.9,14.1,NA,15,20.6
UP 2-1,UP,2,1,n2o,-0.00023709,0.828287423,299.85,0.00891858,-0.108583664,mugn-n2o_m2_d,8/12/22,UP_2,25.1,15.5,NA,10,20.6
UP 2-2,UP,2,2,n2o,0.002108738,0.09363009,299.4,0.006765073,0.73367221,mugn-n2o_m2_d,8/12/22,UP_2,21.7,13.4,NA,NA,22.1
UP 2-3,UP,2,3,n2o,-5.29E-05,0.940384557,299.25,0.008981918,-0.024432073,mugn-n2o_m2_d,8/12/22,UP_2,35.4,17.9,NA,NA,22.1
UP 2-4,UP,2,4,n2o,0.002244864,0.360906336,299.55,0.008475211,0.977979962,mugn-n2o_m2_d,8/12/22,UP_2,25.4,12.6,NA,10,21.5
SW 1-1,SW,1,1,co2,32.00251807,5.54E-05,305.7,0.006385043,2.808492512,mgc-co2_m2_d,9/2/22,SW_1,43.2,47.9,41.09,20,20.6
SW 1-2,SW,1,2,co2,23.53036954,0.020770383,306.5,0.007651811,2.468216405,mgc-co2_m2_d,9/2/22,SW_1,41.9,45.5,41.09,10,20.5
SW 1-3,SW,1,3,co2,25.54200871,0.014678565,305.15,0.006955088,2.446048337,mgc-co2_m2_d,9/2/22,SW_1,40.5,51.4,41.09,10,20.3
SW 1-4,SW,1,4,co2,17.27097748,0.036989426,305.15,0.01012201,2.407082841,mgc-co2_m2_d,9/2/22,SW_1,39.9,43.5,41.09,10,20.5
SW 2-1,SW,2,1,co2,15.35226386,0.37158124,305.6,0.007588473,1.601748038,mgc-co2_m2_d,9/2/22,SW_2,19.4,32.8,64.21,40,21.4
SW 2-2,SW,2,2,co2,29.22759441,0.000126357,308.6,0.007145104,2.843324558,mgc-co2_m2_d,9/2/22,SW_2,15.2,44.6,64.21,3,21.2
SW 2-3,SW,2,3,co2,33.40617846,0.072160957,305.3,0.007081765,3.255833856,mgc-co2_m2_d,9/2/22,SW_2,31.2,31.7,64.21,3,21.4
SW 2-4,SW,2,4,co2,29.70483966,0.000376065,305.05,0.008538549,3.493501945,mgc-co2_m2_d,9/2/22,SW_2,6.4,25,64.21,60,21.2
UP 1-1,UP,1,1,co2,24.87051204,0.03823402,306.45,0.009171934,3.127567945,mgc-co2_m2_d,9/2/22,UP_1,21.6,31.6,53.12,5,21.8
UP 1-2,UP,1,2,co2,17.65928237,7.86E-05,306,0.009551964,2.316141204,mgc-co2_m2_d,9/2/22,UP_1,18.5,29.9,53.12,10,22.3
UP 1-3,UP,1,3,co2,48.97184201,2.12E-05,305.55,0.007968503,5.36613536,mgc-co2_m2_d,9/2/22,UP_1,19.5,34.1,53.12,5,22
UP 1-4,UP,1,4,co2,24.30055883,0.000666868,305.75,0.007905165,2.639863466,mgc-co2_m2_d,9/2/22,UP_1,23.3,32.4,53.12,5,21.4
UP 2-1,UP,2,1,co2,17.98315023,8.38E-05,306.3,0.00891858,2.200063516,mgc-co2_m2_d,9/2/22,UP_2,24.6,30.5,88.47,5,22.4
UP 2-2,UP,2,2,co2,19.48964405,0.00118592,306.25,0.006765073,1.808926948,mgc-co2_m2_d,9/2/22,UP_2,35.2,27.8,88.47,NA,23.1
UP 2-3,UP,2,3,co2,13.30317588,0.088627414,305.2,0.008981918,1.644979995,mgc-co2_m2_d,9/2/22,UP_2,39.1,29,88.47,NA,22.9
UP 2-4,UP,2,4,co2,NA,NA,305.75,0.008475211,NA,mgc-co2_m2_d,9/2/22,UP_2,27.5,20.8,88.47,10,22.8
SW 1-1,SW,1,1,ch4,-0.009902543,0.089604889,305.7,0.006385043,-0.8690322,mugc-ch4_m2_d,9/2/22,SW_1,43.2,47.9,41.09,20,20.6
SW 1-2,SW,1,2,ch4,0.041601298,0.302656101,306.5,0.007651811,4.3637651,mugc-ch4_m2_d,9/2/22,SW_1,41.9,45.5,41.09,10,20.5
SW 1-3,SW,1,3,ch4,-0.007923032,0.144950531,305.15,0.006955088,-0.758754726,mugc-ch4_m2_d,9/2/22,SW_1,40.5,51.4,41.09,10,20.3
SW 1-4,SW,1,4,ch4,-0.002625579,0.623282376,305.15,0.01012201,-0.365930948,mugc-ch4_m2_d,9/2/22,SW_1,39.9,43.5,41.09,10,20.5
SW 2-1,SW,2,1,ch4,-0.081480588,0.006246033,305.6,0.007588473,-8.501115777,mugc-ch4_m2_d,9/2/22,SW_2,19.4,32.8,64.21,40,21.4
SW 2-2,SW,2,2,ch4,-0.006223835,0.002504022,308.6,0.007145104,-0.60546835,mugc-ch4_m2_d,9/2/22,SW_2,15.2,44.6,64.21,3,21.2
SW 2-3,SW,2,3,ch4,0.028553787,0.155722774,305.3,0.007081765,2.782909946,mugc-ch4_m2_d,9/2/22,SW_2,31.2,31.7,64.21,3,21.4
SW 2-4,SW,2,4,ch4,-0.006533028,0.033272847,305.05,0.008538549,-0.76833089,mugc-ch4_m2_d,9/2/22,SW_2,6.4,25,64.21,60,21.2
UP 1-1,UP,1,1,ch4,-0.023770072,0.052762406,306.45,0.009171934,-2.989183163,mugc-ch4_m2_d,9/2/22,UP_1,21.6,31.6,53.12,5,21.8
UP 1-2,UP,1,2,ch4,-0.00701322,0.001786857,306,0.009551964,-0.919833941,mugc-ch4_m2_d,9/2/22,UP_1,18.5,29.9,53.12,10,22.3
UP 1-3,UP,1,3,ch4,-0.011355674,0.000543243,305.55,0.007968503,-1.244308553,mugc-ch4_m2_d,9/2/22,UP_1,19.5,34.1,53.12,5,22
UP 1-4,UP,1,4,ch4,-0.004749132,0.127875261,305.75,0.007905165,-0.515916586,mugc-ch4_m2_d,9/2/22,UP_1,23.3,32.4,53.12,5,21.4
UP 2-1,UP,2,1,ch4,-0.010236569,0.009806072,306.3,0.00891858,-1.252344621,mugc-ch4_m2_d,9/2/22,UP_2,24.6,30.5,88.47,5,22.4
UP 2-2,UP,2,2,ch4,-0.006068517,0.002470598,306.25,0.006765073,-0.563248067,mugc-ch4_m2_d,9/2/22,UP_2,35.2,27.8,88.47,NA,23.1
UP 2-3,UP,2,3,ch4,-0.004301692,0.333333333,305.2,0.008981918,-0.531917893,mugc-ch4_m2_d,9/2/22,UP_2,39.1,29,88.47,NA,22.9
UP 2-4,UP,2,4,ch4,-0.163464296,NA,305.75,0.008475211,-19.03827927,mugc-ch4_m2_d,9/2/22,UP_2,27.5,20.8,88.47,10,22.8
SW 1-1,SW,1,1,n2o,-0.000847238,0.455677732,305.7,0.006385043,-0.272478764,mugn-n2o_m2_d,9/2/22,SW_1,43.2,47.9,41.09,20,20.6
SW 1-2,SW,1,2,n2o,0.009235957,0.219117907,306.5,0.007651811,3.550375946,mugn-n2o_m2_d,9/2/22,SW_1,41.9,45.5,41.09,10,20.5
SW 1-3,SW,1,3,n2o,0.000182891,0.846610393,305.15,0.006955088,0.064185837,mugn-n2o_m2_d,9/2/22,SW_1,40.5,51.4,41.09,10,20.3
SW 1-4,SW,1,4,n2o,0.000493871,0.818975205,305.15,0.01012201,0.252246764,mugn-n2o_m2_d,9/2/22,SW_1,39.9,43.5,41.09,10,20.5
SW 2-1,SW,2,1,n2o,-0.011323913,0.023233799,305.6,0.007588473,-4.329684515,mugn-n2o_m2_d,9/2/22,SW_2,19.4,32.8,64.21,40,21.4
SW 2-2,SW,2,2,n2o,3.22E-05,0.969459216,308.6,0.007145104,0.011465644,mugn-n2o_m2_d,9/2/22,SW_2,15.2,44.6,64.21,3,21.2
SW 2-3,SW,2,3,n2o,0.006775319,0.185263889,305.3,0.007081765,2.419931961,mugn-n2o_m2_d,9/2/22,SW_2,31.2,31.7,64.21,3,21.4
SW 2-4,SW,2,4,n2o,-0.000508848,0.693661644,305.05,0.008538549,-0.219310682,mugn-n2o_m2_d,9/2/22,SW_2,6.4,25,64.21,60,21.2
UP 1-1,UP,1,1,n2o,-0.002212744,0.283550593,306.45,0.009171934,-1.019744112,mugn-n2o_m2_d,9/2/22,UP_1,21.6,31.6,53.12,5,21.8
UP 1-2,UP,1,2,n2o,-0.000328175,0.231358887,306,0.009551964,-0.157737546,mugn-n2o_m2_d,9/2/22,UP_1,18.5,29.9,53.12,10,22.3
UP 1-3,UP,1,3,n2o,0.000414545,0.355062859,305.55,0.007968503,0.166465641,mugn-n2o_m2_d,9/2/22,UP_1,19.5,34.1,53.12,5,22
UP 1-4,UP,1,4,n2o,0.001651382,0.101846813,305.75,0.007905165,0.657431629,mugn-n2o_m2_d,9/2/22,UP_1,23.3,32.4,53.12,5,21.4
UP 2-1,UP,2,1,n2o,-0.000248295,0.784053187,306.3,0.00891858,-0.11132034,mugn-n2o_m2_d,9/2/22,UP_2,24.6,30.5,88.47,5,22.4
UP 2-2,UP,2,2,n2o,-0.000162933,0.776307026,306.25,0.006765073,-0.055419833,mugn-n2o_m2_d,9/2/22,UP_2,35.2,27.8,88.47,NA,23.1
UP 2-3,UP,2,3,n2o,0.001513975,0.070845306,305.2,0.008981918,0.686059998,mugn-n2o_m2_d,9/2/22,UP_2,39.1,29,88.47,NA,22.9
UP 2-4,UP,2,4,n2o,-0.028887629,NA,305.75,0.008475211,-12.32976076,mugn-n2o_m2_d,9/2/22,UP_2,27.5,20.8,88.47,10,22.8
SW 1-1,SW,1,1,co2,22.97646118,0.004864546,302.75,0.006385043,2.036027059,mgc-co2_m2_d,9/16/22,SW_1,43.1,47.5,44.56,30,19.3
SW 1-2,SW,1,2,co2,16.60322045,0.000593577,302.65,0.007651811,1.763748355,mgc-co2_m2_d,9/16/22,SW_1,46.5,45.7,44.56,20,18.9
SW 1-3,SW,1,3,co2,14.59021348,0.000421288,302.55,0.006955088,1.409249371,mgc-co2_m2_d,9/16/22,SW_1,37,36.1,44.56,20,19
SW 1-4,SW,1,4,co2,11.22550389,0.005034991,302.65,0.01012201,1.577439312,mgc-co2_m2_d,9/16/22,SW_1,41.9,40.7,44.56,25,19.1
SW 2-1,SW,2,1,co2,23.60601984,0.000104555,304.8,0.007588473,2.469351589,mgc-co2_m2_d,9/16/22,SW_2,11.9,39.2,57.5,10,19.1
SW 2-2,SW,2,2,co2,19.76559228,0.00339777,304.65,0.007145104,1.947771181,mgc-co2_m2_d,9/16/22,SW_2,34.4,36.7,57.5,5,19
SW 2-3,SW,2,3,co2,14.60204464,0.00011968,304.6,0.007081765,1.426415388,mgc-co2_m2_d,9/16/22,SW_2,20,35.2,57.5,10,18.7
SW 2-4,SW,2,4,co2,24.64991986,0.000215527,304.75,0.008538549,2.901860986,mgc-co2_m2_d,9/16/22,SW_2,27.5,35,57.5,65,19.2
UP 1-1,UP,1,1,co2,22.42185394,0.002151932,302.75,0.009171934,2.85409891,mgc-co2_m2_d,9/16/22,UP_1,26.7,33.1,82.33,5,21.2
UP 1-2,UP,1,2,co2,16.3834385,0.00388084,303.9,0.009551964,2.163653759,mgc-co2_m2_d,9/16/22,UP_1,28.6,29.5,82.33,5,21.2
UP 1-3,UP,1,3,co2,30.29106849,0.002520611,301.25,0.007968503,3.366549536,mgc-co2_m2_d,9/16/22,UP_1,23.8,31.2,82.33,NA,20.4
UP 1-4,UP,1,4,co2,18.65843684,0.002283659,301.55,0.007905165,2.055169256,mgc-co2_m2_d,9/16/22,UP_1,26.7,36.4,82.33,15,21.2
UP 2-1,UP,2,1,co2,13.09086923,0.000126033,305.1,0.00891858,1.607839598,mgc-co2_m2_d,9/16/22,UP_2,32.4,24.7,65.22,5,21.4
UP 2-2,UP,2,2,co2,14.62742222,0.000241136,305.2,0.006765073,1.362311701,mgc-co2_m2_d,9/16/22,UP_2,37.3,29.1,65.22,10,21.2
UP 2-3,UP,2,3,co2,8.909847572,0.008378975,304.75,0.008981918,1.103357819,mgc-co2_m2_d,9/16/22,UP_2,37.3,31.2,65.22,NA,21.3
UP 2-4,UP,2,4,co2,19.62109916,2.57E-05,304.2,0.008475211,2.29686449,mgc-co2_m2_d,9/16/22,UP_2,29.9,24.5,65.22,5,21.1
SW 1-1,SW,1,1,ch4,7.02E-05,0.994826535,302.75,0.006385043,0.006219266,mugc-ch4_m2_d,9/16/22,SW_1,43.1,47.5,44.56,30,19.3
SW 1-2,SW,1,2,ch4,-0.000116788,0.894297399,302.65,0.007651811,-0.012406327,mugc-ch4_m2_d,9/16/22,SW_1,46.5,45.7,44.56,20,18.9
SW 1-3,SW,1,3,ch4,-0.008401609,0.227428475,302.55,0.006955088,-0.811500276,mugc-ch4_m2_d,9/16/22,SW_1,37,36.1,44.56,20,19
SW 1-4,SW,1,4,ch4,-0.002057003,0.196839693,302.65,0.01012201,-0.289055894,mugc-ch4_m2_d,9/16/22,SW_1,41.9,40.7,44.56,25,19.1
SW 2-1,SW,2,1,ch4,-0.015035417,0.047450288,304.8,0.007588473,-1.572807734,mugc-ch4_m2_d,9/16/22,SW_2,11.9,39.2,57.5,10,19.1
SW 2-2,SW,2,2,ch4,-0.007013894,0.086521717,304.65,0.007145104,-0.691173883,mugc-ch4_m2_d,9/16/22,SW_2,34.4,36.7,57.5,5,19
SW 2-3,SW,2,3,ch4,-0.011971984,0.112230107,304.6,0.007081765,-1.169495237,mugc-ch4_m2_d,9/16/22,SW_2,20,35.2,57.5,10,18.7
SW 2-4,SW,2,4,ch4,-0.006694266,0.00903452,304.75,0.008538549,-0.788068602,mugc-ch4_m2_d,9/16/22,SW_2,27.5,35,57.5,65,19.2
UP 1-1,UP,1,1,ch4,-0.011493922,0.035270594,302.75,0.009171934,-1.463072183,mugc-ch4_m2_d,9/16/22,UP_1,26.7,33.1,82.33,5,21.2
UP 1-2,UP,1,2,ch4,-0.003941771,0.005152864,303.9,0.009551964,-0.520564018,mugc-ch4_m2_d,9/16/22,UP_1,28.6,29.5,82.33,5,21.2
UP 1-3,UP,1,3,ch4,-0.012450542,0.0017683,301.25,0.007968503,-1.383753333,mugc-ch4_m2_d,9/16/22,UP_1,23.8,31.2,82.33,NA,20.4
UP 1-4,UP,1,4,ch4,0.001828606,0.937789073,301.55,0.007905165,0.201415359,mugc-ch4_m2_d,9/16/22,UP_1,26.7,36.4,82.33,15,21.2
UP 2-1,UP,2,1,ch4,-0.010005166,0.380506818,305.1,0.00891858,-1.228849066,mugc-ch4_m2_d,9/16/22,UP_2,32.4,24.7,65.22,5,21.4
UP 2-2,UP,2,2,ch4,-0.00470599,0.028720974,305.2,0.006765073,-0.438288132,mugc-ch4_m2_d,9/16/22,UP_2,37.3,29.1,65.22,10,21.2
UP 2-3,UP,2,3,ch4,-0.009862275,0.265413251,304.75,0.008981918,-1.221302437,mugc-ch4_m2_d,9/16/22,UP_2,37.3,31.2,65.22,NA,21.3
UP 2-4,UP,2,4,ch4,0.013953133,0.129561712,304.2,0.008475211,1.633367021,mugc-ch4_m2_d,9/16/22,UP_2,29.9,24.5,65.22,5,21.1
SW 1-1,SW,1,1,n2o,0.00113553,0.491587868,302.75,0.006385043,0.36875436,mugn-n2o_m2_d,9/16/22,SW_1,43.1,47.5,44.56,30,19.3
SW 1-2,SW,1,2,n2o,0.000315332,0.49072576,302.65,0.007651811,0.122757987,mugn-n2o_m2_d,9/16/22,SW_1,46.5,45.7,44.56,20,18.9
SW 1-3,SW,1,3,n2o,-0.001166494,0.083914988,302.55,0.006955088,-0.412901842,mugn-n2o_m2_d,9/16/22,SW_1,37,36.1,44.56,20,19
SW 1-4,SW,1,4,n2o,-0.000342698,0.731072663,302.65,0.01012201,-0.17648034,mugn-n2o_m2_d,9/16/22,SW_1,41.9,40.7,44.56,25,19.1
SW 2-1,SW,2,1,n2o,-0.000783115,0.308916196,304.8,0.007588473,-0.300208925,mugn-n2o_m2_d,9/16/22,SW_2,11.9,39.2,57.5,10,19.1
SW 2-2,SW,2,2,n2o,0.000853161,0.855896052,304.65,0.007145104,0.308103726,mugn-n2o_m2_d,9/16/22,SW_2,34.4,36.7,57.5,5,19
SW 2-3,SW,2,3,n2o,0.000212174,0.139318411,304.6,0.007081765,0.075956143,mugn-n2o_m2_d,9/16/22,SW_2,20,35.2,57.5,10,18.7
SW 2-4,SW,2,4,n2o,-0.000108583,0.885255771,304.75,0.008538549,-0.046844643,mugn-n2o_m2_d,9/16/22,SW_2,27.5,35,57.5,65,19.2
UP 1-1,UP,1,1,n2o,-0.000522864,0.304804673,302.75,0.009171934,-0.243906908,mugn-n2o_m2_d,9/16/22,UP_1,26.7,33.1,82.33,5,21.2
UP 1-2,UP,1,2,n2o,0.00063962,0.38335097,303.9,0.009551964,0.309558425,mugn-n2o_m2_d,9/16/22,UP_1,28.6,29.5,82.33,5,21.2
UP 1-3,UP,1,3,n2o,0.000529101,0.566619724,301.25,0.007968503,0.215499654,mugn-n2o_m2_d,9/16/22,UP_1,23.8,31.2,82.33,NA,20.4
UP 1-4,UP,1,4,n2o,0.003044417,0.661430953,301.55,0.007905165,1.228893884,mugn-n2o_m2_d,9/16/22,UP_1,26.7,36.4,82.33,15,21.2
UP 2-1,UP,2,1,n2o,-0.001308863,0.099251564,305.1,0.00891858,-0.589123753,mugn-n2o_m2_d,9/16/22,UP_2,32.4,24.7,65.22,5,21.4
UP 2-2,UP,2,2,n2o,-0.000131732,0.644331098,305.2,0.006765073,-0.044961226,mugn-n2o_m2_d,9/16/22,UP_2,37.3,29.1,65.22,10,21.2
UP 2-3,UP,2,3,n2o,-0.001920527,0.002278688,304.75,0.008981918,-0.87157449,mugn-n2o_m2_d,9/16/22,UP_2,37.3,31.2,65.22,NA,21.3
UP 2-4,UP,2,4,n2o,0.001312596,0.22964111,304.2,0.008475211,0.563094048,mugn-n2o_m2_d,9/16/22,UP_2,29.9,24.5,65.22,5,21.1
SW 1-1,SW,1,1,co2,12.40723806,0.006284864,290.15,0.006385043,1.14719461,mgc-co2_m2_d,9/30/22,SW_1,43.4,NA,47.23,20,14.5
SW 1-2,SW,1,2,co2,9.713590781,3.28E-05,290.05,0.007651811,1.076693024,mgc-co2_m2_d,9/30/22,SW_1,46.5,NA,47.23,15,14.6
SW 1-3,SW,1,3,co2,8.274545227,0.000238652,290.05,0.006955088,0.833670867,mgc-co2_m2_d,9/30/22,SW_1,43.4,NA,47.23,10,14.3
SW 1-4,SW,1,4,co2,6.160307982,0.152289534,290.2,0.01012201,0.902801995,mgc-co2_m2_d,9/30/22,SW_1,44.3,NA,47.23,20,14.4
SW 2-1,SW,2,1,co2,14.66674906,0.000196479,293.9,0.007588473,1.591143687,mgc-co2_m2_d,9/30/22,SW_2,12.6,NA,54.91,5,13.5
SW 2-2,SW,2,2,co2,12.680651,0.015975502,293.7,0.007145104,1.296184695,mgc-co2_m2_d,9/30/22,SW_2,40.4,NA,54.91,NA,13.5
SW 2-3,SW,2,3,co2,10.73990984,8.38E-06,294.05,0.007081765,1.086780141,mgc-co2_m2_d,9/30/22,SW_2,35.9,NA,54.91,5,13.7
SW 2-4,SW,2,4,co2,16.92920864,0.001123019,293.9,0.008538549,2.066530777,mgc-co2_m2_d,9/30/22,SW_2,12.9,NA,54.91,85,13.5
UP 1-1,UP,1,1,co2,12.11729286,0.003067964,294.6,0.009171934,1.585092146,mgc-co2_m2_d,9/30/22,UP_1,29.9,NA,81.85,5,15.3
UP 1-2,UP,1,2,co2,9.496525079,0.001294702,294.55,0.009551964,1.293954784,mgc-co2_m2_d,9/30/22,UP_1,28.9,NA,81.85,5,15.1
UP 1-3,UP,1,3,co2,14.03784157,0.000241807,294.2,0.007968503,1.597552503,mgc-co2_m2_d,9/30/22,UP_1,23.5,NA,81.85,NA,14.6
UP 1-4,UP,1,4,co2,10.06878911,3.67E-05,294.6,0.007905165,1.135209907,mgc-co2_m2_d,9/30/22,UP_1,30.6,NA,81.85,NA,14.9
UP 2-1,UP,2,1,co2,7.947557137,0.001217402,289.1,0.00891858,1.030153662,mgc-co2_m2_d,9/30/22,UP_2,35.7,NA,95.3,NA,14.8
UP 2-2,UP,2,2,co2,10.83612548,0.128236053,290.05,0.006765073,1.061926294,mgc-co2_m2_d,9/30/22,UP_2,35.5,NA,95.3,5,15.1
UP 2-3,UP,2,3,co2,7.41251345,0.003173133,290.15,0.008981918,0.964123651,mgc-co2_m2_d,9/30/22,UP_2,38.5,NA,95.3,NA,14.9
UP 2-4,UP,2,4,co2,12.54774547,0.000235039,290.3,0.008475211,1.539181786,mgc-co2_m2_d,9/30/22,UP_2,30.1,NA,95.3,10,14.5
SW 1-1,SW,1,1,ch4,-0.001560332,0.825201557,290.15,0.006385043,-0.14427098,mugc-ch4_m2_d,9/30/22,SW_1,43.4,NA,47.23,20,14.5
SW 1-2,SW,1,2,ch4,-0.001633456,0.111105399,290.05,0.007651811,-0.181058799,mugc-ch4_m2_d,9/30/22,SW_1,46.5,NA,47.23,15,14.6
SW 1-3,SW,1,3,ch4,-0.008106581,0.073959232,290.05,0.006955088,-0.816748258,mugc-ch4_m2_d,9/30/22,SW_1,43.4,NA,47.23,10,14.3
SW 1-4,SW,1,4,ch4,-0.006085896,0.552389144,290.2,0.01012201,-0.891896885,mugc-ch4_m2_d,9/30/22,SW_1,44.3,NA,47.23,20,14.4
SW 2-1,SW,2,1,ch4,-0.006130915,0.013784197,293.9,0.007588473,-0.665121275,mugc-ch4_m2_d,9/30/22,SW_2,12.6,NA,54.91,5,13.5
SW 2-2,SW,2,2,ch4,-0.049705144,0.049608248,293.7,0.007145104,-5.080736565,mugc-ch4_m2_d,9/30/22,SW_2,40.4,NA,54.91,NA,13.5
SW 2-3,SW,2,3,ch4,-0.012110271,0.005663906,294.05,0.007081765,-1.225448102,mugc-ch4_m2_d,9/30/22,SW_2,35.9,NA,54.91,5,13.7
SW 2-4,SW,2,4,ch4,-0.015165411,0.032698944,293.9,0.008538549,-1.851225865,mugc-ch4_m2_d,9/30/22,SW_2,12.9,NA,54.91,85,13.5
UP 1-1,UP,1,1,ch4,-0.00802162,0.856572217,294.6,0.009171934,-1.049327334,mugc-ch4_m2_d,9/30/22,UP_1,29.9,NA,81.85,5,15.3
UP 1-2,UP,1,2,ch4,-0.005477452,0.901097901,294.55,0.009551964,-0.746333489,mugc-ch4_m2_d,9/30/22,UP_1,28.9,NA,81.85,5,15.1
UP 1-3,UP,1,3,ch4,-0.00721613,0.012089705,294.2,0.007968503,-0.821219349,mugc-ch4_m2_d,9/30/22,UP_1,23.5,NA,81.85,NA,14.6
UP 1-4,UP,1,4,ch4,-0.011625525,0.010439076,294.6,0.007905165,-1.310724706,mugc-ch4_m2_d,9/30/22,UP_1,30.6,NA,81.85,NA,14.9
UP 2-1,UP,2,1,ch4,-0.004211455,0.010374818,289.1,0.00891858,-0.545884211,mugc-ch4_m2_d,9/30/22,UP_2,35.7,NA,95.3,NA,14.8
UP 2-2,UP,2,2,ch4,-0.004728121,0.442089327,290.05,0.006765073,-0.463349787,mugc-ch4_m2_d,9/30/22,UP_2,35.5,NA,95.3,5,15.1
UP 2-3,UP,2,3,ch4,-0.002831294,0.465075458,290.15,0.008981918,-0.368258009,mugc-ch4_m2_d,9/30/22,UP_2,38.5,NA,95.3,NA,14.9
UP 2-4,UP,2,4,ch4,-0.001333166,0.079125586,290.3,0.008475211,-0.163534114,mugc-ch4_m2_d,9/30/22,UP_2,30.1,NA,95.3,10,14.5
SW 1-1,SW,1,1,n2o,-0.000102005,0.400192027,290.15,0.006385043,-0.034563673,mugn-n2o_m2_d,9/30/22,SW_1,43.4,NA,47.23,20,14.5
SW 1-2,SW,1,2,n2o,0.000338042,0.204744115,290.05,0.007651811,0.137315791,mugn-n2o_m2_d,9/30/22,SW_1,46.5,NA,47.23,15,14.6
SW 1-3,SW,1,3,n2o,-0.000333564,0.827103373,290.05,0.006955088,-0.123159287,mugn-n2o_m2_d,9/30/22,SW_1,43.4,NA,47.23,10,14.3
SW 1-4,SW,1,4,n2o,-0.000232462,0.729058127,290.2,0.01012201,-0.124847632,mugn-n2o_m2_d,9/30/22,SW_1,44.3,NA,47.23,20,14.4
SW 2-1,SW,2,1,n2o,0.000722191,0.730905592,293.9,0.007588473,0.287121422,mugn-n2o_m2_d,9/30/22,SW_2,12.6,NA,54.91,5,13.5
SW 2-2,SW,2,2,n2o,-0.007547523,0.060252958,293.7,0.007145104,-2.827273023,mugn-n2o_m2_d,9/30/22,SW_2,40.4,NA,54.91,NA,13.5
SW 2-3,SW,2,3,n2o,0.000177927,0.642802684,294.05,0.007081765,0.065981392,mugn-n2o_m2_d,9/30/22,SW_2,35.9,NA,54.91,5,13.7
SW 2-4,SW,2,4,n2o,-5.40E-05,0.961249903,293.9,0.008538549,-0.024173471,mugn-n2o_m2_d,9/30/22,SW_2,12.9,NA,54.91,85,13.5
UP 1-1,UP,1,1,n2o,-0.001209119,0.227933005,294.6,0.009171934,-0.579636963,mugn-n2o_m2_d,9/30/22,UP_1,29.9,NA,81.85,5,15.3
UP 1-2,UP,1,2,n2o,-0.003074872,0.588863684,294.55,0.009551964,-1.535392534,mugn-n2o_m2_d,9/30/22,UP_1,28.9,NA,81.85,5,15.1
UP 1-3,UP,1,3,n2o,0.00018542,0.285024953,294.2,0.007968503,0.077330226,mugn-n2o_m2_d,9/30/22,UP_1,23.5,NA,81.85,NA,14.6
UP 1-4,UP,1,4,n2o,-0.000190388,0.271070371,294.6,0.007905165,-0.078664272,mugn-n2o_m2_d,9/30/22,UP_1,30.6,NA,81.85,NA,14.9
UP 2-1,UP,2,1,n2o,-0.001255101,0.244614514,289.1,0.00891858,-0.596190407,mugn-n2o_m2_d,9/30/22,UP_2,35.7,NA,95.3,NA,14.8
UP 2-2,UP,2,2,n2o,-0.000740559,0.578642343,290.05,0.006765073,-0.265961155,mugn-n2o_m2_d,9/30/22,UP_2,35.5,NA,95.3,5,15.1
UP 2-3,UP,2,3,n2o,-0.001822108,0.529928743,290.15,0.008981918,-0.86851917,mugn-n2o_m2_d,9/30/22,UP_2,38.5,NA,95.3,NA,14.9
UP 2-4,UP,2,4,n2o,-0.000334191,0.196615854,290.3,0.008475211,-0.150230038,mugn-n2o_m2_d,9/30/22,UP_2,30.1,NA,95.3,10,14.5
SW 1-1,SW,1,1,co2,3.320569732,0.0124529,285.4,0.006385043,0.312135521,mgc-co2_m2_d,10/19/22,SW_1,21.6,NA,54.86,NA,9.9
SW 1-2,SW,1,2,co2,4.873303049,0.003500193,285.25,0.007651811,0.549266019,mgc-co2_m2_d,10/19/22,SW_1,28.1,NA,54.86,NA,10.2
SW 1-3,SW,1,3,co2,2.797612738,0.014257317,285.15,0.006955088,0.286706528,mgc-co2_m2_d,10/19/22,SW_1,30.1,NA,54.86,5,11.1
SW 1-4,SW,1,4,co2,4.085003318,0.000369619,285.6,0.01012201,0.608305445,mgc-co2_m2_d,10/19/22,SW_1,22.5,NA,54.86,20,10.4
SW 2-1,SW,2,1,co2,7.706973061,3.60E-05,285.25,0.007588473,0.861456421,mgc-co2_m2_d,10/19/22,SW_2,17,NA,48.36,10,11
SW 2-2,SW,2,2,co2,8.607192359,0.00471355,285,0.007145104,0.906663087,mgc-co2_m2_d,10/19/22,SW_2,12.3,NA,48.36,5,10.5
SW 2-3,SW,2,3,co2,5.135704312,0.000225827,285.05,0.007081765,0.536094323,mgc-co2_m2_d,10/19/22,SW_2,21.4,NA,48.36,NA,10.8
SW 2-4,SW,2,4,co2,6.338338175,9.56E-05,285.1,0.008538549,0.797596052,mgc-co2_m2_d,10/19/22,SW_2,15.7,NA,48.36,65,11.1
UP 1-1,UP,1,1,co2,6.873411266,2.26E-06,284.7,0.009171934,0.930393174,mgc-co2_m2_d,10/19/22,UP_1,26.8,NA,52.51,10,10.6
UP 1-2,UP,1,2,co2,4.497931544,0.003198649,284.85,0.009551964,0.633738404,mgc-co2_m2_d,10/19/22,UP_1,29.1,NA,52.51,15,11.1
UP 1-3,UP,1,3,co2,62.9330937,0.027767806,284.8,0.007968503,7.398378881,mgc-co2_m2_d,10/19/22,UP_1,31.1,NA,52.51,15,11.4
UP 1-4,UP,1,4,co2,5.396511014,0.00042108,284.6,0.007905165,0.629810421,mgc-co2_m2_d,10/19/22,UP_1,23.7,NA,52.51,5,10.8
UP 2-1,UP,2,1,co2,4.444310408,0.011721478,284.8,0.00891858,0.584764289,mgc-co2_m2_d,10/19/22,UP_2,21.4,NA,52.21,10,9.9
UP 2-2,UP,2,2,co2,4.731933462,0.000272763,284.65,0.006765073,0.472520505,mgc-co2_m2_d,10/19/22,UP_2,19.4,NA,52.21,10,10.1
UP 2-3,UP,2,3,co2,4.198809084,0.002126391,284.85,0.008981918,0.556288038,mgc-co2_m2_d,10/19/22,UP_2,18.7,NA,52.21,5,10.2
UP 2-4,UP,2,4,co2,6.997381892,0.000323535,284.75,0.008475211,0.875070603,mgc-co2_m2_d,10/19/22,UP_2,20.1,NA,52.21,5,9.8
SW 1-1,SW,1,1,ch4,-0.010197031,0.19756039,285.4,0.006385043,-0.958526977,mugc-ch4_m2_d,10/19/22,SW_1,21.6,NA,54.86,NA,9.9
SW 1-2,SW,1,2,ch4,-0.001124922,0.624765736,285.25,0.007651811,-0.126788991,mugc-ch4_m2_d,10/19/22,SW_1,28.1,NA,54.86,NA,10.2
SW 1-3,SW,1,3,ch4,-0.00220425,0.930915066,285.15,0.006955088,-0.225897244,mugc-ch4_m2_d,10/19/22,SW_1,30.1,NA,54.86,5,11.1
SW 1-4,SW,1,4,ch4,0.00193864,0.084434235,285.6,0.01012201,0.288686483,mugc-ch4_m2_d,10/19/22,SW_1,22.5,NA,54.86,20,10.4
SW 2-1,SW,2,1,ch4,-0.010951397,0.143208283,285.25,0.007588473,-1.22410594,mugc-ch4_m2_d,10/19/22,SW_2,17,NA,48.36,10,11
SW 2-2,SW,2,2,ch4,-0.016718882,0.313067783,285,0.007145104,-1.761130977,mugc-ch4_m2_d,10/19/22,SW_2,12.3,NA,48.36,5,10.5
SW 2-3,SW,2,3,ch4,-0.001700869,0.223147422,285.05,0.007081765,-0.17754652,mugc-ch4_m2_d,10/19/22,SW_2,21.4,NA,48.36,NA,10.8
SW 2-4,SW,2,4,ch4,-0.01245857,0.098536317,285.1,0.008538549,-1.567746358,mugc-ch4_m2_d,10/19/22,SW_2,15.7,NA,48.36,65,11.1
UP 1-1,UP,1,1,ch4,-0.012801223,0.481086409,284.7,0.009171934,-1.732788864,mugc-ch4_m2_d,10/19/22,UP_1,26.8,NA,52.51,10,10.6
UP 1-2,UP,1,2,ch4,0.007047787,0.857825287,284.85,0.009551964,0.993001649,mugc-ch4_m2_d,10/19/22,UP_1,29.1,NA,52.51,15,11.1
UP 1-3,UP,1,3,ch4,-0.028507536,0.033424344,284.8,0.007968503,-3.351329803,mugc-ch4_m2_d,10/19/22,UP_1,31.1,NA,52.51,15,11.4
UP 1-4,UP,1,4,ch4,-0.016631357,0.06582784,284.6,0.007905165,-1.94099521,mugc-ch4_m2_d,10/19/22,UP_1,23.7,NA,52.51,5,10.8
UP 2-1,UP,2,1,ch4,-0.045808482,0.040818989,284.8,0.00891858,-6.027293709,mugc-ch4_m2_d,10/19/22,UP_2,21.4,NA,52.21,10,9.9
UP 2-2,UP,2,2,ch4,-0.012501246,0.114421515,284.65,0.006765073,-1.248347074,mugc-ch4_m2_d,10/19/22,UP_2,19.4,NA,52.21,10,10.1
UP 2-3,UP,2,3,ch4,0.027198697,0.126909967,284.85,0.008981918,3.603476449,mugc-ch4_m2_d,10/19/22,UP_2,18.7,NA,52.21,5,10.2
UP 2-4,UP,2,4,ch4,-0.004062509,0.096831303,284.75,0.008475211,-0.508044561,mugc-ch4_m2_d,10/19/22,UP_2,20.1,NA,52.21,5,9.8
SW 1-1,SW,1,1,n2o,-0.001358218,0.122083107,285.4,0.006385043,-0.467883777,mugn-n2o_m2_d,10/19/22,SW_1,21.6,NA,54.86,NA,9.9
SW 1-2,SW,1,2,n2o,0.001017705,0.371450733,285.25,0.007651811,0.420357999,mugn-n2o_m2_d,10/19/22,SW_1,28.1,NA,54.86,NA,10.2
SW 1-3,SW,1,3,n2o,-0.000272996,0.947550236,285.15,0.006955088,-0.102528536,mugn-n2o_m2_d,10/19/22,SW_1,30.1,NA,54.86,5,11.1
SW 1-4,SW,1,4,n2o,3.86E-05,0.886969825,285.6,0.01012201,0.021088731,mugn-n2o_m2_d,10/19/22,SW_1,22.5,NA,54.86,20,10.4
SW 2-1,SW,2,1,n2o,-0.000163846,0.885182677,285.25,0.007588473,-0.067115445,mugn-n2o_m2_d,10/19/22,SW_2,17,NA,48.36,10,11
SW 2-2,SW,2,2,n2o,-0.001275513,0.243796863,285,0.007145104,-0.492387978,mugn-n2o_m2_d,10/19/22,SW_2,12.3,NA,48.36,5,10.5
SW 2-3,SW,2,3,n2o,0.000102266,0.711971524,285.05,0.007081765,0.03912122,mugn-n2o_m2_d,10/19/22,SW_2,21.4,NA,48.36,NA,10.8
SW 2-4,SW,2,4,n2o,-0.000100092,0.91499808,285.1,0.008538549,-0.046157586,mugn-n2o_m2_d,10/19/22,SW_2,15.7,NA,48.36,65,11.1
UP 1-1,UP,1,1,n2o,-0.000194496,0.945744634,284.7,0.009171934,-0.096481103,mugn-n2o_m2_d,10/19/22,UP_1,26.8,NA,52.51,10,10.6
UP 1-2,UP,1,2,n2o,0.002248698,0.746287563,284.85,0.009551964,1.161091,mugn-n2o_m2_d,10/19/22,UP_1,29.1,NA,52.51,15,11.1
UP 1-3,UP,1,3,n2o,-0.000721614,0.317403842,284.8,0.007968503,-0.310885291,mugn-n2o_m2_d,10/19/22,UP_1,31.1,NA,52.51,15,11.4
UP 1-4,UP,1,4,n2o,-9.82E-05,0.871115897,284.6,0.007905165,-0.041995239,mugn-n2o_m2_d,10/19/22,UP_1,23.7,NA,52.51,5,10.8
UP 2-1,UP,2,1,n2o,-0.00638584,0.08280667,284.8,0.00891858,-3.079161373,mugn-n2o_m2_d,10/19/22,UP_2,21.4,NA,52.21,10,9.9
UP 2-2,UP,2,2,n2o,-0.000591103,0.132099112,284.65,0.006765073,-0.216313377,mugn-n2o_m2_d,10/19/22,UP_2,19.4,NA,52.21,10,10.1
UP 2-3,UP,2,3,n2o,-0.000112331,0.726053816,284.85,0.008981918,-0.054539508,mugn-n2o_m2_d,10/19/22,UP_2,18.7,NA,52.21,5,10.2
UP 2-4,UP,2,4,n2o,-0.000698849,0.324848336,284.75,0.008475211,-0.320279118,mugn-n2o_m2_d,10/19/22,UP_2,20.1,NA,52.21,5,9.8
SW 1-1,SW,1,1,co2,6.758560214,0.000963213,294.15,0.006385043,0.616410308,mgc-co2_m2_d,11/2/22,SW_1,47.7,NA,NA,NA,9.6
SW 1-2,SW,1,2,co2,5.864607729,0.116685963,291.6,0.007651811,0.646601063,mgc-co2_m2_d,11/2/22,SW_1,46.3,NA,NA,NA,9.8
SW 1-3,SW,1,3,co2,6.065224194,3.92E-06,294.4,0.006955088,0.602049796,mgc-co2_m2_d,11/2/22,SW_1,46.8,NA,NA,NA,10.1
SW 1-4,SW,1,4,co2,5.449177382,0.001195391,292.55,0.01012201,0.792169899,mgc-co2_m2_d,11/2/22,SW_1,46.2,NA,NA,10,9.8
SW 2-1,SW,2,1,co2,8.212912059,0.000937032,293.65,0.007588473,0.891748304,mgc-co2_m2_d,11/2/22,SW_2,34.6,NA,NA,5,10.6
SW 2-2,SW,2,2,co2,8.312803828,0.000793129,291.25,0.007145104,0.856862001,mgc-co2_m2_d,11/2/22,SW_2,37.3,NA,NA,5,10.8
SW 2-3,SW,2,3,co2,6.057262,9.36E-05,293.7,0.007081765,0.613669664,mgc-co2_m2_d,11/2/22,SW_2,41.5,NA,NA,NA,10.4
SW 2-4,SW,2,4,co2,5.893135909,0.000893306,292.15,0.008538549,0.723678004,mgc-co2_m2_d,11/2/22,SW_2,21.3,NA,NA,35,10.6
UP 1-1,UP,1,1,co2,5.932500969,0.001241321,293.5,0.009171934,0.778953198,mgc-co2_m2_d,11/2/22,UP_1,36.3,NA,NA,NA,10.3
UP 1-2,UP,1,2,co2,5.644218838,0.00042685,291.05,0.009551964,0.778304692,mgc-co2_m2_d,11/2/22,UP_1,34.2,NA,NA,5,10.4
UP 1-3,UP,1,3,co2,8.900745466,6.11E-05,293.3,0.007968503,1.016042304,mgc-co2_m2_d,11/2/22,UP_1,37.7,NA,NA,NA,9.8
UP 1-4,UP,1,4,co2,6.349930879,0.000190278,291.95,0.007905165,0.722424039,mgc-co2_m2_d,11/2/22,UP_1,39.2,NA,NA,NA,11.1
UP 2-1,UP,2,1,co2,5.913753924,0.000402217,291.55,0.00891858,0.76009285,mgc-co2_m2_d,11/2/22,UP_2,38.1,NA,NA,NA,11
UP 2-2,UP,2,2,co2,6.716910708,0.003226091,289.2,0.006765073,0.660183256,mgc-co2_m2_d,11/2/22,UP_2,38.5,NA,NA,5,11.1
UP 2-3,UP,2,3,co2,5.000956575,0.004045325,291.65,0.008981918,0.647114185,mgc-co2_m2_d,11/2/22,UP_2,42.5,NA,NA,NA,10.9
UP 2-4,UP,2,4,co2,9.19345081,0.014395627,289.05,0.008475211,1.13260072,mgc-co2_m2_d,11/2/22,UP_2,32.9,NA,NA,5,10.4
SW 1-1,SW,1,1,ch4,-0.001430882,0.456023255,294.15,0.006385043,-0.130502708,mugc-ch4_m2_d,11/2/22,SW_1,47.7,NA,NA,NA,9.6
SW 1-2,SW,1,2,ch4,-0.010187767,0.601573483,291.6,0.007651811,-1.123250076,mugc-ch4_m2_d,11/2/22,SW_1,46.3,NA,NA,NA,9.8
SW 1-3,SW,1,3,ch4,-0.001277149,0.089037625,294.4,0.006955088,-0.126773104,mugc-ch4_m2_d,11/2/22,SW_1,46.8,NA,NA,NA,10.1
SW 1-4,SW,1,4,ch4,0.004943431,0.809778299,292.55,0.01012201,0.718647426,mugc-ch4_m2_d,11/2/22,SW_1,46.2,NA,NA,10,9.8
SW 2-1,SW,2,1,ch4,-0.004949821,0.007001761,293.65,0.007588473,-0.537445734,mugc-ch4_m2_d,11/2/22,SW_2,34.6,NA,NA,5,10.6
SW 2-2,SW,2,2,ch4,-0.014809082,0.127099015,291.25,0.007145104,-1.526481263,mugc-ch4_m2_d,11/2/22,SW_2,37.3,NA,NA,5,10.8
SW 2-3,SW,2,3,ch4,-0.005131239,0.001100562,293.7,0.007081765,-0.51985297,mugc-ch4_m2_d,11/2/22,SW_2,41.5,NA,NA,NA,10.4
SW 2-4,SW,2,4,ch4,-0.0102381,0.153916903,292.15,0.008538549,-1.257240312,mugc-ch4_m2_d,11/2/22,SW_2,21.3,NA,NA,35,10.6
UP 1-1,UP,1,1,ch4,-0.006413119,0.241251076,293.5,0.009171934,-0.842059624,mugc-ch4_m2_d,11/2/22,UP_1,36.3,NA,NA,NA,10.3
UP 1-2,UP,1,2,ch4,-0.003300859,0.04615899,291.05,0.009551964,-0.455169049,mugc-ch4_m2_d,11/2/22,UP_1,34.2,NA,NA,5,10.4
UP 1-3,UP,1,3,ch4,-0.006972291,0.022817744,293.3,0.007968503,-0.795904403,mugc-ch4_m2_d,11/2/22,UP_1,37.7,NA,NA,NA,9.8
UP 1-4,UP,1,4,ch4,-0.005221716,0.004892826,291.95,0.007905165,-0.594068348,mugc-ch4_m2_d,11/2/22,UP_1,39.2,NA,NA,NA,11.1
UP 2-1,UP,2,1,ch4,9.70E-05,0.905859027,291.55,0.00891858,0.012464694,mugc-ch4_m2_d,11/2/22,UP_2,38.1,NA,NA,NA,11
UP 2-2,UP,2,2,ch4,-0.00428173,0.068560407,289.2,0.006765073,-0.420837303,mugc-ch4_m2_d,11/2/22,UP_2,38.5,NA,NA,5,11.1
UP 2-3,UP,2,3,ch4,-0.003162754,0.064416319,291.65,0.008981918,-0.409254352,mugc-ch4_m2_d,11/2/22,UP_2,42.5,NA,NA,NA,10.9
UP 2-4,UP,2,4,ch4,0.000387792,0.938324573,289.05,0.008475211,0.047774644,mugc-ch4_m2_d,11/2/22,UP_2,32.9,NA,NA,5,10.4
SW 1-1,SW,1,1,n2o,-0.000904757,0.437579756,294.15,0.006385043,-0.302402546,mugn-n2o_m2_d,11/2/22,SW_1,47.7,NA,NA,NA,9.6
SW 1-2,SW,1,2,n2o,-0.002403503,0.533487489,291.6,0.007651811,-0.971136063,mugn-n2o_m2_d,11/2/22,SW_1,46.3,NA,NA,NA,9.8
SW 1-3,SW,1,3,n2o,0.000245442,0.3922545,294.4,0.006955088,0.089283744,mugn-n2o_m2_d,11/2/22,SW_1,46.8,NA,NA,NA,10.1
SW 1-4,SW,1,4,n2o,0.00055064,0.85424417,292.55,0.01012201,0.293354633,mugn-n2o_m2_d,11/2/22,SW_1,46.2,NA,NA,10,9.8
SW 2-1,SW,2,1,n2o,-0.000266087,0.841809304,293.65,0.007588473,-0.105878379,mugn-n2o_m2_d,11/2/22,SW_2,34.6,NA,NA,5,10.6
SW 2-2,SW,2,2,n2o,-0.00136022,0.199775357,291.25,0.007145104,-0.513819502,mugn-n2o_m2_d,11/2/22,SW_2,37.3,NA,NA,5,10.8
SW 2-3,SW,2,3,n2o,0.000622836,0.36171099,293.7,0.007081765,0.23124381,mugn-n2o_m2_d,11/2/22,SW_2,41.5,NA,NA,NA,10.4
SW 2-4,SW,2,4,n2o,-0.001029249,0.207194876,292.15,0.008538549,-0.46318786,mugn-n2o_m2_d,11/2/22,SW_2,21.3,NA,NA,35,10.6
UP 1-1,UP,1,1,n2o,-0.000689825,0.131076384,293.5,0.009171934,-0.331933046,mugn-n2o_m2_d,11/2/22,UP_1,36.3,NA,NA,NA,10.3
UP 1-2,UP,1,2,n2o,-0.000184518,0.718840324,291.05,0.009551964,-0.093244241,mugn-n2o_m2_d,11/2/22,UP_1,34.2,NA,NA,5,10.4
UP 1-3,UP,1,3,n2o,0.000319721,0.533660138,293.3,0.007968503,0.133750151,mugn-n2o_m2_d,11/2/22,UP_1,37.7,NA,NA,NA,9.8
UP 1-4,UP,1,4,n2o,-9.12E-06,0.975482834,291.95,0.007905165,-0.003801805,mugn-n2o_m2_d,11/2/22,UP_1,39.2,NA,NA,NA,11.1
UP 2-1,UP,2,1,n2o,0.001102144,0.082624436,291.55,0.00891858,0.519134395,mugn-n2o_m2_d,11/2/22,UP_2,38.1,NA,NA,NA,11
UP 2-2,UP,2,2,n2o,NA,NA,289.2,0.006765073,NA,mugn-n2o_m2_d,11/2/22,UP_2,38.5,NA,NA,5,11.1
UP 2-3,UP,2,3,n2o,0.000431245,0.516645947,291.65,0.008981918,0.204498458,mugn-n2o_m2_d,11/2/22,UP_2,42.5,NA,NA,NA,10.9
UP 2-4,UP,2,4,n2o,0.000995043,0.492595398,289.05,0.008475211,0.449239605,mugn-n2o_m2_d,11/2/22,UP_2,32.9,NA,NA,5,10.4