chamber,gas,estimate,p.value,date,average_temp_kelvin,plot,ecosystem_name,ecosystem_block,rep,total_vol_m3,flux,units,term,std.error,statistic,soil_moist_percent,soil_temp_c,plant_cover_percent
SW 1-1,co2,NA,NA,2023-03-22,273,SW_1,SW,1,1,0.006385043,NA,umol_m2_s1,NA,NA,NA,NA,NA,NA
SW 1-3,co2,NA,NA,2023-03-22,273,SW_1,SW,1,3,0.006955088,NA,umol_m2_s1,NA,NA,NA,NA,NA,NA
SW 1-4,co2,NA,NA,2023-03-22,273,SW_1,SW,1,4,0.01012201,NA,umol_m2_s1,NA,NA,NA,NA,NA,NA
SW 2-1,co2,5.566372540945432,0.01456541431745123,2023-03-22,285.7,SW_2,SW,2,1,0.007588473,0.5986602232386441,umol_m2_s1,NA,NA,NA,55.2,6.3,NA
SW 2-3,co2,2.0731581591242865,0.00897334561097,2023-03-22,285.9,SW_2,SW,2,3,0.007081765,0.20793316897108505,umol_m2_s1,NA,NA,NA,57.2,6.8,NA
SW 2-4,co2,5.573025331194739,7.631102041587628e-4,2023-03-22,285.6,SW_2,SW,2,4,0.008538549,0.6746536439486849,umol_m2_s1,NA,NA,NA,56.1,5.9,NA
UP 1-1,co2,5.379031615112818,0.00170641921717962,2023-03-22,286.1,UP_1,UP,1,1,0.009171934,0.6982503167722554,umol_m2_s1,NA,NA,NA,53.3,5.2,NA
UP 1-2,co2,4.855306072248858,0.01924829451281473,2023-03-22,285.85,UP_1,UP,1,2,0.009551964,0.6569541710245705,umol_m2_s1,NA,NA,NA,52.4,4.9,NA
UP 1-3,co2,4.390602930055576,0.01530621016733969,2023-03-22,285.7,UP_1,UP,1,3,0.007968503,0.4958549401262704,umol_m2_s1,NA,NA,NA,54.7,4.9,NA
UP 1-4,co2,3.93392812911974,0.06720777592894882,2023-03-22,285.95,UP_1,UP,1,4,0.007905165,0.44036342513056503,umol_m2_s1,NA,NA,NA,54.1,4.8,NA
UP 2-1,co2,3.189014852306796,0.00995517711248416,2023-03-22,286.25,UP_2,UP,2,1,0.00891858,0.4023191826250639,umol_m2_s1,NA,NA,NA,49.1,5.3,NA
UP 2-2,co2,1.7647738883959574,0.03012104565811616,2023-03-22,286.45,UP_2,UP,2,2,0.006765073,0.16876279578900058,umol_m2_s1,NA,NA,NA,48.9,5.7,NA
UP 2-3,co2,2.658180121947189,0.02123927372340136,2023-03-22,285.85,UP_2,UP,2,3,0.008981918,0.33820441815652563,umol_m2_s1,NA,NA,NA,49.2,5.4,NA
UP 2-4,co2,3.174422259976158,0.0096244494020055,2023-03-22,286.05,UP_2,UP,2,4,0.008475211,0.3808353418275554,umol_m2_s1,NA,NA,NA,43.1,5.3,NA
SW 1-1,ch4,NA,NA,2023-03-22,273,SW_1,SW,1,1,0.006385043,NA,nmol_m2_s1,NA,NA,NA,NA,NA,NA
SW 1-3,ch4,NA,NA,2023-03-22,273,SW_1,SW,1,3,0.006955088,NA,nmol_m2_s1,NA,NA,NA,NA,NA,NA
SW 1-4,ch4,NA,NA,2023-03-22,273,SW_1,SW,1,4,0.01012201,NA,nmol_m2_s1,NA,NA,NA,NA,NA,NA
SW 2-1,ch4,7.76632293130812e-5,0.9629548315706902,2023-03-22,285.7,SW_2,SW,2,1,0.007588473,0.00835263645327381,nmol_m2_s1,NA,NA,NA,55.2,6.3,NA
SW 2-3,ch4,0.00138777441587867,0.00351563710974887,2023-03-22,285.9,SW_2,SW,2,3,0.007081765,0.13919069842338488,nmol_m2_s1,NA,NA,NA,57.2,6.8,NA
SW 2-4,ch4,0.00112758111640099,0.39489629179356944,2023-03-22,285.6,SW_2,SW,2,4,0.008538549,0.13650157029962226,nmol_m2_s1,NA,NA,NA,56.1,5.9,NA
UP 1-1,ch4,0.00241975722368866,7.849605806444587e-4,2023-03-22,286.1,UP_1,UP,1,1,0.009171934,0.314107885740159,nmol_m2_s1,NA,NA,NA,53.3,5.2,NA
UP 1-2,ch4,0.00205045079211516,0.03216307351717031,2023-03-22,285.85,UP_1,UP,1,2,0.009551964,0.27743919339296513,nmol_m2_s1,NA,NA,NA,52.4,4.9,NA
UP 1-3,ch4,-6.418652143557899e-4,0.5094911450496484,2023-03-22,285.7,UP_1,UP,1,3,0.007968503,-0.07248936934260582,nmol_m2_s1,NA,NA,NA,54.7,4.9,NA
UP 1-4,ch4,4.999736136805386e-4,0.7010942150606302,2023-03-22,285.95,UP_1,UP,1,4,0.007905165,0.0559669840853278,nmol_m2_s1,NA,NA,NA,54.1,4.8,NA
UP 2-1,ch4,1.871616438658588e-4,0.8132301654692281,2023-03-22,286.25,UP_2,UP,2,1,0.00891858,0.02361190620495473,nmol_m2_s1,NA,NA,NA,49.1,5.3,NA
UP 2-2,ch4,0.00233287372769463,0.05433090205850195,2023-03-22,286.45,UP_2,UP,2,2,0.006765073,0.22308936861384449,nmol_m2_s1,NA,NA,NA,48.9,5.7,NA
UP 2-3,ch4,0.00244122211937378,0.05041364631377802,2023-03-22,285.85,UP_2,UP,2,3,0.008981918,0.3106005118527678,nmol_m2_s1,NA,NA,NA,49.2,5.4,NA
UP 2-4,ch4,-4.822475629878355e-4,0.4020730703011106,2023-03-22,286.05,UP_2,UP,2,4,0.008475211,-0.0578552254410405,nmol_m2_s1,NA,NA,NA,43.1,5.3,NA
SW 1-1,n2o,NA,NA,2023-03-22,273,SW_1,SW,1,1,0.006385043,NA,nmol_m2_s1,NA,NA,NA,NA,NA,NA
SW 1-3,n2o,NA,NA,2023-03-22,273,SW_1,SW,1,3,0.006955088,NA,nmol_m2_s1,NA,NA,NA,NA,NA,NA
SW 1-4,n2o,NA,NA,2023-03-22,273,SW_1,SW,1,4,0.01012201,NA,nmol_m2_s1,NA,NA,NA,NA,NA,NA
SW 2-1,n2o,6.081462965336439e-4,0.02805595787759783,2023-03-22,285.7,SW_2,SW,2,1,0.007588473,0.06540579074909514,nmol_m2_s1,NA,NA,NA,55.2,6.3,NA
SW 2-3,n2o,4.4961534352452507e-4,0.04721467839237862,2023-03-22,285.9,SW_2,SW,2,3,0.007081765,0.04509542254922229,nmol_m2_s1,NA,NA,NA,57.2,6.8,NA
SW 2-4,n2o,5.017664362283432e-4,0.18206743432506867,2023-03-22,285.6,SW_2,SW,2,4,0.008538549,0.06074233194630499,nmol_m2_s1,NA,NA,NA,56.1,5.9,NA
UP 1-1,n2o,6.061999251521953e-4,0.00870283242627883,2023-03-22,286.1,UP_1,UP,1,1,0.009171934,0.07869061200079229,nmol_m2_s1,NA,NA,NA,53.3,5.2,NA
UP 1-2,n2o,5.55622348694224e-4,0.00962252694338914,2023-03-22,285.85,UP_1,UP,1,2,0.009551964,0.0751792809881646,nmol_m2_s1,NA,NA,NA,52.4,4.9,NA
UP 1-3,n2o,5.547355315372026e-4,0.03681310824173983,2023-03-22,285.7,UP_1,UP,1,3,0.007968503,0.06264933499072134,nmol_m2_s1,NA,NA,NA,54.7,4.9,NA
UP 1-4,n2o,4.841449470683672e-4,0.1017481488778034,2023-03-22,285.95,UP_1,UP,1,4,0.007905165,0.05419512511490343,nmol_m2_s1,NA,NA,NA,54.1,4.8,NA
UP 2-1,n2o,4.452128145554466e-4,0.07520509136897979,2023-03-22,286.25,UP_2,UP,2,1,0.00891858,0.05616708103964628,nmol_m2_s1,NA,NA,NA,49.1,5.3,NA
UP 2-2,n2o,3.3310193877724494e-4,0.1461774064676361,2023-03-22,286.45,UP_2,UP,2,2,0.006765073,0.03185406064789389,nmol_m2_s1,NA,NA,NA,48.9,5.7,NA
UP 2-3,n2o,5.106066469964447e-4,0.00455570771217633,2023-03-22,285.85,UP_2,UP,2,3,0.008981918,0.06496528302521026,nmol_m2_s1,NA,NA,NA,49.2,5.4,NA
UP 2-4,n2o,2.7375844965250894e-4,0.21524611182817105,2023-03-22,286.05,UP_2,UP,2,4,0.008475211,0.03284279286536313,nmol_m2_s1,NA,NA,NA,43.1,5.3,NA
SW 1-1,co2,34.69893709239287,6.58818268143882e-5,2023-06-02,312.1,SW_1,SW,1,1,0.006385043,2.8744198985910097,umol_m2_s1,NA,NA,NA,NA,NA,NA
SW 1-2,co2,32.671603903533395,0.00230577360920442,2023-06-02,312.1,SW_1,SW,1,2,0.007651811,3.243432785690235,umol_m2_s1,NA,NA,NA,NA,NA,NA
SW 1-3,co2,34.814928142243375,9.929614129305448e-5,2023-06-02,311.55,SW_1,SW,1,3,0.006955088,3.147055183197853,umol_m2_s1,NA,NA,NA,NA,NA,NA
SW 1-4,co2,43.921340707489456,3.979726684035082e-6,2023-06-02,312.6,SW_1,SW,1,4,0.01012201,5.75860590620229,umol_m2_s1,NA,NA,NA,NA,NA,NA
SW 2-1,co2,48.743717697143744,0.02967372895997155,2023-06-02,308.55,SW_2,SW,2,1,0.007588473,4.85413078959247,umol_m2_s1,NA,NA,NA,NA,NA,NA
SW 2-2,co2,35.042976581347716,0.00168475618804622,2023-06-02,309.5,SW_2,SW,2,2,0.007145104,3.2757660003333133,umol_m2_s1,NA,NA,NA,NA,NA,NA
SW 2-3,co2,23.83480916766896,5.974384363569951e-4,2023-06-02,310.25,SW_2,SW,2,3,0.007081765,2.202953760349057,umol_m2_s1,NA,NA,NA,NA,NA,NA
SW 2-4,co2,45.129249115509914,0.0014296822236309,2023-06-02,310,SW_2,SW,2,4,0.008538549,5.033203271070657,umol_m2_s1,NA,NA,NA,NA,NA,NA
UP 1-1,co2,32.91946472904628,3.880707213811749e-4,2023-06-02,309.25,UP_1,UP,1,1,0.009171934,3.953374521496892,umol_m2_s1,NA,NA,NA,NA,NA,NA
UP 1-2,co2,28.57389557332153,7.480010859270902e-4,2023-06-02,309.8,UP_1,UP,1,2,0.009551964,3.5673415990466126,umol_m2_s1,NA,NA,NA,NA,NA,NA
UP 1-3,co2,29.122574847958948,0.00126318081831305,2023-06-02,309.8,UP_1,UP,1,3,0.007968503,3.033116409180581,umol_m2_s1,NA,NA,NA,NA,NA,NA
UP 1-4,co2,29.140107222521603,7.594059444279944e-4,2023-06-02,310.35,UP_1,UP,1,4,0.007905165,3.005483280163448,umol_m2_s1,NA,NA,NA,NA,NA,NA
UP 2-1,co2,26.31728900106652,2.251245546168976e-4,2023-06-02,309,UP_2,UP,2,1,0.00891858,3.075688607223498,umol_m2_s1,NA,NA,NA,NA,NA,NA
UP 2-2,co2,26.611521815791708,0.00146180890147641,2023-06-02,308.7,UP_2,UP,2,2,0.006765073,2.361399952777926,umol_m2_s1,NA,NA,NA,NA,NA,NA
UP 2-3,co2,14.67610733267842,0.0326193175825818,2023-06-02,308.55,UP_2,UP,2,3,0.008981918,1.7298896322091029,umol_m2_s1,NA,NA,NA,NA,NA,NA
UP 2-4,co2,36.43047126952703,7.101936253800824e-4,2023-06-02,310.4,UP_2,UP,2,4,0.008475211,4.027704288845707,umol_m2_s1,NA,NA,NA,NA,NA,NA
SW 1-1,ch4,0.00130178901267736,0.489176381426643,2023-06-02,312.1,SW_1,SW,1,1,0.006385043,0.10783869926169272,nmol_m2_s1,NA,NA,NA,NA,NA,NA
SW 1-2,ch4,-0.00763349574332692,0.27123261575070445,2023-06-02,312.1,SW_1,SW,1,2,0.007651811,-0.7578057825516107,nmol_m2_s1,NA,NA,NA,NA,NA,NA
SW 1-3,ch4,-0.00108163697101822,0.7606481257172281,2023-06-02,311.55,SW_1,SW,1,3,0.006955088,-0.09777332361777992,nmol_m2_s1,NA,NA,NA,NA,NA,NA
SW 1-4,ch4,0.01187898195199571,0.02525141586521735,2023-06-02,312.6,SW_1,SW,1,4,0.01012201,1.5574746700928523,nmol_m2_s1,NA,NA,NA,NA,NA,NA
SW 2-1,ch4,-0.00515800605756823,0.26162126716936274,2023-06-02,308.55,SW_2,SW,2,1,0.007588473,-0.5136587277259231,nmol_m2_s1,NA,NA,NA,NA,NA,NA
SW 2-2,ch4,-0.0061684968532024,0.04940277441439277,2023-06-02,309.5,SW_2,SW,2,2,0.007145104,-0.5766220291811277,nmol_m2_s1,NA,NA,NA,NA,NA,NA
SW 2-3,ch4,-0.00942418209972757,0.09353450299781976,2023-06-02,310.25,SW_2,SW,2,3,0.007081765,-0.8710385406806909,nmol_m2_s1,NA,NA,NA,NA,NA,NA
SW 2-4,ch4,-0.01212707113087139,0.05374274564927314,2023-06-02,310,SW_2,SW,2,4,0.008538549,-1.3525156141680854,nmol_m2_s1,NA,NA,NA,NA,NA,NA
UP 1-1,ch4,-0.00587851998867842,0.3863733530502724,2023-06-02,309.25,UP_1,UP,1,1,0.009171934,-0.7059650373611879,nmol_m2_s1,NA,NA,NA,NA,NA,NA
UP 1-2,ch4,-0.00687107299275187,0.00556292655066563,2023-06-02,309.8,UP_1,UP,1,2,0.009551964,-0.8578271889540665,nmol_m2_s1,NA,NA,NA,NA,NA,NA
UP 1-3,ch4,-0.00964660157270103,0.02358095087063783,2023-06-02,309.8,UP_1,UP,1,3,0.007968503,-1.004693632885875,nmol_m2_s1,NA,NA,NA,NA,NA,NA
UP 1-4,ch4,-0.01119645635977402,0.06773531339942247,2023-06-02,310.35,UP_1,UP,1,4,0.007905165,-1.1547919892474778,nmol_m2_s1,NA,NA,NA,NA,NA,NA
UP 2-1,ch4,0.00421304155422209,0.1405706629575751,2023-06-02,309,UP_2,UP,2,1,0.00891858,0.49237609198861376,nmol_m2_s1,NA,NA,NA,NA,NA,NA
UP 2-2,ch4,-0.00223308873402283,0.45752069731004424,2023-06-02,308.7,UP_2,UP,2,2,0.006765073,-0.19815535795255493,nmol_m2_s1,NA,NA,NA,NA,NA,NA
UP 2-3,ch4,-0.00405078769895001,0.2190885086585437,2023-06-02,308.55,UP_2,UP,2,3,0.008981918,-0.477470999894556,nmol_m2_s1,NA,NA,NA,NA,NA,NA
UP 2-4,ch4,0.00231465743532585,0.3892220531155764,2023-06-02,310.4,UP_2,UP,2,4,0.008475211,0.255905437250512,nmol_m2_s1,NA,NA,NA,NA,NA,NA
SW 1-1,n2o,0.00125817680999923,0.12510588608937576,2023-06-02,312.1,SW_1,SW,1,1,0.006385043,0.1042259147298321,nmol_m2_s1,NA,NA,NA,NA,NA,NA
SW 1-2,n2o,0.00183370629304797,0.03257228963031028,2023-06-02,312.1,SW_1,SW,1,2,0.007651811,0.18203890839760936,nmol_m2_s1,NA,NA,NA,NA,NA,NA
SW 1-3,n2o,0.0029856087440274302,0.01564300973162623,2023-06-02,311.55,SW_1,SW,1,3,0.006955088,0.269880651038647,nmol_m2_s1,NA,NA,NA,NA,NA,NA
SW 1-4,n2o,0.00130703616472687,0.01454900176029177,2023-06-02,312.6,SW_1,SW,1,4,0.01012201,0.17136786028329715,nmol_m2_s1,NA,NA,NA,NA,NA,NA
SW 2-1,n2o,0.00148762446659273,0.25590987443355256,2023-06-02,308.55,SW_2,SW,2,1,0.007588473,0.1481447059804793,nmol_m2_s1,NA,NA,NA,NA,NA,NA
SW 2-2,n2o,1.6394024659058108e-4,0.8424705642786043,2023-06-02,309.5,SW_2,SW,2,2,0.007145104,0.01532489355237959,nmol_m2_s1,NA,NA,NA,NA,NA,NA
SW 2-3,n2o,-6.217458609945525e-4,0.279968826519817,2023-06-02,310.25,SW_2,SW,2,3,0.007081765,-0.0574654226440096,nmol_m2_s1,NA,NA,NA,NA,NA,NA
SW 2-4,n2o,4.653930552048581e-5,0.7514845727099604,2023-06-02,310,SW_2,SW,2,4,0.008538549,0.00519046492839966,nmol_m2_s1,NA,NA,NA,NA,NA,NA
UP 1-1,n2o,4.03607737503415e-4,0.516924827260259,2023-06-02,309.25,UP_1,UP,1,1,0.009171934,0.04847018501844374,nmol_m2_s1,NA,NA,NA,NA,NA,NA
UP 1-2,n2o,4.475252370919357e-4,0.03009132393417868,2023-06-02,309.8,UP_1,UP,1,2,0.009551964,0.05587181456601371,nmol_m2_s1,NA,NA,NA,NA,NA,NA
UP 1-3,n2o,1.7848661426952088e-4,0.6878915753055174,2023-06-02,309.8,UP_1,UP,1,3,0.007968503,0.01858938233951901,nmol_m2_s1,NA,NA,NA,NA,NA,NA
UP 1-4,n2o,3.047049622571466e-4,0.38540459126193766,2023-06-02,310.35,UP_1,UP,1,4,0.007905165,0.03142698351977588,nmol_m2_s1,NA,NA,NA,NA,NA,NA
UP 2-1,n2o,9.546384004015704e-4,0.03371117657738604,2023-06-02,309,UP_2,UP,2,1,0.00891858,0.11156811980193648,nmol_m2_s1,NA,NA,NA,NA,NA,NA
UP 2-2,n2o,7.084813544739799e-4,0.05772685816655758,2023-06-02,308.7,UP_2,UP,2,2,0.006765073,0.0628678002175023,nmol_m2_s1,NA,NA,NA,NA,NA,NA
UP 2-3,n2o,1.8289193779291507e-4,0.6001665735450666,2023-06-02,308.55,UP_2,UP,2,3,0.008981918,0.02155768282629856,nmol_m2_s1,NA,NA,NA,NA,NA,NA
UP 2-4,n2o,1.446307381495157e-4,0.37460381692987504,2023-06-02,310.4,UP_2,UP,2,4,0.008475211,0.01599018140704079,nmol_m2_s1,NA,NA,NA,NA,NA,NA
SW 1-1,co2,30.614427313128825,0.00166000254814109,2023-06-15,305.5,SW_1,SW,1,1,0.006385043,2.5908527630920384,umol_m2_s1,min_elapsed,2.812894620666854,10.883602637723788,41.3,24.1,15
SW 1-2,co2,29.43761625094519,2.0261791501923057e-4,2023-06-15,303.05,SW_1,SW,1,2,0.007651811,3.0096539757305885,umol_m2_s1,min_elapsed,1.3315830984168349,22.107231824994315,45.2,24.4,5
SW 1-3,co2,25.42109168394354,1.3402898051376806e-4,2023-06-15,303.365,SW_1,SW,1,3,0.006955088,2.359909421070129,umol_m2_s1,min_elapsed,1.0013295036600152,25.38733912366059,40.1,24.2,10
SW 1-4,co2,31.641649798943163,7.740291027882985e-5,2023-06-15,304.35,SW_1,SW,1,4,0.01012201,4.261049279908353,umol_m2_s1,min_elapsed,1.0373227362801425,30.503187380632063,45.7,23.9,30
SW 2-1,co2,42.27010488296445,1.574311982758033e-4,2023-06-15,301.2,SW_2,SW,2,1,0.007588473,4.312178526227034,umol_m2_s1,min_elapsed,1.7571346219464667,24.056269994919184,11.9,18.8,40
SW 2-2,co2,37.18193428298786,2.364776595956615e-4,2023-06-15,301,SW_2,SW,2,2,0.007145104,3.5738639790623794,umol_m2_s1,min_elapsed,1.771266913886261,20.991717279587512,14.1,19.1,5
SW 2-3,co2,36.131869194763034,3.639080221433776e-4,2023-06-15,301.9,SW_2,SW,2,3,0.007081765,3.4318856503678643,umol_m2_s1,min_elapsed,1.989008338656194,18.165770596605093,19.5,18.2,10
SW 2-4,co2,51.537502652454755,4.226225308473694e-4,2023-06-15,302.4,SW_2,SW,2,4,0.008538549,5.8923649810074865,umol_m2_s1,min_elapsed,2.9832431872651677,17.2756625649754,25.3,18.2,60
UP 1-1,co2,45.496522837732385,7.329859567618483e-5,2023-06-15,300.55,UP_1,UP,1,1,0.009171934,5.621942198840627,umol_m2_s1,min_elapsed,1.464622838922226,31.06364425616357,17.3,18.8,40
UP 1-2,co2,38.01809716957237,5.940644717889116e-4,2023-06-15,302.7,UP_1,UP,1,2,0.009551964,4.857743885619951,umol_m2_s1,min_elapsed,2.4677095585472353,15.406228434740918,21.9,18.3,45
UP 1-3,co2,50.14993822647155,4.44026511860796e-4,2023-06-15,301.45,UP_1,UP,1,3,0.007968503,5.367793944977819,umol_m2_s1,min_elapsed,2.9515229830665315,16.991207086711373,25.5,18,30
UP 1-4,co2,39.77335603488076,9.259016932863474e-5,2023-06-15,301.4,UP_1,UP,1,4,0.007905165,4.2240000088331415,umol_m2_s1,min_elapsed,1.3843755270807083,28.730178522263056,23.5,17.9,35
UP 2-1,co2,39.45865159200319,8.498631130775021e-4,2023-06-15,303.3,UP_2,UP,2,1,0.00891858,4.698178613300903,umol_m2_s1,min_elapsed,2.889854617006786,13.654199543391956,13.3,18.8,10
UP 2-2,co2,54.367312738566774,0.00272954525373582,2023-06-15,302.65,UP_2,UP,2,2,0.006765073,4.92077670139023,umol_m2_s1,min_elapsed,5.919541191717541,9.184379494585832,22.1,18.6,15
UP 2-3,co2,29.20335094596158,1.2117304714529266e-4,2023-06-15,302.25,UP_2,UP,2,3,0.008981918,3.5139812940961086,umol_m2_s1,min_elapsed,1.112155237075764,26.25834053773569,15.8,18.1,5
UP 2-4,co2,34.1224075994443,5.693745053344562e-4,2023-06-15,301.75,UP_2,UP,2,4,0.008475211,3.8806715641392873,umol_m2_s1,min_elapsed,2.183418553685254,15.627973638792822,15.3,18.5,25
SW 1-1,ch4,-0.00242719317885475,0.06196088489993938,2023-06-15,305.5,SW_1,SW,1,1,0.006385043,-0.2054096942488677,nmol_m2_s1,min_elapsed,8.33883301812164e-4,-2.910710855559848,41.3,24.1,15
SW 1-2,ch4,-8.046063288269523e-4,0.3319423848521693,2023-06-15,303.05,SW_1,SW,1,2,0.007651811,-0.08226164156122111,nmol_m2_s1,min_elapsed,6.96982489925315e-4,-1.154413978051543,45.2,24.4,5
SW 1-3,ch4,-0.00210682841870343,0.17389350394906702,2023-06-15,303.365,SW_1,SW,1,3,0.006955088,-0.19558264041889556,nmol_m2_s1,min_elapsed,0.00118657819815437,-1.775549577752591,40.1,24.2,10
SW 1-4,ch4,-0.00112923507494497,0.20303188074314815,2023-06-15,304.35,SW_1,SW,1,4,0.01012201,-0.15206938745343906,nmol_m2_s1,min_elapsed,6.957390247915268e-4,-1.62307278261895,45.7,23.9,30
SW 2-1,ch4,-0.00587033291516111,0.00122341038115714,2023-06-15,301.2,SW_2,SW,2,1,0.007588473,-0.5988611480536782,nmol_m2_s1,min_elapsed,4.863012513836289e-4,-12.07139175245547,11.9,18.8,40
SW 2-2,ch4,-0.0057614918904136,0.01975145096453834,2023-06-15,301,SW_2,SW,2,2,0.007145104,-0.5537847540715557,nmol_m2_s1,min_elapsed,0.0012629784257808,-4.561829222737271,14.1,19.1,5
SW 2-3,ch4,-0.0130928582448684,0.02621381210517891,2023-06-15,301.9,SW_2,SW,2,3,0.007081765,-1.2435889239679048,nmol_m2_s1,min_elapsed,0.00319168828763048,-4.102173227758586,19.5,18.2,10
SW 2-4,ch4,-0.01448058636499596,0.00140823545249026,2023-06-15,302.4,SW_2,SW,2,4,0.008538549,-1.6555885638648156,nmol_m2_s1,min_elapsed,0.00125819341361575,-11.509030494272038,25.3,18.2,60
UP 1-1,ch4,-0.00992776082488798,9.926261527236349e-4,2023-06-15,300.55,UP_1,UP,1,1,0.009171934,-1.2267596299721173,nmol_m2_s1,min_elapsed,7.662461896619279e-4,-12.956359142572923,17.3,18.8,40
UP 1-2,ch4,-0.01095619510222875,0.00636325558097619,2023-06-15,302.7,UP_1,UP,1,2,0.009551964,-1.3999225034888725,nmol_m2_s1,min_elapsed,0.0015989748808906,-6.852012019179635,21.9,18.3,45
UP 1-3,ch4,-0.01003078367919468,0.00193144256799536,2023-06-15,301.45,UP_1,UP,1,3,0.007968503,-1.0736439924095962,nmol_m2_s1,min_elapsed,9.704042319846082e-4,-10.336706445189728,25.5,18,30
UP 1-4,ch4,-0.01172949120578716,0.00970163308919692,2023-06-15,301.4,UP_1,UP,1,4,0.007905165,-1.2456924910586502,nmol_m2_s1,min_elapsed,0.0019866079701984,-5.904280754806261,23.5,17.9,35
UP 2-1,ch4,-0.00322096598117954,0.02212950396381671,2023-06-15,303.3,UP_2,UP,2,1,0.00891858,-0.3835071112773226,nmol_m2_s1,min_elapsed,7.366220200397e-4,-4.372617018706486,13.3,18.8,10
UP 2-2,ch4,-0.00855214732209382,0.00788984048260145,2023-06-15,302.65,UP_2,UP,2,2,0.006765073,-0.7740534738543988,nmol_m2_s1,min_elapsed,0.0013461325046117,-6.35312444562115,22.1,18.6,15
UP 2-3,ch4,-0.0042810948525181,0.07185967095126126,2023-06-15,302.25,UP_2,UP,2,3,0.008981918,-0.515135651995446,nmol_m2_s1,min_elapsed,0.0015673976705229,-2.731339297633297,15.8,18.1,5
UP 2-4,ch4,-0.00422989677906375,0.05439367147522329,2023-06-15,301.75,UP_2,UP,2,4,0.008475211,-0.4810575016407804,nmol_m2_s1,min_elapsed,0.0013760487190046,-3.073944054919467,15.3,18.5,25
SW 1-1,n2o,-1.1293724156376478e-4,0.8405039967053047,2023-06-15,305.5,SW_1,SW,1,1,0.006385043,-0.00955770824548436,nmol_m2_s1,min_elapsed,5.150364611104692e-4,-0.2192800900352977,41.3,24.1,15
SW 1-2,n2o,0.00118743960825107,0.05514164196881684,2023-06-15,303.05,SW_1,SW,1,2,0.007651811,0.1214018929877876,nmol_m2_s1,min_elapsed,3.8848728942771386e-4,3.0565726101368917,45.2,24.4,5
SW 1-3,n2o,0.00100175141998235,0.05641937692366267,2023-06-15,303.365,SW_1,SW,1,3,0.006955088,0.0929953222693384,nmol_m2_s1,min_elapsed,3.308761264549305e-4,3.0275723749407724,40.1,24.2,10
SW 1-4,n2o,4.407161435981623e-4,0.01143309206894324,2023-06-15,304.35,SW_1,SW,1,4,0.01012201,0.05934940871463846,nmol_m2_s1,min_elapsed,7.91551827081133e-5,5.567748421771876,45.7,23.9,30
SW 2-1,n2o,4.361807480177159e-4,0.5701244229408129,2023-06-15,301.2,SW_2,SW,2,1,0.007588473,0.04449691479033137,nmol_m2_s1,min_elapsed,6.860964131728188e-4,0.6357426443910699,11.9,18.8,40
SW 2-2,n2o,3.103931643793387e-4,0.41855403695253984,2023-06-15,301,SW_2,SW,2,2,0.007145104,0.02983446049578046,nmol_m2_s1,min_elapsed,3.318038371633671e-4,0.9354718951803844,14.1,19.1,5
SW 2-3,n2o,0.00107897339632604,0.0094092101254451,2023-06-15,301.9,SW_2,SW,2,3,0.007081765,0.10248330347981877,nmol_m2_s1,min_elapsed,1.8076528012735867e-4,5.968919449386816,19.5,18.2,10
SW 2-4,n2o,5.74864584082928e-4,0.44946647309968446,2023-06-15,302.4,SW_2,SW,2,4,0.008538549,0.06572518592750128,nmol_m2_s1,min_elapsed,6.626272909463772e-4,0.8675534375620044,25.3,18.2,60
UP 1-1,n2o,0.00216343838380787,1.0111455517206534e-4,2023-06-15,300.55,UP_1,UP,1,1,0.009171934,0.26733307923114324,nmol_m2_s1,min_elapsed,7.755217257291176e-5,27.896554178077785,17.3,18.8,40
UP 1-2,n2o,4.588509361582024e-4,0.5422701531825689,2023-06-15,302.7,UP_1,UP,1,2,0.009551964,0.05862945532469871,nmol_m2_s1,min_elapsed,6.694047036172392e-4,0.6854611771903086,21.9,18.3,45
UP 1-3,n2o,0.00176541666854985,0.01933917303911371,2023-06-15,301.45,UP_1,UP,1,3,0.007968503,0.1889612079083819,nmol_m2_s1,min_elapsed,3.8398289889444287e-4,4.597643993086181,25.5,18,30
UP 1-4,n2o,0.00134029610419297,0.00366897906858063,2023-06-15,301.4,UP_1,UP,1,4,0.007905165,0.14234179160001334,nmol_m2_s1,min_elapsed,1.6155208041911107e-4,8.296371676030873,23.5,17.9,35
UP 2-1,n2o,8.439750381130649e-4,0.20038592966029695,2023-06-15,303.3,UP_2,UP,2,1,0.00891858,0.10048862072687256,nmol_m2_s1,min_elapsed,5.159203780987108e-4,1.6358629624658625,13.3,18.8,10
UP 2-2,n2o,3.199415982929569e-4,0.19276186958149016,2023-06-15,302.65,UP_2,UP,2,2,0.006765073,0.02895786242472719,nmol_m2_s1,min_elapsed,1.9114594399802817e-4,1.6738079375425168,22.1,18.6,15
UP 2-3,n2o,0.00108128862056179,0.04391437870381878,2023-06-15,302.25,UP_2,UP,2,3,0.008981918,0.1301093149619719,nmol_m2_s1,min_elapsed,3.223467862915511e-4,3.3544265571917484,15.8,18.1,5
UP 2-4,n2o,6.774095209451794e-4,0.1071896728509632,2023-06-15,301.75,UP_2,UP,2,4,0.008475211,0.07704039808879096,nmol_m2_s1,min_elapsed,2.974461371169955e-4,2.27741912371426,15.3,18.5,25
SW 1-1,co2,40.90019409328553,9.503284591005809e-5,2023-07-06,304.15,SW_1,SW,1,1,0.006385043,3.476685096895856,umol_m2_s1,NA,NA,NA,NA,NA,NA
SW 1-2,co2,33.03276675906178,0.00105768965388423,2023-07-06,304.05,SW_1,SW,1,2,0.007651811,3.366108875262467,umol_m2_s1,NA,NA,NA,NA,NA,NA
SW 1-3,co2,30.11376133726339,0.00359267734434561,2023-07-06,304.75,SW_1,SW,1,3,0.006955088,2.782837843061414,umol_m2_s1,NA,NA,NA,NA,NA,NA
SW 1-4,co2,23.26568186872338,1.9648518464018697e-4,2023-07-06,306,SW_1,SW,1,4,0.01012201,3.1161984146570876,umol_m2_s1,NA,NA,NA,NA,NA,NA
SW 2-1,co2,64.58740270047589,9.34355802759244e-5,2023-07-06,304,SW_2,SW,2,1,0.007588473,6.528187376471025,umol_m2_s1,NA,NA,NA,NA,NA,NA
SW 2-2,co2,39.127308885725334,1.9626272197105743e-4,2023-07-06,303.45,SW_2,SW,2,2,0.007145104,3.7304856431910207,umol_m2_s1,NA,NA,NA,NA,NA,NA
SW 2-3,co2,26.181835694505185,0.0071512725474311804,2023-07-06,303.85,SW_2,SW,2,3,0.007081765,2.470849794172064,umol_m2_s1,NA,NA,NA,NA,NA,NA
SW 2-4,co2,57.56340482593675,2.3167177720046569e-4,2023-07-06,304.3,SW_2,SW,2,4,0.008538549,6.540223326541557,umol_m2_s1,NA,NA,NA,NA,NA,NA
UP 1-1,co2,58.85535271403219,2.5808634118893635e-6,2023-07-06,304.1,UP_1,UP,1,1,0.009171934,7.187774587552048,umol_m2_s1,NA,NA,NA,NA,NA,NA
UP 1-2,co2,50.35507930896283,8.734133264756108e-5,2023-07-06,303.15,UP_1,UP,1,2,0.009551964,6.424544921949088,umol_m2_s1,NA,NA,NA,NA,NA,NA
UP 1-3,co2,71.40678230465588,4.62847308674651e-5,2023-07-06,303.8,UP_1,UP,1,3,0.007968503,7.583896823478693,umol_m2_s1,NA,NA,NA,NA,NA,NA
UP 1-4,co2,50.02665537717836,0.0020252397132043,2023-07-06,303.15,UP_1,UP,1,4,0.007905165,5.282248352082627,umol_m2_s1,NA,NA,NA,NA,NA,NA
UP 2-1,co2,43.19123425891532,1.9026208958089876e-4,2023-07-06,291.3,UP_2,UP,2,1,0.00891858,5.3544494638521,umol_m2_s1,NA,NA,NA,NA,NA,NA
UP 2-2,co2,48.57711962329389,1.8499951121943984e-4,2023-07-06,291.55,UP_2,UP,2,2,0.006765073,4.564100330442616,umol_m2_s1,NA,NA,NA,NA,NA,NA
UP 2-3,co2,35.42633312405868,3.819429424117604e-5,2023-07-06,291.5,UP_2,UP,2,3,0.008981918,4.419984132958169,umol_m2_s1,NA,NA,NA,NA,NA,NA
UP 2-4,co2,48.05332770670577,3.1957654025282146e-5,2023-07-06,291.4,UP_2,UP,2,4,0.008475211,5.659113721680074,umol_m2_s1,NA,NA,NA,NA,NA,NA
SW 1-1,ch4,-0.01795237553375805,0.08567741196197437,2023-07-06,304.15,SW_1,SW,1,1,0.006385043,-1.526025923733718,nmol_m2_s1,NA,NA,NA,NA,NA,NA
SW 1-2,ch4,5.534135502537945e-4,0.7074053536934678,2023-07-06,304.05,SW_1,SW,1,2,0.007651811,0.05639401255084933,nmol_m2_s1,NA,NA,NA,NA,NA,NA
SW 1-3,ch4,-0.01188674994509546,0.18293463929377343,2023-07-06,304.75,SW_1,SW,1,3,0.006955088,-1.0984644929521743,nmol_m2_s1,NA,NA,NA,NA,NA,NA
SW 1-4,ch4,-0.00431481761222328,0.5773237036177747,2023-07-06,306,SW_1,SW,1,4,0.01012201,-0.5779253700197894,nmol_m2_s1,NA,NA,NA,NA,NA,NA
SW 2-1,ch4,3.2362589266147487e-4,0.9796498901451915,2023-07-06,304,SW_2,SW,2,1,0.007588473,0.03271056551026537,nmol_m2_s1,NA,NA,NA,NA,NA,NA
SW 2-2,ch4,-0.02026207717016601,0.07244873036286818,2023-07-06,303.45,SW_2,SW,2,2,0.007145104,-1.9318320154675677,nmol_m2_s1,NA,NA,NA,NA,NA,NA
SW 2-3,ch4,-0.00137973068363519,0.9068891356013732,2023-07-06,303.85,SW_2,SW,2,3,0.007081765,-0.13020887135077255,nmol_m2_s1,NA,NA,NA,NA,NA,NA
SW 2-4,ch4,0.00440382631325857,0.6392876027331404,2023-07-06,304.3,SW_2,SW,2,4,0.008538549,0.5003527443712585,nmol_m2_s1,NA,NA,NA,NA,NA,NA
UP 1-1,ch4,-0.02469419232559057,0.04601936718355282,2023-07-06,304.1,UP_1,UP,1,1,0.009171934,-3.015805357932794,nmol_m2_s1,NA,NA,NA,NA,NA,NA
UP 1-2,ch4,-0.01290760989216554,0.2599392559081978,2023-07-06,303.15,UP_1,UP,1,2,0.009551964,-1.6468153903284948,nmol_m2_s1,NA,NA,NA,NA,NA,NA
UP 1-3,ch4,-0.00797587120193792,0.5258153783887606,2023-07-06,303.8,UP_1,UP,1,3,0.007968503,-0.8470929836157626,nmol_m2_s1,NA,NA,NA,NA,NA,NA
UP 1-4,ch4,-0.01396823133056208,0.262576671250281,2023-07-06,303.15,UP_1,UP,1,4,0.007905165,-1.4748870651270805,nmol_m2_s1,NA,NA,NA,NA,NA,NA
UP 2-1,ch4,-0.00897317421658313,0.1894064603603711,2023-07-06,291.3,UP_2,UP,2,1,0.00891858,-1.1124110875140718,nmol_m2_s1,NA,NA,NA,NA,NA,NA
UP 2-2,ch4,6.156221917232291e-4,0.6060822441865285,2023-07-06,291.55,UP_2,UP,2,2,0.006765073,0.05784125264035725,nmol_m2_s1,NA,NA,NA,NA,NA,NA
UP 2-3,ch4,-0.00381649572998455,9.751191701299716e-4,2023-07-06,291.5,UP_2,UP,2,3,0.008981918,-0.4761669945055184,nmol_m2_s1,NA,NA,NA,NA,NA,NA
UP 2-4,ch4,-0.0094508010543679,0.12719667613923882,2023-07-06,291.4,UP_2,UP,2,4,0.008475211,-1.112995925153762,nmol_m2_s1,NA,NA,NA,NA,NA,NA
SW 1-1,n2o,-8.324670961521282e-4,0.2915735002091191,2023-07-06,304.15,SW_1,SW,1,1,0.006385043,-0.07076313477259051,nmol_m2_s1,NA,NA,NA,NA,NA,NA
SW 1-2,n2o,8.626141950038203e-4,0.08140092035766948,2023-07-06,304.05,SW_1,SW,1,2,0.007651811,0.08790221294234148,nmol_m2_s1,NA,NA,NA,NA,NA,NA
SW 1-3,n2o,-2.9372072958431335e-4,0.6659768688124028,2023-07-06,304.75,SW_1,SW,1,3,0.006955088,-0.02714297800346168,nmol_m2_s1,NA,NA,NA,NA,NA,NA
SW 1-4,n2o,-2.61192368102179e-4,0.7325630289944621,2023-07-06,306,SW_1,SW,1,4,0.01012201,-0.03498402703145024,nmol_m2_s1,NA,NA,NA,NA,NA,NA
SW 2-1,n2o,-0.00165703221988028,0.49757022202730705,2023-07-06,304,SW_2,SW,2,1,0.007588473,-0.16748493309746454,nmol_m2_s1,NA,NA,NA,NA,NA,NA
SW 2-2,n2o,-0.00112662109371548,0.45944360749775065,2023-07-06,303.45,SW_2,SW,2,2,0.007145104,-0.1074145893267674,nmol_m2_s1,NA,NA,NA,NA,NA,NA
SW 2-3,n2o,0.00108120181105595,0.5195201148063123,2023-07-06,303.85,SW_2,SW,2,3,0.007081765,0.10203590395560865,nmol_m2_s1,NA,NA,NA,NA,NA,NA
SW 2-4,n2o,0.00152734835882047,0.3807591975608623,2023-07-06,304.3,SW_2,SW,2,4,0.008538549,0.1735338518337904,nmol_m2_s1,NA,NA,NA,NA,NA,NA
UP 1-1,n2o,-5.113117738850982e-4,0.635321656412054,2023-07-06,304.1,UP_1,UP,1,1,0.009171934,-0.06244451192917979,nmol_m2_s1,NA,NA,NA,NA,NA,NA
UP 1-2,n2o,-5.590895258664091e-5,0.9699207666458798,2023-07-06,303.15,UP_1,UP,1,2,0.009551964,-0.00713313497588043,nmol_m2_s1,NA,NA,NA,NA,NA,NA
UP 1-3,n2o,7.585702199959076e-4,0.4422842544438114,2023-07-06,303.8,UP_1,UP,1,3,0.007968503,0.08056543224798683,nmol_m2_s1,NA,NA,NA,NA,NA,NA
UP 1-4,n2o,3.901093548438484e-4,0.7902808624632378,2023-07-06,303.15,UP_1,UP,1,4,0.007905165,0.04119113063265038,nmol_m2_s1,NA,NA,NA,NA,NA,NA
UP 2-1,n2o,2.978393428890889e-4,0.8377059016130977,2023-07-06,291.3,UP_2,UP,2,1,0.00891858,0.03692336505797725,nmol_m2_s1,NA,NA,NA,NA,NA,NA
UP 2-2,n2o,-1.4687069334824937e-5,0.9765249833077496,2023-07-06,291.55,UP_2,UP,2,2,0.006765073,-0.00137993480313649,nmol_m2_s1,NA,NA,NA,NA,NA,NA
UP 2-3,n2o,2.540051976189404e-4,0.6427933594445635,2023-07-06,291.5,UP_2,UP,2,3,0.008981918,0.03169108525099299,nmol_m2_s1,NA,NA,NA,NA,NA,NA
UP 2-4,n2o,-0.00100943481904994,0.17979536716672825,2023-07-06,291.4,UP_2,UP,2,4,0.008475211,-0.1188784774801348,nmol_m2_s1,NA,NA,NA,NA,NA,NA
SW 1-1,co2,35.860805132210466,4.003676526431665e-6,2023-07-18,304.65,SW_1,SW,1,1,0.006385043,3.0433132809132375,umol_m2_s1,NA,NA,NA,47.5,20.2,40
SW 1-2,co2,32.020245687153405,1.651948052164956e-5,2023-07-18,303.3,SW_1,SW,1,2,0.007651811,3.270999406940326,umol_m2_s1,NA,NA,NA,46.9,20.1,25
SW 1-3,co2,29.635298560395757,1.8650145873446588e-5,2023-07-18,303.4,SW_1,SW,1,3,0.006955088,2.7508083956989213,umol_m2_s1,NA,NA,NA,43.1,19.7,50
SW 1-4,co2,24.13724539621527,1.240554691241242e-5,2023-07-18,303.95,SW_1,SW,1,4,0.01012201,3.254740001472905,umol_m2_s1,NA,NA,NA,46.8,19.7,40
SW 2-1,co2,51.056784563294805,8.123711324648758e-5,2023-07-18,307.1,SW_2,SW,2,1,0.007588473,5.108483778831963,umol_m2_s1,NA,NA,NA,25.9,23.8,65
SW 2-2,co2,34.26709223607671,9.142219131782417e-5,2023-07-18,307.15,SW_2,SW,2,2,0.007145104,3.2277453922949277,umol_m2_s1,NA,NA,NA,38,23.3,NA
SW 2-3,co2,36.982624295342696,2.7464931560316336e-4,2023-07-18,306.9,SW_2,SW,2,3,0.007081765,3.455463657234351,umol_m2_s1,NA,NA,NA,32.2,23.3,25
SW 2-4,co2,43.57931072984134,9.302614783309678e-4,2023-07-18,307.45,SW_2,SW,2,4,0.008538549,4.9006525879208205,umol_m2_s1,NA,NA,NA,30.7,23.1,55
UP 1-1,co2,46.734457813097634,5.832470183193801e-5,2023-07-18,285,UP_1,UP,1,1,0.009171934,6.089999415709552,umol_m2_s1,NA,NA,NA,26.4,25.2,70
UP 1-2,co2,38.01838772837012,1.246202289334579e-4,2023-07-18,285,UP_1,UP,1,2,0.009551964,5.159474779719745,umol_m2_s1,NA,NA,NA,27.5,24.3,25
UP 1-3,co2,45.46728255599583,5.7938880712756325e-5,2023-07-18,285,UP_1,UP,1,3,0.007968503,5.147482281518244,umol_m2_s1,NA,NA,NA,28.9,23.2,40
UP 1-4,co2,40.03826649470567,1.8648573145354087e-4,2023-07-18,285,UP_1,UP,1,4,0.007905165,4.496818163212596,umol_m2_s1,NA,NA,NA,27.6,22.8,15
UP 2-1,co2,35.407973305184726,2.2730700529638797e-4,2023-07-18,306.55,UP_2,UP,2,1,0.00891858,4.171184907390045,umol_m2_s1,NA,NA,NA,21.7,21.2,35
UP 2-2,co2,34.6600000491566,3.0857539090550697e-4,2023-07-18,305.75,UP_2,UP,2,2,0.006765073,3.105264239849907,umol_m2_s1,NA,NA,NA,25.5,21.7,45
UP 2-3,co2,27.318345971453443,2.32361949224954e-4,2023-07-18,305.95,UP_2,UP,2,3,0.008981918,3.2474091541059935,umol_m2_s1,NA,NA,NA,28.2,21.8,15
UP 2-4,co2,36.42160775875697,4.231839021063809e-4,2023-07-18,306.25,UP_2,UP,2,4,0.008475211,4.081290574780302,umol_m2_s1,NA,NA,NA,28.7,21.4,30
SW 1-1,ch4,-0.0030157525895928,0.0491976713733188,2023-07-18,304.65,SW_1,SW,1,1,0.006385043,-0.2559306706589421,nmol_m2_s1,NA,NA,NA,47.5,20.2,40
SW 1-2,ch4,-0.02783298903724179,0.5634797561310807,2023-07-18,303.3,SW_1,SW,1,2,0.007651811,-2.8432539688700955,nmol_m2_s1,NA,NA,NA,46.9,20.1,25
SW 1-3,ch4,-8.549309740963937e-4,0.2767425492357562,2023-07-18,303.4,SW_1,SW,1,3,0.006955088,-0.07935642343857699,nmol_m2_s1,NA,NA,NA,43.1,19.7,50
SW 1-4,ch4,-9.98492782525853e-5,0.9143097808719128,2023-07-18,303.95,SW_1,SW,1,4,0.01012201,-0.01346398210368468,nmol_m2_s1,NA,NA,NA,46.8,19.7,40
SW 2-1,ch4,-0.00322003254357423,0.11707595542892296,2023-07-18,307.1,SW_2,SW,2,1,0.007588473,-0.3221801795169386,nmol_m2_s1,NA,NA,NA,25.9,23.8,65
SW 2-2,ch4,-0.00530851042694787,0.0132691522291819,2023-07-18,307.15,SW_2,SW,2,2,0.007145104,-0.5000284223851124,nmol_m2_s1,NA,NA,NA,38,23.3,NA
SW 2-3,ch4,-0.01798000137472966,0.8493213280164649,2023-07-18,306.9,SW_2,SW,2,3,0.007081765,-1.6799576149934303,nmol_m2_s1,NA,NA,NA,32.2,23.3,25
SW 2-4,ch4,0.02284925766928902,0.1810072920451936,2023-07-18,307.45,SW_2,SW,2,4,0.008538549,2.5694824414098427,nmol_m2_s1,NA,NA,NA,30.7,23.1,55
UP 1-1,ch4,0.09495499119840212,0.13064668032021984,2023-07-18,285,UP_1,UP,1,1,0.009171934,12.373650363713196,nmol_m2_s1,NA,NA,NA,26.4,25.2,70
UP 1-2,ch4,-0.0086723776196604,3.801148490452732e-5,2023-07-18,285,UP_1,UP,1,2,0.009551964,-1.176928225587383,nmol_m2_s1,NA,NA,NA,27.5,24.3,25
UP 1-3,ch4,-0.0090540312162842,9.489519279816694e-6,2023-07-18,285,UP_1,UP,1,3,0.007968503,-1.0250330048807823,nmol_m2_s1,NA,NA,NA,28.9,23.2,40
UP 1-4,ch4,-0.01677481780627033,0.4166126940530001,2023-07-18,285,UP_1,UP,1,4,0.007905165,-1.8840302540519125,nmol_m2_s1,NA,NA,NA,27.6,22.8,15
UP 2-1,ch4,-0.00411645293422648,0.03064193656803554,2023-07-18,306.55,UP_2,UP,2,1,0.00891858,-0.48493276368101856,nmol_m2_s1,NA,NA,NA,21.7,21.2,35
UP 2-2,ch4,-0.12236308926996708,0.2790799124196217,2023-07-18,305.75,UP_2,UP,2,2,0.006765073,-10.962773365513502,nmol_m2_s1,NA,NA,NA,25.5,21.7,45
UP 2-3,ch4,-0.00211645121441149,0.3690810006876052,2023-07-18,305.95,UP_2,UP,2,3,0.008981918,-0.25158854987342966,nmol_m2_s1,NA,NA,NA,28.2,21.8,15
UP 2-4,ch4,-0.0019112211932081,0.20869389235745203,2023-07-18,306.25,UP_2,UP,2,4,0.008475211,-0.21416542327912863,nmol_m2_s1,NA,NA,NA,28.7,21.4,30
SW 1-1,n2o,0.00122189416026744,0.01467729004897788,2023-07-18,304.65,SW_1,SW,1,1,0.006385043,0.10369557270403128,nmol_m2_s1,NA,NA,NA,47.5,20.2,40
SW 1-2,n2o,0.00126481359465045,0.04551717441321984,2023-07-18,303.3,SW_1,SW,1,2,0.007651811,0.12920589549540962,nmol_m2_s1,NA,NA,NA,46.9,20.1,25
SW 1-3,n2o,9.17516268412884e-4,0.12269415428938676,2023-07-18,303.4,SW_1,SW,1,3,0.006955088,0.08516571713279211,nmol_m2_s1,NA,NA,NA,43.1,19.7,50
SW 1-4,n2o,7.514457239765121e-4,0.19419122530747404,2023-07-18,303.95,SW_1,SW,1,4,0.01012201,0.10132723998180906,nmol_m2_s1,NA,NA,NA,46.8,19.7,40
SW 2-1,n2o,4.552101444003762e-4,0.26964823689867395,2023-07-18,307.1,SW_2,SW,2,1,0.007588473,0.04554602602806392,nmol_m2_s1,NA,NA,NA,25.9,23.8,65
SW 2-2,n2o,-2.620096576159845e-5,0.9660218479274836,2023-07-18,307.15,SW_2,SW,2,2,0.007145104,-0.00246796681574401,nmol_m2_s1,NA,NA,NA,38,23.3,NA
SW 2-3,n2o,1.4258775673236173e-4,0.6720827454374573,2023-07-18,306.9,SW_2,SW,2,3,0.007081765,0.01332265680824863,nmol_m2_s1,NA,NA,NA,32.2,23.3,25
SW 2-4,n2o,-3.6687630825579256e-5,0.9258824935492916,2023-07-18,307.45,SW_2,SW,2,4,0.008538549,-0.00412565802301557,nmol_m2_s1,NA,NA,NA,30.7,23.1,55
UP 1-1,n2o,7.80174586276009e-4,0.1652785992942127,2023-07-18,285,UP_1,UP,1,1,0.009171934,0.1016650881791286,nmol_m2_s1,NA,NA,NA,26.4,25.2,70
UP 1-2,n2o,3.624930431040145e-4,0.4343946082696208,2023-07-18,285,UP_1,UP,1,2,0.009551964,0.04919392497865942,nmol_m2_s1,NA,NA,NA,27.5,24.3,25
UP 1-3,n2o,7.81914809343101e-4,0.12214232570218198,2023-07-18,285,UP_1,UP,1,3,0.007968503,0.08852283225401515,nmol_m2_s1,NA,NA,NA,28.9,23.2,40
UP 1-4,n2o,6.283106568476311e-4,0.00198069480753449,2023-07-18,285,UP_1,UP,1,4,0.007905165,0.0705674601128416,nmol_m2_s1,NA,NA,NA,27.6,22.8,15
UP 2-1,n2o,5.527991542206143e-4,0.2669391900121817,2023-07-18,306.55,UP_2,UP,2,1,0.00891858,0.06512170208186896,nmol_m2_s1,NA,NA,NA,21.7,21.2,35
UP 2-2,n2o,3.1487711769447594e-4,0.04500698206686691,2023-07-18,305.75,UP_2,UP,2,2,0.006765073,0.02821052083487978,nmol_m2_s1,NA,NA,NA,25.5,21.7,45
UP 2-3,n2o,7.122416891792734e-4,0.19168438802532545,2023-07-18,305.95,UP_2,UP,2,3,0.008981918,0.08466618673742606,nmol_m2_s1,NA,NA,NA,28.2,21.8,15
UP 2-4,n2o,8.722802992132285e-4,0.01770089062638455,2023-07-18,306.25,UP_2,UP,2,4,0.008475211,0.097744981147614,nmol_m2_s1,NA,NA,NA,28.7,21.4,30
SW 1-1,co2,35.860805132210466,4.003676526431665e-6,2023-08-02,307.2,SW_1,SW,1,1,0.006385043,3.018051403093157,umol_m2_s1,NA,NA,NA,34.9,24.1,NA
SW 1-2,co2,32.020245687153405,1.651948052164956e-5,2023-08-02,307.25,SW_1,SW,1,2,0.007651811,3.2289475024410117,umol_m2_s1,NA,NA,NA,43.1,23.9,NA
SW 1-3,co2,29.635298560395757,1.8650145873446588e-5,2023-08-02,304.85,SW_1,SW,1,3,0.006955088,2.737724347236518,umol_m2_s1,NA,NA,NA,22.5,23.1,NA
SW 1-4,co2,24.13724539621527,1.240554691241242e-5,2023-08-02,306.15,SW_1,SW,1,4,0.01012201,3.231351374972038,umol_m2_s1,NA,NA,NA,41.9,22.9,NA
SW 2-1,co2,51.056784563294805,8.123711324648758e-5,2023-08-02,305.65,SW_2,SW,2,1,0.007588473,5.132718365710114,umol_m2_s1,NA,NA,NA,15.2,23.9,40
SW 2-2,co2,34.26709223607671,9.142219131782417e-5,2023-08-02,307.1,SW_2,SW,2,2,0.007145104,3.228270912547661,umol_m2_s1,NA,NA,NA,33.2,23.2,15
SW 2-3,co2,36.982624295342696,2.7464931560316336e-4,2023-08-02,307.75,SW_2,SW,2,3,0.007081765,3.4459197283679033,umol_m2_s1,NA,NA,NA,30.6,22.9,30
SW 2-4,co2,43.57931072984134,9.302614783309678e-4,2023-08-02,306.35,SW_2,SW,2,4,0.008538549,4.918249186082115,umol_m2_s1,NA,NA,NA,24.1,22.4,45
UP 1-1,co2,46.734457813097634,5.832470183193801e-5,2023-08-02,307.7,UP_1,UP,1,1,0.009171934,5.640720940777453,umol_m2_s1,NA,NA,NA,27.5,24.3,NA
UP 1-2,co2,38.01838772837012,1.246202289334579e-4,2023-08-02,307.05,UP_1,UP,1,2,0.009551964,4.788960469695904,umol_m2_s1,NA,NA,NA,24.7,23.6,NA
UP 1-3,co2,45.46728255599583,5.7938880712756325e-5,2023-08-02,307.45,UP_1,UP,1,3,0.007968503,4.77161310857928,umol_m2_s1,NA,NA,NA,24.9,23.4,NA
UP 1-4,co2,40.03826649470567,1.8648573145354087e-4,2023-08-02,307.2,UP_1,UP,1,4,0.007905165,4.171852788136685,umol_m2_s1,NA,NA,NA,24.1,23.3,NA
UP 2-1,co2,35.407973305184726,2.2730700529638797e-4,2023-08-02,307.05,UP_2,UP,2,1,0.00891858,4.164392552875487,umol_m2_s1,NA,NA,NA,24.7,24.3,15
UP 2-2,co2,34.6600000491566,3.0857539090550697e-4,2023-08-02,306.8,UP_2,UP,2,2,0.006765073,3.0946367057826234,umol_m2_s1,NA,NA,NA,27.2,24.1,35
UP 2-3,co2,27.318345971453443,2.32361949224954e-4,2023-08-02,305.9,UP_2,UP,2,3,0.008981918,3.2479399499794988,umol_m2_s1,NA,NA,NA,33.9,23.7,NA
UP 2-4,co2,36.42160775875697,4.231839021063809e-4,2023-08-02,306.15,UP_2,UP,2,4,0.008475211,4.082623676388919,umol_m2_s1,NA,NA,NA,20.3,23.6,40
SW 1-1,ch4,-0.0030157525895928,0.0491976713733188,2023-08-02,307.2,SW_1,SW,1,1,0.006385043,-0.25380624614663644,nmol_m2_s1,NA,NA,NA,34.9,24.1,NA
SW 1-2,ch4,-0.02783298903724179,0.5634797561310807,2023-08-02,307.25,SW_1,SW,1,2,0.007651811,-2.806701151369569,nmol_m2_s1,NA,NA,NA,43.1,23.9,NA
SW 1-3,ch4,-8.549309740963937e-4,0.2767425492357562,2023-08-02,304.85,SW_1,SW,1,3,0.006955088,-0.07897896956294653,nmol_m2_s1,NA,NA,NA,22.5,23.1,NA
SW 1-4,ch4,-9.98492782525853e-5,0.9143097808719128,2023-08-02,306.15,SW_1,SW,1,4,0.01012201,-0.01336722966001946,nmol_m2_s1,NA,NA,NA,41.9,22.9,NA
SW 2-1,ch4,-0.00322003254357423,0.11707595542892296,2023-08-02,305.65,SW_2,SW,2,1,0.007588473,-0.32370859849387174,nmol_m2_s1,NA,NA,NA,15.2,23.9,40
SW 2-2,ch4,-0.00530851042694787,0.0132691522291819,2023-08-02,307.1,SW_2,SW,2,2,0.007145104,-0.5001098337205705,nmol_m2_s1,NA,NA,NA,33.2,23.2,15
SW 2-3,ch4,-0.01798000137472966,0.8493213280164649,2023-08-02,307.75,SW_2,SW,2,3,0.007081765,-1.6753176020844316,nmol_m2_s1,NA,NA,NA,30.6,22.9,30
SW 2-4,ch4,0.02284925766928902,0.1810072920451936,2023-08-02,306.35,SW_2,SW,2,4,0.008538549,2.5787085902120324,nmol_m2_s1,NA,NA,NA,24.1,22.4,45
UP 1-1,ch4,0.09495499119840212,0.13064668032021984,2023-08-02,307.7,UP_1,UP,1,1,0.009171934,11.46080712921112,nmol_m2_s1,NA,NA,NA,27.5,24.3,NA
UP 1-2,ch4,-0.0086723776196604,3.801148490452732e-5,2023-08-02,307.05,UP_1,UP,1,2,0.009551964,-1.092410175191025,nmol_m2_s1,NA,NA,NA,24.7,23.6,NA
UP 1-3,ch4,-0.0090540312162842,9.489519279816694e-6,2023-08-02,307.45,UP_1,UP,1,3,0.007968503,-0.9501850915304052,nmol_m2_s1,NA,NA,NA,24.9,23.4,NA
UP 1-4,ch4,-0.01677481780627033,0.4166126940530001,2023-08-02,307.2,UP_1,UP,1,4,0.007905165,-1.7478796302239417,nmol_m2_s1,NA,NA,NA,24.1,23.3,NA
UP 2-1,ch4,-0.00411645293422648,0.03064193656803554,2023-08-02,307.05,UP_2,UP,2,1,0.00891858,-0.48414309951609263,nmol_m2_s1,NA,NA,NA,24.7,24.3,15
UP 2-2,ch4,-0.12236308926996708,0.2790799124196217,2023-08-02,306.8,UP_2,UP,2,2,0.006765073,-10.925254095520708,nmol_m2_s1,NA,NA,NA,27.2,24.1,35
UP 2-3,ch4,-0.00211645121441149,0.3690810006876052,2023-08-02,305.9,UP_2,UP,2,3,0.008981918,-0.251629672552389,nmol_m2_s1,NA,NA,NA,33.9,23.7,NA
UP 2-4,ch4,-0.0019112211932081,0.20869389235745203,2023-08-02,306.15,UP_2,UP,2,4,0.008475211,-0.21423537768816964,nmol_m2_s1,NA,NA,NA,20.3,23.6,40
SW 1-1,n2o,0.00122189416026744,0.01467729004897788,2023-08-02,307.2,SW_1,SW,1,1,0.006385043,0.10283481843842164,nmol_m2_s1,NA,NA,NA,34.9,24.1,NA
SW 1-2,n2o,0.00126481359465045,0.04551717441321984,2023-08-02,307.25,SW_1,SW,1,2,0.007651811,0.12754482702606262,nmol_m2_s1,NA,NA,NA,43.1,23.9,NA
SW 1-3,n2o,9.17516268412884e-4,0.12269415428938676,2023-08-02,304.85,SW_1,SW,1,3,0.006955088,0.08476063171425001,nmol_m2_s1,NA,NA,NA,22.5,23.1,NA
SW 1-4,n2o,7.514457239765121e-4,0.19419122530747404,2023-08-02,306.15,SW_1,SW,1,4,0.01012201,0.10059910041636735,nmol_m2_s1,NA,NA,NA,41.9,22.9,NA
SW 2-1,n2o,4.552101444003762e-4,0.26964823689867395,2023-08-02,305.65,SW_2,SW,2,1,0.007588473,0.04576209583909189,nmol_m2_s1,NA,NA,NA,15.2,23.9,40
SW 2-2,n2o,-2.620096576159845e-5,0.9660218479274836,2023-08-02,307.1,SW_2,SW,2,2,0.007145104,-0.00246836863385142,nmol_m2_s1,NA,NA,NA,33.2,23.2,15
SW 2-3,n2o,1.4258775673236173e-4,0.6720827454374573,2023-08-02,307.75,SW_2,SW,2,3,0.007081765,0.01328585986824209,nmol_m2_s1,NA,NA,NA,30.6,22.9,30
SW 2-4,n2o,-3.6687630825579256e-5,0.9258824935492916,2023-08-02,306.35,SW_2,SW,2,4,0.008538549,-0.00414047187588097,nmol_m2_s1,NA,NA,NA,24.1,22.4,45
UP 1-1,n2o,7.80174586276009e-4,0.1652785992942127,2023-08-02,307.7,UP_1,UP,1,1,0.009171934,0.0941649338025728,nmol_m2_s1,NA,NA,NA,27.5,24.3,NA
UP 1-2,n2o,3.624930431040145e-4,0.4343946082696208,2023-08-02,307.05,UP_1,UP,1,2,0.009551964,0.04566119074716799,nmol_m2_s1,NA,NA,NA,24.7,23.6,NA
UP 1-3,n2o,7.81914809343101e-4,0.12214232570218198,2023-08-02,307.45,UP_1,UP,1,3,0.007968503,0.08205889475490102,nmol_m2_s1,NA,NA,NA,24.9,23.4,NA
UP 1-4,n2o,6.283106568476311e-4,0.00198069480753449,2023-08-02,307.2,UP_1,UP,1,4,0.007905165,0.0654678585031245,nmol_m2_s1,NA,NA,NA,24.1,23.3,NA
UP 2-1,n2o,5.527991542206143e-4,0.2669391900121817,2023-08-02,307.05,UP_2,UP,2,1,0.00891858,0.06501565794885825,nmol_m2_s1,NA,NA,NA,24.7,24.3,15
UP 2-2,n2o,3.1487711769447594e-4,0.04500698206686691,2023-08-02,306.8,UP_2,UP,2,2,0.006765073,0.02811397244219195,nmol_m2_s1,NA,NA,NA,27.2,24.1,35
UP 2-3,n2o,7.122416891792734e-4,0.19168438802532545,2023-08-02,305.9,UP_2,UP,2,3,0.008981918,0.08468002560416969,nmol_m2_s1,NA,NA,NA,33.9,23.7,NA
UP 2-4,n2o,8.722802992132285e-4,0.01770089062638455,2023-08-02,306.15,UP_2,UP,2,4,0.008475211,0.09777690830134504,nmol_m2_s1,NA,NA,NA,20.3,23.6,40
SW 1-1,co2,35.860805132210466,4.003676526431665e-6,2023-08-18,301.75,SW_1,SW,1,1,0.006385043,3.0725613621548225,umol_m2_s1,NA,NA,NA,50.8,19.4,70
SW 1-2,co2,32.020245687153405,1.651948052164956e-5,2023-08-18,300,SW_1,SW,1,2,0.007651811,3.3069804004166694,umol_m2_s1,NA,NA,NA,53.9,20.1,90
SW 1-3,co2,29.635298560395757,1.8650145873446588e-5,2023-08-18,284.35,SW_1,SW,1,3,0.006955088,2.9350985308776245,umol_m2_s1,NA,NA,NA,NA,NA,NA
SW 1-4,co2,24.13724539621527,1.240554691241242e-5,2023-08-18,284.35,SW_1,SW,1,4,0.01012201,3.47908641972108,umol_m2_s1,NA,NA,NA,NA,NA,NA
SW 2-1,co2,51.056784563294805,8.123711324648758e-5,2023-08-18,273,SW_2,SW,2,1,0.007588473,5.746576441316102,umol_m2_s1,NA,NA,NA,NA,NA,NA
SW 2-2,co2,34.26709223607671,9.142219131782417e-5,2023-08-18,273,SW_2,SW,2,2,0.007145104,3.631509147411674,umol_m2_s1,NA,NA,NA,NA,NA,NA
SW 2-3,co2,36.982624295342696,2.7464931560316336e-4,2023-08-18,273,SW_2,SW,2,3,0.007081765,3.884548704781034,umol_m2_s1,NA,NA,NA,NA,NA,NA
SW 2-4,co2,43.57931072984134,9.302614783309678e-4,2023-08-18,273,SW_2,SW,2,4,0.008538549,5.519068271634637,umol_m2_s1,NA,NA,NA,NA,NA,NA
UP 1-1,co2,46.734457813097634,5.832470183193801e-5,2023-08-18,304.215,UP_1,UP,1,1,0.009171934,5.705339425988931,umol_m2_s1,NA,NA,NA,43.1,20.1,80
UP 1-2,co2,38.01838772837012,1.246202289334579e-4,2023-08-18,302.565,UP_1,UP,1,2,0.009551964,4.859948481219333,umol_m2_s1,NA,NA,NA,36.4,19.8,70
UP 1-3,co2,45.46728255599583,5.7938880712756325e-5,2023-08-18,303.315,UP_1,UP,1,3,0.007968503,4.836663040841039,umol_m2_s1,NA,NA,NA,39.9,20.1,10
UP 1-4,co2,40.03826649470567,1.8648573145354087e-4,2023-08-18,302.465,UP_1,UP,1,4,0.007905165,4.237161908040896,umol_m2_s1,NA,NA,NA,36.5,20.8,10
UP 2-1,co2,35.407973305184726,2.2730700529638797e-4,2023-08-18,303.35,UP_2,UP,2,1,0.00891858,4.215186198649804,umol_m2_s1,NA,NA,NA,40.6,21.6,20
UP 2-2,co2,34.6600000491566,3.0857539090550697e-4,2023-08-18,304.25,UP_2,UP,2,2,0.006765073,3.1205736773512207,umol_m2_s1,NA,NA,NA,45.2,20.9,35
UP 2-3,co2,27.318345971453443,2.32361949224954e-4,2023-08-18,304.1,UP_2,UP,2,3,0.008981918,3.2671648493874668,umol_m2_s1,NA,NA,NA,43.9,21.2,10
UP 2-4,co2,36.42160775875697,4.231839021063809e-4,2023-08-18,303.85,UP_2,UP,2,4,0.008475211,4.113527196071968,umol_m2_s1,NA,NA,NA,36.6,21.3,30
SW 1-1,ch4,-0.0030157525895928,0.0491976713733188,2023-08-18,301.75,SW_1,SW,1,1,0.006385043,-0.2583903191922011,nmol_m2_s1,NA,NA,NA,50.8,19.4,70
SW 1-2,ch4,-0.02783298903724179,0.5634797561310807,2023-08-18,300,SW_1,SW,1,2,0.007651811,-2.8745297625276662,nmol_m2_s1,NA,NA,NA,53.9,20.1,90
SW 1-3,ch4,-8.549309740963937e-4,0.2767425492357562,2023-08-18,284.35,SW_1,SW,1,3,0.006955088,-0.08467289914283191,nmol_m2_s1,NA,NA,NA,NA,NA,NA
SW 1-4,ch4,-9.98492782525853e-5,0.9143097808719128,2023-08-18,284.35,SW_1,SW,1,4,0.01012201,-0.01439204276565837,nmol_m2_s1,NA,NA,NA,NA,NA,NA
SW 2-1,ch4,-0.00322003254357423,0.11707595542892296,2023-08-18,273,SW_2,SW,2,1,0.007588473,-0.362423198277113,nmol_m2_s1,NA,NA,NA,NA,NA,NA
SW 2-2,ch4,-0.00530851042694787,0.0132691522291819,2023-08-18,273,SW_2,SW,2,2,0.007145104,-0.5625777653318215,nmol_m2_s1,NA,NA,NA,NA,NA,NA
SW 2-3,ch4,-0.01798000137472966,0.8493213280164649,2023-08-18,273,SW_2,SW,2,3,0.007081765,-1.8885677364156912,nmol_m2_s1,NA,NA,NA,NA,NA,NA
SW 2-4,ch4,0.02284925766928902,0.1810072920451936,2023-08-18,273,SW_2,SW,2,4,0.008538549,2.8937266542544187,nmol_m2_s1,NA,NA,NA,NA,NA,NA
UP 1-1,ch4,0.09495499119840212,0.13064668032021984,2023-08-18,304.215,UP_1,UP,1,1,0.009171934,11.592098856592411,nmol_m2_s1,NA,NA,NA,43.1,20.1,80
UP 1-2,ch4,-0.0086723776196604,3.801148490452732e-5,2023-08-18,302.565,UP_1,UP,1,2,0.009551964,-1.1086032564652362,nmol_m2_s1,NA,NA,NA,36.4,19.8,70
UP 1-3,ch4,-0.0090540312162842,9.489519279816694e-6,2023-08-18,303.315,UP_1,UP,1,3,0.007968503,-0.9631386723077427,nmol_m2_s1,NA,NA,NA,39.9,20.1,10
UP 1-4,ch4,-0.01677481780627033,0.4166126940530001,2023-08-18,302.465,UP_1,UP,1,4,0.007905165,-1.7752421682006017,nmol_m2_s1,NA,NA,NA,36.5,20.8,10
UP 2-1,ch4,-0.00411645293422648,0.03064193656803554,2023-08-18,303.35,UP_2,UP,2,1,0.00891858,-0.49004825682022823,nmol_m2_s1,NA,NA,NA,40.6,21.6,20
UP 2-2,ch4,-0.12236308926996708,0.2790799124196217,2023-08-18,304.25,UP_2,UP,2,2,0.006765073,-11.016821549731317,nmol_m2_s1,NA,NA,NA,45.2,20.9,35
UP 2-3,ch4,-0.00211645121441149,0.3690810006876052,2023-08-18,304.1,UP_2,UP,2,3,0.008981918,-0.2531190951455961,nmol_m2_s1,NA,NA,NA,43.9,21.2,10
UP 2-4,ch4,-0.0019112211932081,0.20869389235745203,2023-08-18,303.85,UP_2,UP,2,4,0.008475211,-0.21585703761472153,nmol_m2_s1,NA,NA,NA,36.6,21.3,30
SW 1-1,n2o,0.00122189416026744,0.01467729004897788,2023-08-18,301.75,SW_1,SW,1,1,0.006385043,0.1046921498733492,nmol_m2_s1,NA,NA,NA,50.8,19.4,70
SW 1-2,n2o,0.00126481359465045,0.04551717441321984,2023-08-18,300,SW_1,SW,1,2,0.007651811,0.1306271603458591,nmol_m2_s1,NA,NA,NA,53.9,20.1,90
SW 1-3,n2o,9.17516268412884e-4,0.12269415428938676,2023-08-18,284.35,SW_1,SW,1,3,0.006955088,0.09087138589094115,nmol_m2_s1,NA,NA,NA,NA,NA,NA
SW 1-4,n2o,7.514457239765121e-4,0.19419122530747404,2023-08-18,284.35,SW_1,SW,1,4,0.01012201,0.10831163915059208,nmol_m2_s1,NA,NA,NA,NA,NA,NA
SW 2-1,n2o,4.552101444003762e-4,0.26964823689867395,2023-08-18,273,SW_2,SW,2,1,0.007588473,0.05123510840006751,nmol_m2_s1,NA,NA,NA,NA,NA,NA
SW 2-2,n2o,-2.620096576159845e-5,0.9660218479274836,2023-08-18,273,SW_2,SW,2,2,0.007145104,-0.00277668867199916,nmol_m2_s1,NA,NA,NA,NA,NA,NA
SW 2-3,n2o,1.4258775673236173e-4,0.6720827454374573,2023-08-18,273,SW_2,SW,2,3,0.007081765,0.01497700869762455,nmol_m2_s1,NA,NA,NA,NA,NA,NA
SW 2-4,n2o,-3.6687630825579256e-5,0.9258824935492916,2023-08-18,273,SW_2,SW,2,4,0.008538549,-0.00464627677353896,nmol_m2_s1,NA,NA,NA,NA,NA,NA
UP 1-1,n2o,7.80174586276009e-4,0.1652785992942127,2023-08-18,304.215,UP_1,UP,1,1,0.009171934,0.09524366034236198,nmol_m2_s1,NA,NA,NA,43.1,20.1,80
UP 1-2,n2o,3.624930431040145e-4,0.4343946082696208,2023-08-18,302.565,UP_1,UP,1,2,0.009551964,0.04633803850054677,nmol_m2_s1,NA,NA,NA,36.4,19.8,70
UP 1-3,n2o,7.81914809343101e-4,0.12214232570218198,2023-08-18,303.315,UP_1,UP,1,3,0.007968503,0.08317757839999446,nmol_m2_s1,NA,NA,NA,39.9,20.1,10
UP 1-4,n2o,6.283106568476311e-4,0.00198069480753449,2023-08-18,302.465,UP_1,UP,1,4,0.007905165,0.06649273843968674,nmol_m2_s1,NA,NA,NA,36.5,20.8,10
UP 2-1,n2o,5.527991542206143e-4,0.2669391900121817,2023-08-18,303.35,UP_2,UP,2,1,0.00891858,0.06580866251259906,nmol_m2_s1,NA,NA,NA,40.6,21.6,20
UP 2-2,n2o,3.1487711769447594e-4,0.04500698206686691,2023-08-18,304.25,UP_2,UP,2,2,0.006765073,0.02834960310686768,nmol_m2_s1,NA,NA,NA,45.2,20.9,35
UP 2-3,n2o,7.122416891792734e-4,0.19168438802532545,2023-08-18,304.1,UP_2,UP,2,3,0.008981918,0.08518125561432259,nmol_m2_s1,NA,NA,NA,43.9,21.2,10
UP 2-4,n2o,8.722802992132285e-4,0.01770089062638455,2023-08-18,303.85,UP_2,UP,2,4,0.008475211,0.09851703299804768,nmol_m2_s1,NA,NA,NA,36.6,21.3,30
SW 1-1,co2,7.647650227676935,2.0652821704379613e-5,2023-05-18,295.65,SW_1,SW,1,1,0.006385043,0.6687717835503406,umol_m2_s1,NA,NA,NA,54.2,14,NA
SW 1-2,co2,15.735542151539034,2.182778098821851e-4,2023-05-18,296.55,SW_1,SW,1,2,0.007651811,1.644038554905067,umol_m2_s1,NA,NA,NA,53.6,13.9,NA
SW 1-3,co2,10.781759471628868,0.00261407694876035,2023-05-18,297.05,SW_1,SW,1,3,0.006955088,1.0221783847784482,umol_m2_s1,NA,NA,NA,52.1,13.6,NA
SW 1-4,co2,14.29774702131708,1.0577749522995214e-4,2023-05-18,294.1,SW_1,SW,1,4,0.01012201,1.99252292786954,umol_m2_s1,NA,NA,NA,53.4,13.7,NA
SW 2-1,co2,42.60104372558706,8.250694133177324e-5,2023-05-18,304.15,SW_2,SW,2,1,0.007588473,4.303787236903502,umol_m2_s1,NA,NA,NA,46.2,14.8,80
SW 2-2,co2,28.137674308137644,6.267166822685185e-5,2023-05-18,304.35,SW_2,SW,2,2,0.007145104,2.674776064611054,umol_m2_s1,NA,NA,NA,52.8,14.7,50
SW 2-3,co2,23.887988996436555,1.7108113466356197e-4,2023-05-18,304.6,SW_2,SW,2,3,0.007081765,2.2488225311634102,umol_m2_s1,NA,NA,NA,52.9,15.1,10
SW 2-4,co2,33.53752284127661,0.00480098899181907,2023-05-18,303.95,SW_2,SW,2,4,0.008538549,3.8148449407824625,umol_m2_s1,NA,NA,NA,48.8,14.9,80
UP 1-1,co2,31.913173828838993,7.41785647416611e-5,2023-05-18,297.45,UP_1,UP,1,1,0.009171934,3.984565101389014,umol_m2_s1,NA,NA,NA,40.8,14.8,NA
UP 1-2,co2,29.812116228215505,6.38958845846386e-5,2023-05-18,297.6,UP_1,UP,1,2,0.009551964,3.874507779860543,umol_m2_s1,NA,NA,NA,40.2,14.6,NA
UP 1-3,co2,32.77430223859923,1.8931590472016376e-4,2023-05-18,298,UP_1,UP,1,3,0.007968503,3.5486070595827983,umol_m2_s1,NA,NA,NA,40.8,14.2,NA
UP 1-4,co2,31.83681920734414,1.2400162657625202e-5,2023-05-18,295.95,UP_1,UP,1,4,0.007905165,3.4433902660670914,umol_m2_s1,NA,NA,NA,42.9,14.3,NA
UP 2-1,co2,23.156526683680628,4.0592913127215376e-4,2023-05-18,301.5,UP_2,UP,2,1,0.00891858,2.773612564834945,umol_m2_s1,NA,NA,NA,29.8,15.7,NA
UP 2-2,co2,22.239159693741048,3.790333492983216e-4,2023-05-18,301.75,UP_2,UP,2,2,0.006765073,2.018866322059307,umol_m2_s1,NA,NA,NA,28.3,15.8,NA
UP 2-3,co2,15.516829632417796,0.00179658053061448,2023-05-18,301.65,UP_2,UP,2,3,0.008981918,1.870823124636022,umol_m2_s1,NA,NA,NA,33.9,15.6,NA
UP 2-4,co2,27.90117287878383,1.5656493472580851e-4,2023-05-18,301.6,UP_2,UP,2,4,0.008475211,3.174721429690013,umol_m2_s1,NA,NA,NA,22.3,15.8,NA
SW 1-1,ch4,0.06083475080005148,0.00132009614120519,2023-05-18,295.65,SW_1,SW,1,1,0.006385043,5.319877816476627,nmol_m2_s1,NA,NA,NA,54.2,14,NA
SW 1-2,ch4,0.3120427284531942,0.01456157177262522,2023-05-18,296.55,SW_1,SW,1,2,0.007651811,32.602008333386074,nmol_m2_s1,NA,NA,NA,53.6,13.9,NA
SW 1-3,ch4,0.19788398316440753,2.3080981198949152e-4,2023-05-18,297.05,SW_1,SW,1,3,0.006955088,18.760642065590535,nmol_m2_s1,NA,NA,NA,52.1,13.6,NA
SW 1-4,ch4,0.07754441260855578,3.0017050574775644e-4,2023-05-18,294.1,SW_1,SW,1,4,0.01012201,10.80652915598238,nmol_m2_s1,NA,NA,NA,53.4,13.7,NA
SW 2-1,ch4,3.793771119486266e-4,0.6259996619068069,2023-05-18,304.15,SW_2,SW,2,1,0.007588473,0.03832672229570615,nmol_m2_s1,NA,NA,NA,46.2,14.8,80
SW 2-2,ch4,0.00406709430927125,0.02217064985395727,2023-05-18,304.35,SW_2,SW,2,2,0.007145104,0.3866192490474736,nmol_m2_s1,NA,NA,NA,52.8,14.7,50
SW 2-3,ch4,8.562241605123131e-4,0.5837177769046386,2023-05-18,304.6,SW_2,SW,2,3,0.007081765,0.08060520222835829,nmol_m2_s1,NA,NA,NA,52.9,15.1,10
SW 2-4,ch4,0.00141731508428759,0.3062524101253645,2023-05-18,303.95,SW_2,SW,2,4,0.008538549,0.1612175503950658,nmol_m2_s1,NA,NA,NA,48.8,14.9,80
UP 1-1,ch4,-0.00287054717012153,0.03646613016199547,2023-05-18,297.45,UP_1,UP,1,1,0.009171934,-0.358406285043989,nmol_m2_s1,NA,NA,NA,40.8,14.8,NA
UP 1-2,ch4,-0.00407822934149418,0.02162560706787064,2023-05-18,297.6,UP_1,UP,1,2,0.009551964,-0.5300238061167845,nmol_m2_s1,NA,NA,NA,40.2,14.6,NA
UP 1-3,ch4,-0.0019860936673228,0.08308639648914005,2023-05-18,298,UP_1,UP,1,3,0.007968503,-0.2150424426291494,nmol_m2_s1,NA,NA,NA,40.8,14.2,NA
UP 1-4,ch4,-0.0041735604749173,0.05585707940430697,2023-05-18,295.95,UP_1,UP,1,4,0.007905165,-0.4514018005560499,nmol_m2_s1,NA,NA,NA,42.9,14.3,NA
UP 2-1,ch4,-0.00226102556656217,5.741357493621568e-4,2023-05-18,301.5,UP_2,UP,2,1,0.00891858,-0.2708182019909518,nmol_m2_s1,NA,NA,NA,29.8,15.7,NA
UP 2-2,ch4,-0.00270647436433851,0.06636610052263263,2023-05-18,301.75,UP_2,UP,2,2,0.006765073,-0.24569318359711545,nmol_m2_s1,NA,NA,NA,28.3,15.8,NA
UP 2-3,ch4,-0.00500948003773276,0.03751867592097616,2023-05-18,301.65,UP_2,UP,2,3,0.008981918,-0.6039797638438515,nmol_m2_s1,NA,NA,NA,33.9,15.6,NA
UP 2-4,ch4,0.0105419003843485,0.2389337858037019,2023-05-18,301.6,UP_2,UP,2,4,0.008475211,1.1995050245825856,nmol_m2_s1,NA,NA,NA,22.3,15.8,NA
SW 1-1,n2o,6.89365578130823e-4,9.291918505872702e-5,2023-05-18,295.65,SW_1,SW,1,1,0.006385043,0.06028364706538169,nmol_m2_s1,NA,NA,NA,54.2,14,NA
SW 1-2,n2o,-0.0072825538473747,0.27527243368496573,2023-05-18,296.55,SW_1,SW,1,2,0.007651811,-0.7608761864036074,nmol_m2_s1,NA,NA,NA,53.6,13.9,NA
SW 1-3,n2o,-0.00713379197936869,0.301814473161266,2023-05-18,297.05,SW_1,SW,1,3,0.006955088,-0.6763281987513015,nmol_m2_s1,NA,NA,NA,52.1,13.6,NA
SW 1-4,n2o,-0.00747392533953147,0.28845395691893294,2023-05-18,294.1,SW_1,SW,1,4,0.01012201,-1.0415604345215064,nmol_m2_s1,NA,NA,NA,53.4,13.7,NA
SW 2-1,n2o,0.0057451218371634,0.532596722760298,2023-05-18,304.15,SW_2,SW,2,1,0.007588473,0.5804031984875674,nmol_m2_s1,NA,NA,NA,46.2,14.8,80
SW 2-2,n2o,0.00441448343775797,0.6991380909965437,2023-05-18,304.35,SW_2,SW,2,2,0.007145104,0.4196421675661389,nmol_m2_s1,NA,NA,NA,52.8,14.7,50
SW 2-3,n2o,-0.00789306420065853,0.2630775012116411,2023-05-18,304.6,SW_2,SW,2,3,0.007081765,-0.743055458415024,nmol_m2_s1,NA,NA,NA,52.9,15.1,10
SW 2-4,n2o,0.01110841255359942,0.0978824423609287,2023-05-18,303.95,SW_2,SW,2,4,0.008538549,1.263565935706719,nmol_m2_s1,NA,NA,NA,48.8,14.9,80
UP 1-1,n2o,0.00132316838097299,0.8819124560979534,2023-05-18,297.45,UP_1,UP,1,1,0.009171934,0.16520608643825965,nmol_m2_s1,NA,NA,NA,40.8,14.8,NA
UP 1-2,n2o,-4.183352540475749e-4,0.4091413706132005,2023-05-18,297.6,UP_1,UP,1,2,0.009551964,-0.05436860583762343,nmol_m2_s1,NA,NA,NA,40.2,14.6,NA
UP 1-3,n2o,2.4865301742948363e-4,0.6069449734036241,2023-05-18,298,UP_1,UP,1,3,0.007968503,0.02692267394781133,nmol_m2_s1,NA,NA,NA,40.8,14.2,NA
UP 1-4,n2o,-3.8128390994931913e-4,0.1576548940472472,2023-05-18,295.95,UP_1,UP,1,4,0.007905165,-0.04123870841420691,nmol_m2_s1,NA,NA,NA,42.9,14.3,NA
UP 2-1,n2o,2.9879457981685665e-4,0.4505325048249505,2023-05-18,301.5,UP_2,UP,2,1,0.00891858,0.03578863152515267,nmol_m2_s1,NA,NA,NA,29.8,15.7,NA
UP 2-2,n2o,0.00892211806574014,0.11732690646173728,2023-05-18,301.75,UP_2,UP,2,2,0.006765073,0.8099480345666623,nmol_m2_s1,NA,NA,NA,28.3,15.8,NA
UP 2-3,n2o,-4.286346598042881e-4,0.2734677801788868,2023-05-18,301.65,UP_2,UP,2,3,0.008981918,-0.05167934768756022,nmol_m2_s1,NA,NA,NA,33.9,15.6,NA
UP 2-4,n2o,-1.5694060382362172e-4,0.3336307516694059,2023-05-18,301.6,UP_2,UP,2,4,0.008475211,-0.01785741052220095,nmol_m2_s1,NA,NA,NA,22.3,15.8,NA
