date,ecosystem_name,ecosystem_block,rep,row,date_collected,site,ecosystem,chamber_no,timepoint,gc_run_date,filename,chamber,co2_height,ch4_height,n2o_height,site_str,eco_str,tp_str,chamber_str,is_std,qc_co2_low,qc_ch4_low,qc_n2o_low,qc_any_low,mean_co2_height,mean_ch4_height,mean_n2o_height,co2_precision,ch4_precision,n2o_precision,n_std_used,n_std_total,n_std_dropped_low,qc_flag,co2_ppm,ch4_ppm,n2o_ppm,time_point,total_vol_m3,average_temp_kelvin,n_air_mol,co2_mol,ch4_mol,n2o_mol,min_elapsed,ch4_nmol,co2_umol,n2o_nmol
220812,SW,1,1,6,2022-08-12,JWP,SW-1,1,T0,2022-10-06,220812_006,1,560943,2768,5847,JWP,SW-1,T0,1,FALSE,FALSE,FALSE,FALSE,FALSE,1034172.7142857144,10346,4537,0.6517894190730033,1.0230296782187354,162.88154012754242,7,7,0,WARN,541.322649753585,2.7021844190991686,1.2887370509147014,0,0.01164920494,300.75,0.4720338128359625,2.55522594337651e-4,1.275522414333311e-6,6.083274638862405e-7,0.45,NA,255.522594337651,608.3274638862405
220812,SW,1,1,7,2022-08-12,JWP,SW-1,1,T1,2022-10-06,220812_007,1,705660,2269,5363,JWP,SW-1,T1,1,FALSE,FALSE,FALSE,FALSE,FALSE,1034172.7142857144,10346,4537,0.6517894190730033,1.0230296782187354,162.88154012754242,7,7,0,WARN,680.9778195380186,2.2150492944132996,1.182058629050033,1,0.01164920494,300.75,0.4720338128359625,3.2144455661325093e-4,1.0455781640615183e-6,5.579716416661378e-7,7.53,1045.5781640615182,321.44455661325094,557.9716416661378
220812,SW,1,1,8,2022-08-12,JWP,SW-1,1,T2,2022-10-06,220812_008,1,825874,2295,5634,JWP,SW-1,T2,1,FALSE,FALSE,FALSE,FALSE,FALSE,1034172.7142857144,10346,4537,0.6517894190730033,1.0230296782187354,162.88154012754242,7,7,0,WARN,796.9870415400356,2.2404310844770925,1.2417897288957462,2,0.01164920494,300.75,0.4720338128359625,3.7620483199899665e-4,1.0575592272019323e-6,5.861667404711953e-7,12.28,1057.5592272019323,376.20483199899667,586.1667404711952
220812,SW,1,1,9,2022-08-12,JWP,SW-1,1,T3,2022-10-06,220812_009,1,925674,2236,5362,JWP,SW-1,T3,1,FALSE,FALSE,FALSE,FALSE,FALSE,1034172.7142857144,10346,4537,0.6517894190730033,1.0230296782187354,162.88154012754242,7,7,0,WARN,893.2962930065978,2.1828339454861783,1.1818382190875028,3,0.01164920494,300.75,0.4720338128359625,4.216660551801355e-4,1.0303714300756083e-6,5.578676007111375e-7,19.95,1030.3714300756083,421.66605518013546,557.8676007111375
220812,SW,1,1,10,2022-08-12,JWP,SW-1,1,T4,2022-10-06,220812_010,1,1122912,2226,1081,JWP,SW-1,T4,1,FALSE,FALSE,FALSE,FALSE,FALSE,1034172.7142857144,10346,4537,0.6517894190730033,1.0230296782187354,162.88154012754242,7,7,0,WARN,1083.6354126535095,2.1730717185385657,0.2382631694952612,4,0.01164920494,300.75,0.4720338128359625,5.115125555589078e-4,1.0257633288677568e-6,1.1246827235522932e-7,30.08,1025.7633288677569,511.51255555890776,NA
220812,SW,1,2,11,2022-08-12,JWP,SW-1,2,T0,2022-10-06,220812_011,2,576444,2256,5315,JWP,SW-1,T0,2,FALSE,FALSE,FALSE,FALSE,FALSE,1034172.7142857144,10346,4537,0.6517894190730033,1.0230296782187354,162.88154012754242,7,7,0,WARN,556.2814644528153,2.2023583993814033,1.1714789508485783,0,0.01291597364,300.65,0.5235382311706184,2.912346139326281e-4,1.153018820815894e-6,6.133140177808765e-7,0.6,NA,291.2346139326281,613.3140177808765
220812,SW,1,2,12,2022-08-12,JWP,SW-1,2,T1,2022-10-06,220812_012,2,720190,2290,82,JWP,SW-1,T1,2,FALSE,FALSE,FALSE,FALSE,FALSE,1034172.7142857144,10346,4537,0.6517894190730033,1.0230296782187354,162.88154012754242,7,7,0,WARN,694.9995973316974,2.235549971003286,0.01807361692748512,1,0.01291597364,300.65,0.5235382311706184,3.638588598513288e-4,1.1703958775125875e-6,9.462229437070906e-9,6.87,1170.3958775125875,363.8588598513288,9.462229437070906
220812,SW,1,2,13,2022-08-12,JWP,SW-1,2,T2,2022-10-06,220812_013,2,792301,2318,5250,JWP,SW-1,T2,2,FALSE,FALSE,FALSE,FALSE,FALSE,1034172.7142857144,10346,4537,0.6517894190730033,1.0230296782187354,162.88154012754242,7,7,0,WARN,764.5883391403675,2.2628842064566017,1.1571523032841085,2,0.01291597364,300.65,0.5235382311706184,4.0029122664722886e-4,1.1847063947922176e-6,6.05813470056369e-7,11.38,1184.7063947922177,400.2912266472289,605.813470056369
220812,SW,1,2,14,2022-08-12,JWP,SW-1,2,T3,2022-10-06,220812_014,2,980888,2309,5341,JWP,SW-1,T3,2,FALSE,FALSE,FALSE,FALSE,FALSE,1034172.7142857144,10346,4537,0.6517894190730033,1.0230296782187354,162.88154012754242,7,7,0,WARN,946.5790486225774,2.25409820220375,1.1772096098743663,3,0.01291597364,300.65,0.5235382311706184,4.955703207790309e-4,1.1801065856666221e-6,6.163142368706795e-7,20.1,1180.106585666622,495.5703207790309,616.3142368706795
220812,SW,1,2,15,2022-08-12,JWP,SW-1,2,T4,2022-10-06,220812_015,2,43523,188,949,JWP,SW-1,T4,2,FALSE,FALSE,FALSE,FALSE,FALSE,1034172.7142857144,10346,4537,0.6517894190730033,1.0230296782187354,162.88154012754242,7,7,0,WARN,42.00067686953091,0.18352986661511697,0.20916905444126072,4,0.01291597364,300.65,0.5235382311706184,2.1988960076242916e-5,9.608490173465786e-8,1.095079967778084e-7,30.02,NA,NA,109.5079967778084
220812,SW,1,3,17,2022-08-12,JWP,SW-1,3,T0,2022-10-06,220812_017,3,27357,185,763,JWP,SW-1,T0,3,FALSE,FALSE,FALSE,FALSE,FALSE,1034172.7142857144,10346,4537,0.6517894190730033,1.0230296782187354,162.88154012754242,7,7,0,WARN,26.4001221680435,0.18060119853083317,0.16817280141062377,0,0.01221925086,301.25,0.4943106697670125,1.3049862070816535e-5,8.927309940650133e-8,8.312961010188021e-8,0.42,89.27309940650133,13.049862070816534,83.12961010188022
220812,SW,1,3,18,2022-08-12,JWP,SW-1,3,T1,2022-10-06,220812_018,3,49550,291,529,JWP,SW-1,T1,3,FALSE,FALSE,FALSE,FALSE,FALSE,1034172.7142857144,10346,4537,0.6517894190730033,1.0230296782187354,162.88154012754242,7,7,0,WARN,47.81686783735626,0.2840808041755268,0.11659687017853208,1,0.01221925086,301.25,0.4943106697670125,2.363638796684429e-5,1.4042417257995616e-7,5.7635076990687595e-8,6.02,140.42417257995615,23.636387966844293,57.635076990687594
220812,SW,1,3,19,2022-08-12,JWP,SW-1,3,T2,2022-10-06,220812_019,3,806639,2353,5412,JWP,SW-1,T2,3,FALSE,FALSE,FALSE,FALSE,FALSE,1034172.7142857144,10346,4537,0.6517894190730033,1.0230296782187354,162.88154012754242,7,7,0,WARN,778.4248326025674,2.297052000773246,1.192858717214018,2,0.01221925086,301.25,0.4943106697670125,3.8478370036704965e-4,1.135457312991879e-6,5.896427914434804e-7,10.52,1135.457312991879,384.7837003670497,589.6427914434804
220812,SW,1,3,20,2022-08-12,JWP,SW-1,3,T3,2022-10-06,220812_020,3,1054597,2364,5391,JWP,SW-1,T3,3,FALSE,FALSE,FALSE,FALSE,FALSE,1034172.7142857144,10346,4537,0.6517894190730033,1.0230296782187354,162.88154012754242,7,7,0,WARN,1017.709896481784,2.3077904504156197,1.1882301080008817,3,0.01221925086,301.25,0.4943106697670125,5.030648605584276e-4,1.1407654432268605e-6,5.873548205232454e-7,20.82,1140.7654432268605,503.0648605584276,587.3548205232454
220812,SW,1,3,21,2022-08-12,JWP,SW-1,3,T4,2022-10-06,220812_021,3,1223745,2291,5548,JWP,SW-1,T4,3,FALSE,FALSE,FALSE,FALSE,FALSE,1034172.7142857144,10346,4537,0.6517894190730033,1.0230296782187354,162.88154012754242,7,7,0,WARN,1180.9415324243298,2.2365261936980474,1.22283447211814,4,0.01221925086,301.25,0.4943106697670125,5.837519998483525e-4,1.1055387607583488e-6,6.044601269269089e-7,30.07,1105.5387607583489,583.7519998483525,604.4601269269089
220812,SW,1,4,23,2022-08-12,JWP,SW-1,4,T0,2022-10-06,220812_023,4,570568,2442,5617,JWP,SW-1,T0,4,FALSE,FALSE,FALSE,FALSE,FALSE,1034172.7142857144,10346,4537,0.6517894190730033,1.0230296782187354,162.88154012754242,7,7,0,WARN,550.6109918915174,2.3839358206069976,1.238042759532731,0,0.0153861726,301.1,0.6227336071837369,3.4288396913561994e-4,1.4845569528611175e-6,7.709708334915255e-7,0.43,1484.5569528611175,342.88396913561996,770.9708334915255
220812,SW,1,4,24,2022-08-12,JWP,SW-1,4,T1,2022-10-06,220812_024,4,671984,2308,5330,JWP,SW-1,T1,4,FALSE,FALSE,FALSE,FALSE,FALSE,1034172.7142857144,10346,4537,0.6517894190730033,1.0230296782187354,162.88154012754242,7,7,0,WARN,648.4797198146924,2.2531219795089887,1.174785100286533,1,0.0153861726,301.1,0.6227336071837369,4.0383011510570246e-4,1.4030947777245943e-6,7.315781631671408e-7,5.43,1403.0947777245942,403.8301151057025,731.5781631671408
220812,SW,1,4,25,2022-08-12,JWP,SW-1,4,T2,2022-10-10,220812_025,4,747662,2476,4476,JWP,SW-1,T2,4,FALSE,FALSE,FALSE,FALSE,FALSE,1035177.6,10248.6,3305.4,0.7990496099702701,1.0315823685805223,210.87203434732277,5,5,0,WARN,720.8102996046282,2.440099135491677,1.354147758213832,2,0.0153861726,301.1,0.6227336071837369,4.488727979679802e-4,1.51953173653065e-6,8.432733181322704e-7,10.62,1519.53173653065,448.8727979679802,843.2733181322703
220812,SW,1,4,26,2022-08-12,JWP,SW-1,4,T3,2022-10-10,220812_026,4,915121,2363,5537,JWP,SW-1,T3,4,FALSE,FALSE,FALSE,FALSE,FALSE,1035177.6,10248.6,3305.4,0.7990496099702701,1.0315823685805223,210.87203434732277,5,5,0,WARN,882.255139601166,2.3287375836699646,1.675137653536637,3,0.0153861726,301.1,0.6227336071837369,5.494099255402255e-4,1.4501831556631363e-6,1.0431645135161708e-6,20.13,1450.1831556631362,549.4099255402255,NA
220812,SW,1,4,27,2022-08-12,JWP,SW-1,4,T4,2022-10-10,220812_027,4,866532,2132,4511,JWP,SW-1,T4,4,FALSE,FALSE,FALSE,FALSE,FALSE,1035177.6,10248.6,3305.4,0.7990496099702701,1.0315823685805223,210.87203434732277,5,5,0,WARN,835.4111758214242,2.101086977733544,1.3647364918012947,4,0.0153861726,301.1,0.6227336071837369,5.202386150008825e-4,1.3084174726507857e-6,8.498672783946986e-7,30.12,NA,520.2386150008825,849.8672783946986
220812,SW,2,1,59,2022-08-12,JWP,SW-2,1,T0,2022-10-11,220812_059,1,602301,2790,5924,JWP,SW-2,T0,1,FALSE,FALSE,FALSE,FALSE,FALSE,1045200.1428571428,10363.142857142857,6838.571428571429,0.5821505991995751,1.72884171407306,120.92786883115213,7,7,0,WARN,575.1017181808379,2.719155799398969,0.866262795069981,0,0.01285263521,300.05,0.5220126287712976,3.002103597184691e-4,1.419433666882975e-6,4.5220011886125266e-7,0.38,NA,300.21035971846914,NA
220812,SW,2,1,60,2022-08-12,JWP,SW-2,1,T1,2022-10-11,220812_060,1,1157259,2244,369,JWP,SW-2,T1,1,FALSE,FALSE,FALSE,FALSE,FALSE,1045200.1428571428,10363.142857142857,6838.571428571429,0.5821505991995751,1.72884171407306,120.92786883115213,7,7,0,WARN,1104.9983966160412,2.187019933280031,0.05395863797785669,1,0.01285263521,300.05,0.5220126287712976,5.768231178056085e-4,1.1416520245467367e-6,2.8167090455739743e-8,5.72,1141.6520245467368,576.8231178056085,NA
220812,SW,2,1,61,2022-08-12,JWP,SW-2,1,T2,2022-10-11,220812_061,1,812186,2294,5472,JWP,SW-2,T2,1,FALSE,FALSE,FALSE,FALSE,FALSE,1045200.1428571428,10363.142857142857,6838.571428571429,0.5821505991995751,1.72884171407306,120.92786883115213,7,7,0,WARN,775.5085315854066,2.2357503239502634,0.800167119281387,2,0.01285263521,300.05,0.5220126287712976,4.0482524720746694e-4,1.167089903881557e-6,4.1769734139243325e-7,10.07,1167.0899038815571,404.82524720746693,417.69734139243326
220812,SW,2,1,62,2022-08-12,JWP,SW-2,1,T3,2022-10-11,220812_062,1,905698,2286,5339,JWP,SW-2,T3,1,FALSE,FALSE,FALSE,FALSE,FALSE,1045200.1428571428,10363.142857142857,6838.571428571429,0.5821505991995751,1.72884171407306,120.92786883115213,7,7,0,WARN,864.7976276860713,2.2279534614430263,0.7807186129099644,3,0.01285263521,300.05,0.5220126287712976,4.51435282983588e-4,1.163019843187986e-6,4.0754497545581157e-7,20.07,1163.019843187986,451.43528298358797,407.54497545581154
220812,SW,2,1,63,2022-08-12,JWP,SW-2,1,T4,2022-10-11,220812_063,1,1331464,2183,5576,JWP,SW-2,T4,1,FALSE,FALSE,FALSE,FALSE,FALSE,1045200.1428571428,10363.142857142857,6838.571428571429,0.5821505991995751,1.72884171407306,120.92786883115213,7,7,0,WARN,1271.336481420305,2.1275688566623474,0.8153749738876122,4,0.01285263521,300.05,0.5220126287712976,6.636536987190654e-4,1.110617811758256e-6,4.2563603355340056e-7,30.03,NA,663.6536987190655,425.6360335534006
220812,SW,2,2,64,2022-08-12,JWP,SW-2,2,T0,2022-10-11,220812_064,2,609147,2306,5435,JWP,SW-2,T0,2,FALSE,FALSE,FALSE,FALSE,FALSE,1045200.1428571428,10363.142857142857,6838.571428571429,0.5821505991995751,1.72884171407306,120.92786883115213,7,7,0,WARN,581.6385599969166,2.247445617711119,0.79475663254648,0,0.01240926616,299.9,0.5042571830778064,2.9329542183347684e-4,1.1332905963075695e-6,4.007617407602913e-7,0.5,1133.2905963075696,293.29542183347684,400.7617407602913
220812,SW,2,2,65,2022-08-12,JWP,SW-2,2,T1,2022-10-11,220812_065,2,1015551,2221,5673,JWP,SW-2,T1,2,FALSE,FALSE,FALSE,FALSE,FALSE,1045200.1428571428,10363.142857142857,6838.571428571429,0.5821505991995751,1.72884171407306,120.92786883115213,7,7,0,WARN,969.6897813556146,2.164603953571724,0.8295592228953415,1,0.01240926616,299.9,0.5042571830778064,4.889730376057163e-4,1.0915170921071603e-6,4.18311196933419e-7,5.05,1091.5170921071604,488.97303760571623,418.311196933419
220812,SW,2,2,66,2022-08-12,JWP,SW-2,2,T2,2022-10-11,220812_066,2,675118,2155,4603,JWP,SW-2,T2,2,FALSE,FALSE,FALSE,FALSE,FALSE,1045200.1428571428,10363.142857142857,6838.571428571429,0.5821505991995751,1.72884171407306,120.92786883115213,7,7,0,WARN,644.6303787886968,2.100279837887017,0.6730937956966784,2,0.01240926616,299.9,0.5042571830778064,3.250594989343676e-4,1.0590811947280192e-6,3.394123813651556e-7,10.03,1059.0811947280192,325.0594989343676,NA
220812,SW,2,2,67,2022-08-12,JWP,SW-2,2,T3,2022-10-11,220812_067,2,820337,2274,5244,JWP,SW-2,T3,2,FALSE,FALSE,FALSE,FALSE,FALSE,1045200.1428571428,10363.142857142857,6838.571428571429,0.5821505991995751,1.72884171407306,120.92786883115213,7,7,0,WARN,783.2914409694056,2.21625816768217,0.7668268226446625,3,0.01240926616,299.9,0.5042571830778064,3.949803355521883e-4,1.1175641006085918e-6,3.866779334953022e-7,20.03,1117.5641006085918,394.9803355521883,386.67793349530217
220812,SW,2,2,68,2022-08-12,JWP,SW-2,2,T4,2022-10-11,220812_068,2,1184433,2161,760,JWP,SW-2,T4,2,FALSE,FALSE,FALSE,FALSE,FALSE,1045200.1428571428,10363.142857142857,6838.571428571429,0.5821505991995751,1.72884171407306,120.92786883115213,7,7,0,WARN,1130.9452472602309,2.106127484767445,0.11113432212241486,4,0.01240926616,299.9,0.5042571830778064,5.702872645986773e-4,1.0620299126715775e-6,5.604028021671046e-8,30.05,1062.0299126715774,570.2872645986773,NA
220812,SW,2,3,70,2022-08-12,JWP,SW-2,3,T0,2022-10-11,220812_070,3,621086,2679,5792,JWP,SW-2,T0,3,FALSE,FALSE,FALSE,FALSE,FALSE,1045200.1428571428,10363.142857142857,6838.571428571429,0.5821505991995751,1.72884171407306,120.92786883115213,7,7,0,WARN,593.0384072715534,2.610974332111053,0.8469605180697722,0,0.01234592773,299.75,0.5019344429238217,2.976664025862776e-4,1.3105379468765588e-6,4.251186558158225e-7,0.45,NA,297.6664025862776,425.11865581582254
220812,SW,2,3,71,2022-08-12,JWP,SW-2,3,T1,2022-10-11,220812_071,3,1007537,2195,528,JWP,SW-2,T1,3,FALSE,FALSE,FALSE,FALSE,FALSE,1045200.1428571428,10363.142857142857,6838.571428571429,0.5821505991995751,1.72884171407306,120.92786883115213,7,7,0,WARN,962.037685195221,2.139264150423203,0.07720910800083558,1,0.01234592773,299.75,0.5019344429238217,4.828798495901862e-4,1.0737703596095731e-6,3.875391061304459e-8,5.03,1073.7703596095732,482.8798495901862,38.75391061304459
220812,SW,2,3,72,2022-08-12,JWP,SW-2,3,T2,2022-10-11,220812_072,3,727904,2308,650,JWP,SW-2,T2,3,FALSE,FALSE,FALSE,FALSE,FALSE,1045200.1428571428,10363.142857142857,6838.571428571429,0.5821505991995751,1.72884171407306,120.92786883115213,7,7,0,WARN,695.0326183597647,2.249394833337929,0.09504909128890744,2,0.01234592773,299.75,0.5019344429238217,3.4886081011029367e-4,1.1290487425871962e-6,4.770841268651323e-8,10.05,NA,348.8608101102937,47.70841268651323
220812,SW,2,3,73,2022-08-12,JWP,SW-2,3,T3,2022-10-11,220812_073,3,835922,2208,5326,JWP,SW-2,T3,3,FALSE,FALSE,FALSE,FALSE,FALSE,1045200.1428571428,10363.142857142857,6838.571428571429,0.5821505991995751,1.72884171407306,120.92786883115213,7,7,0,WARN,798.1726387058337,2.1519340519974635,0.7788176310841862,3,0.01234592773,299.75,0.5019344429238217,4.0063033876584943e-4,1.0801298195981492e-6,3.909153937974915e-7,20.05,1080.1298195981492,400.63033876584944,390.9153937974915
220812,SW,2,3,74,2022-08-12,JWP,SW-2,3,T4,2022-10-11,220812_074,3,1195239,2150,5296,JWP,SW-2,T4,3,FALSE,FALSE,FALSE,FALSE,FALSE,1045200.1428571428,10363.142857142857,6838.571428571429,0.5821505991995751,1.72884171407306,120.92786883115213,7,7,0,WARN,1141.2632596272404,2.095406798819994,0.7744307499477752,4,0.01234592773,299.75,0.5019344429238217,5.728393384504237e-4,1.0517568442645021e-6,3.88713467058114e-7,30.03,1051.7568442645022,572.8393384504237,388.713467058114
220812,SW,2,4,80,2022-08-12,JWP,SW-2,4,T0,2022-10-12,220812_080,4,631325,2328,5407,JWP,SW-2,T0,4,FALSE,FALSE,FALSE,FALSE,FALSE,1020956.4,10195.4,15881.8,0.3191098259837408,0.28040546923090737,0.3321195574124344,5,5,0,OK,617.1295365796228,2.3062165290228926,0.3404525935347379,0,0.01380271173,300.25,0.5602267750047223,3.4573249003816084e-4,1.2920042485170796e-6,1.9073065851795977e-7,0.62,1292.0042485170795,NA,190.73065851795977
220812,SW,2,4,81,2022-08-12,JWP,SW-2,4,T1,2022-10-12,220812_081,4,991268,2054,344,JWP,SW-2,T1,4,FALSE,FALSE,FALSE,FALSE,FALSE,1020956.4,10195.4,15881.8,0.3191098259837408,0.28040546923090737,0.3321195574124344,5,5,0,OK,968.979149354468,2.0347803911567963,0.02166001334861288,1,0.01380271173,300.25,0.5602267750047223,5.428480638896727e-4,1.1399384563806192e-6,1.2134519424852628e-8,5.03,1139.938456380619,542.8480638896727,12.134519424852629
220812,SW,2,4,82,2022-08-12,JWP,SW-2,4,T2,2022-10-12,220812_082,4,821976,2278,601,JWP,SW-2,T2,4,FALSE,FALSE,FALSE,FALSE,FALSE,1020956.4,10195.4,15881.8,0.3191098259837408,0.28040546923090737,0.3321195574124344,5,5,0,OK,803.4937123661696,2.2566843870765245,0.03784205820498936,2,0.01380271173,300.25,0.5602267750047223,4.5013869121547114e-4,1.2642550163753897e-6,2.1200134227722175e-8,10.02,1264.2550163753897,450.1386912154711,21.200134227722174
220812,SW,2,4,83,2022-08-12,JWP,SW-2,4,T3,2022-10-12,220812_083,4,904392,2278,643,JWP,SW-2,T3,4,FALSE,FALSE,FALSE,FALSE,FALSE,1020956.4,10195.4,15881.8,0.3191098259837408,0.28040546923090737,0.3321195574124344,5,5,0,OK,884.0565728369987,2.2566843870765245,0.04048659471848279,3,0.01380271173,300.25,0.5602267750047223,4.952721627221992e-4,1.2642550163753897e-6,2.2681674390058834e-8,20.02,1264.2550163753897,495.27216272219914,22.681674390058834
220812,SW,2,4,84,2022-08-12,JWP,SW-2,4,T4,2022-10-12,220812_084,4,1423845,2073,5525,JWP,SW-2,T4,4,FALSE,FALSE,FALSE,FALSE,FALSE,1020956.4,10195.4,15881.8,0.3191098259837408,0.28040546923090737,0.3321195574124344,5,5,0,OK,1391.8295727417938,2.053602605096416,0.3478824818345528,4,0.01380271173,300.25,0.5602267750047223,7.797401928933356e-4,1.1504831645944612e-6,1.948930808788104e-7,30.03,1150.4831645944612,NA,194.8930808788104
220812,UP,1,1,33,2022-08-12,JWP,UP-1,1,T0,2022-10-10,220812_033,1,289373,1510,126,JWP,UP-1,T0,1,FALSE,FALSE,FALSE,FALSE,FALSE,1035177.6,10248.6,3305.4,0.7990496099702701,1.0315823685805223,210.87203434732277,5,5,0,WARN,278.98039331608413,1.4881056924848273,0.03811944091486658,0,0.01443609608,299.8,0.5868141734178892,1.6370964890357554e-4,8.732415118939395e-7,2.23690282116095e-8,0.38,NA,163.70964890357553,22.3690282116095
220812,UP,1,1,34,2022-08-12,JWP,UP-1,1,T1,2022-10-10,220812_034,1,773778,2293,164,JWP,UP-1,T1,1,FALSE,FALSE,FALSE,FALSE,FALSE,1035177.6,10248.6,3305.4,0.7990496099702701,1.0315823685805223,210.87203434732277,5,5,0,WARN,745.9883637358458,2.259752551568019,0.04961578023839777,1,0.01443609608,299.8,0.5868141734178892,4.3775654504501403e-4,1.326054825677353e-6,2.911524306907903e-8,5.72,1326.054825677353,437.75654504501404,29.11524306907903
220812,UP,1,1,35,2022-08-12,JWP,UP-1,1,T2,2022-10-10,220812_035,1,939146,2282,5044,JWP,UP-1,T2,1,FALSE,FALSE,FALSE,FALSE,FALSE,1035177.6,10248.6,3305.4,0.7990496099702701,1.0315823685805223,210.87203434732277,5,5,0,WARN,905.4173003743512,2.2489120465234276,1.5259877775760875,2,0.01443609608,299.8,0.5868141734178892,5.313117047174316e-4,1.3196934636701788e-6,8.954712563441134e-7,10.07,1319.6934636701787,531.3117047174316,895.4712563441135
220812,UP,1,1,36,2022-08-12,JWP,UP-1,1,T3,2022-10-10,220812_036,1,1219179,2227,6055,JWP,UP-1,T3,1,FALSE,FALSE,FALSE,FALSE,FALSE,1035177.6,10248.6,3305.4,0.7990496099702701,1.0315823685805223,210.87203434732277,5,5,0,WARN,1175.393132540735,2.1947095213004704,1.8318509106310883,3,0.01443609608,299.8,0.5868141734178892,6.897373495129549e-4,1.2878866536343067e-6,1.0749560779467896e-6,20.07,1287.8866536343066,689.7373495129549,1074.9560779467895
220812,UP,1,1,37,2022-08-12,JWP,UP-1,1,T4,2022-10-10,220812_037,1,1436487,2072,225,JWP,UP-1,T4,1,FALSE,FALSE,FALSE,FALSE,FALSE,1035177.6,10248.6,3305.4,0.7990496099702701,1.0315823685805223,210.87203434732277,5,5,0,WARN,1384.8966843950254,2.0419569502175907,0.0680704302051189,4,0.01443609608,299.8,0.5868141734178892,8.126770031224421e-4,1.1982492798968492e-6,3.994469323501696e-8,30.03,NA,812.6770031224421,39.944693235016956
220812,UP,1,2,38,2022-08-12,JWP,UP-1,2,T0,2022-10-10,220812_038,2,607278,2299,5119,JWP,UP-1,T0,2,FALSE,FALSE,FALSE,FALSE,FALSE,1035177.6,10248.6,3305.4,0.7990496099702701,1.0315823685805223,210.87203434732277,5,5,0,WARN,585.4680819986831,2.2656655543196145,1.548677920977794,0,0.01481612669,299.55,0.6027647110265144,3.528994992611839e-4,1.36566324313219e-6,9.334883995113232e-7,0.5,1365.66324313219,352.8994992611839,933.4883995113232
220812,UP,1,2,39,2022-08-12,JWP,UP-1,2,T1,2022-10-10,220812_039,2,696742,2280,1283,JWP,UP-1,T1,2,FALSE,FALSE,FALSE,FALSE,FALSE,1035177.6,10248.6,3305.4,0.7990496099702701,1.0315823685805223,210.87203434732277,5,5,0,WARN,671.7190518805662,2.246941045606229,0.3881527197918557,1,0.01481612669,299.55,0.6027647110265144,0.00040488854019779373,1.3543767700484527e-6,2.3396476197949352e-7,5.05,1354.3767700484527,404.8885401977937,233.96476197949352
220812,UP,1,2,40,2022-08-12,JWP,UP-1,2,T2,2022-10-10,220812_040,2,810428,2185,5131,JWP,UP-1,T2,2,FALSE,FALSE,FALSE,FALSE,FALSE,1035177.6,10248.6,3305.4,0.7990496099702701,1.0315823685805223,210.87203434732277,5,5,0,WARN,781.3221074335456,2.153318502039303,1.5523083439220668,2,0.01481612669,299.55,0.6027647110265144,4.7095339430580836e-4,1.2979444046297673e-6,9.356766903482317e-7,10.03,1297.9444046297674,470.95339430580833,935.6766903482317
220812,UP,1,2,41,2022-08-12,JWP,UP-1,2,T3,2022-10-10,220812_041,2,1002239,2186,5036,JWP,UP-1,T3,2,FALSE,FALSE,FALSE,FALSE,FALSE,1035177.6,10248.6,3305.4,0.7990496099702701,1.0315823685805223,210.87203434732277,5,5,0,WARN,966.2443642520858,2.154304002497902,1.5235674956132388,3,0.01481612669,299.55,0.6027647110265144,5.824180049994066e-4,1.2985384295289112e-6,9.183527212227041e-7,20.03,1298.5384295289111,582.4180049994067,918.3527212227041
220812,UP,1,2,42,2022-08-12,JWP,UP-1,2,T4,2022-10-10,220812_042,2,1149624,2100,174,JWP,UP-1,T4,2,FALSE,FALSE,FALSE,FALSE,FALSE,1035177.6,10248.6,3305.4,0.7990496099702701,1.0315823685805223,210.87203434732277,5,5,0,WARN,1108.3361463772014,2.069550963058369,0.05264113269195861,4,0.01481612669,299.55,0.6027647110265144,6.680659169912943e-4,1.2474522882025222e-6,3.173021713517683e-8,30.05,1247.4522882025221,668.0659169912943,31.73021713517683
220812,UP,1,3,48,2022-08-12,JWP,UP-1,3,T0,2022-10-11,220812_048,3,567937,2665,113,JWP,UP-1,T0,3,FALSE,FALSE,FALSE,FALSE,FALSE,1045200.1428571428,10363.142857142857,6838.571428571429,0.5821505991995751,1.72884171407306,120.92786883115213,7,7,0,WARN,542.2895603999835,2.597329822723388,0.01652391894714852,0,0.01323266582,299.35,0.5387044237853249,2.921337851600703e-4,1.3991930655306427e-6,8.901508235099056e-9,0.45,NA,292.1337851600703,8.901508235099056
220812,UP,1,3,49,2022-08-12,JWP,UP-1,3,T1,2022-10-11,220812_049,3,692736,2319,77,JWP,UP-1,T1,3,FALSE,FALSE,FALSE,FALSE,FALSE,1045200.1428571428,10363.142857142857,6838.571428571429,0.5821505991995751,1.72884171407306,120.92786883115213,7,7,0,WARN,661.4527683761456,2.2601155192853795,0.01125966158345519,1,0.01323266582,299.35,0.5387044237853249,3.5632753244927947e-4,1.2175342285049005e-6,6.065629505332987e-9,5.03,1217.5342285049005,356.3275324492795,6.065629505332987
220812,UP,1,3,50,2022-08-12,JWP,UP-1,3,T2,2022-10-11,220812_050,3,843779,2273,1176,JWP,UP-1,T2,3,FALSE,FALSE,FALSE,FALSE,FALSE,1045200.1428571428,10363.142857142857,6838.571428571429,0.5821505991995751,1.72884171407306,120.92786883115213,7,7,0,WARN,805.6748248216576,2.215283559868766,0.17196574054731562,2,0.01323266582,299.35,0.5387044237853249,4.340205922638936e-4,1.1933830536402067e-6,9.263870517235834e-8,10.05,1193.3830536402068,434.0205922638936,92.63870517235834
220812,UP,1,3,51,2022-08-12,JWP,UP-1,3,T3,2022-10-11,220812_051,3,1087302,2213,5245,JWP,UP-1,T3,3,FALSE,FALSE,FALSE,FALSE,FALSE,1045200.1428571428,10363.142857142857,6838.571428571429,0.5821505991995751,1.72884171407306,120.92786883115213,7,7,0,WARN,1038.2005814060767,2.1568070910644868,0.7669730520158763,3,0.01323266582,299.35,0.5387044237853249,5.592832459799499e-4,1.161881521207997e-6,4.131717760450846e-7,20.05,1161.881521207997,559.2832459799499,413.17177604508464
220812,UP,1,3,52,2022-08-12,JWP,UP-1,3,T4,2022-10-11,220812_052,3,1260505,2111,5436,JWP,UP-1,T4,3,FALSE,FALSE,FALSE,FALSE,FALSE,1045200.1428571428,10363.142857142857,6838.571428571429,0.5821505991995751,1.72884171407306,120.92786883115213,7,7,0,WARN,1203.5819154800292,2.0573970940972126,0.7949028619176937,4,0.01323266582,299.35,0.5387044237853249,6.483749022571068e-4,1.1083289160732407e-6,4.2821768819467685e-7,30.03,1108.3289160732406,648.3749022571068,428.21768819467684
220812,UP,1,4,53,2022-08-12,JWP,UP-1,4,T0,2022-10-11,220812_053,4,589012,2268,814,JWP,UP-1,T0,4,FALSE,FALSE,FALSE,FALSE,FALSE,1045200.1428571428,10363.142857142857,6838.571428571429,0.5821505991995751,1.72884171407306,120.92786883115213,7,7,0,WARN,562.4128354911111,2.2104105208017426,0.11903070816795486,0,0.01316932738,299.8,0.5353211781175868,3.010715016835541e-4,1.1832795641190974e-6,6.371965892864026e-8,0.62,1183.2795641190974,301.0715016835541,63.719658928640264
220812,UP,1,4,54,2022-08-12,JWP,UP-1,4,T1,2022-10-11,220812_054,4,666715,2273,789,JWP,UP-1,T1,4,FALSE,FALSE,FALSE,FALSE,FALSE,1045200.1428571428,10363.142857142857,6838.571428571429,0.5821505991995751,1.72884171407306,120.92786883115213,7,7,0,WARN,636.6068494605477,2.215283559868766,0.11537497388761228,1,0.01316932738,299.8,0.5353211781175868,3.407891286509456e-4,1.1858882051334694e-6,6.176266694680242e-8,5.03,1185.8882051334695,340.7891286509456,61.76266694680242
220812,UP,1,4,55,2022-08-12,JWP,UP-1,4,T2,2022-10-11,220812_055,4,821052,2251,80,JWP,UP-1,T2,4,FALSE,FALSE,FALSE,FALSE,FALSE,1045200.1428571428,10363.142857142857,6838.571428571429,0.5821505991995751,1.72884171407306,120.92786883115213,7,7,0,WARN,783.9741523188792,2.1938421879738637,0.0116983496970963,2,0.01316932738,299.8,0.5353211781175868,4.196779668330789e-4,1.174410184670233e-6,6.262374341881106e-9,10.02,1174.410184670233,419.6779668330789,6.262374341881106
220812,UP,1,4,56,2022-08-12,JWP,UP-1,4,T3,2022-10-11,220812_056,4,1073779,2184,6283,JWP,UP-1,T3,4,FALSE,FALSE,FALSE,FALSE,FALSE,1045200.1428571428,10363.142857142857,6838.571428571429,0.5821505991995751,1.72884171407306,120.92786883115213,7,7,0,WARN,1025.2882659110676,2.128543464475752,0.9187591393357007,3,0.01316932738,299.8,0.5353211781175868,5.488585224176503e-4,1.1394543950776493e-6,4.918312248754874e-7,20.02,NA,548.8585224176503,NA
220812,UP,1,4,57,2022-08-12,JWP,UP-1,4,T4,2022-10-11,220812_057,4,1240656,2054,411,JWP,UP-1,T4,4,FALSE,FALSE,FALSE,FALSE,FALSE,1045200.1428571428,10363.142857142857,6838.571428571429,0.5821505991995751,1.72884171407306,120.92786883115213,7,7,0,WARN,1184.629275514013,2.0018444487331477,0.06010027156883225,4,0.01316932738,299.8,0.5353211781175868,6.341571394007447e-4,1.0716297287039798e-6,3.217294818141419e-8,30.03,NA,634.1571394007448,32.17294818141419
220812,UP,2,1,90,2022-08-12,JWP,UP-2,1,T0,2022-10-13,220812_090,1,591153,2700,5981,JWP,UP-2,T0,1,FALSE,FALSE,FALSE,FALSE,FALSE,1021188.5454545454,10248,14700.636363636364,0.5794431938693242,1.5321926924041125,32.88400831810541,11,11,0,WARN,577.7294473445114,2.6610070257611245,0.4068531356094665,0,0.01418274234,299.85,0.5764194403617711,3.3301448471883855e-4,1.5338561805879682e-6,2.345180567374404e-7,0.62,NA,333.01448471883856,234.51805673744042
220812,UP,2,1,91,2022-08-12,JWP,UP-2,1,T1,2022-10-13,220812_091,1,166,2306,5458,JWP,UP-2,T1,1,FALSE,FALSE,FALSE,FALSE,FALSE,1021188.5454545454,10248,14700.636363636364,0.5794431938693242,1.5321926924041125,32.88400831810541,11,11,0,WARN,0.16223057018942455,2.272697111631538,0.37127644443345065,1,0.01418274234,299.85,0.5764194403617711,9.351285447815911e-8,1.3100267971984648e-6,2.140109603198378e-7,6.62,NA,NA,214.0109603198378
220812,UP,2,1,92,2022-08-12,JWP,UP-2,1,T2,2022-10-13,220812_092,1,763616,2235,145,JWP,UP-2,T2,1,FALSE,FALSE,FALSE,FALSE,FALSE,1021188.5454545454,10248,14700.636363636364,0.5794431938693242,1.5321926924041125,32.88400831810541,11,11,0,WARN,746.2762595528169,2.2027224824355973,0.0098635185860847,2,0.01418274234,299.85,0.5764194403617711,4.301681438867105e-4,1.2696920605978182e-6,5.68552386338887e-9,10.08,1269.6920605978182,430.16814388671054,5.6855238633888705
220812,UP,2,1,93,2022-08-12,JWP,UP-2,1,T3,2022-10-13,220812_093,1,959880,2217,86,JWP,UP-2,T3,1,FALSE,FALSE,FALSE,FALSE,FALSE,1021188.5454545454,10248,14700.636363636364,0.5794431938693242,1.5321926924041125,32.88400831810541,11,11,0,WARN,938.0836127314748,2.1849824355971896,0.00585008688553989,3,0.01418274234,299.85,0.5764194403617711,5.407296310632251e-4,1.2594663527272317e-6,3.372103808630639e-9,20.03,1259.4663527272317,540.7296310632252,3.372103808630639
220812,UP,2,1,94,2022-08-12,JWP,UP-2,1,T4,2022-10-13,220812_094,1,1119936,2189,5486,JWP,UP-2,T4,1,FALSE,FALSE,FALSE,FALSE,FALSE,1021188.5454545454,10248,14700.636363636364,0.5794431938693242,1.5321926924041125,32.88400831810541,11,11,0,WARN,1094.5051557570082,2.157386807181889,0.37318112388455665,4,0.01418274234,299.85,0.5764194403617711,6.308940493545277e-4,1.2435596960396525e-6,2.1510885458311288e-7,30.03,1243.5596960396526,630.8940493545277,215.10885458311287
220812,UP,2,2,95,2022-08-12,JWP,UP-2,2,T0,2022-10-13,220812_095,2,542902,2309,5358,JWP,UP-2,T0,2,FALSE,FALSE,FALSE,FALSE,FALSE,1021188.5454545454,10248,14700.636363636364,0.5794431938693242,1.5321926924041125,32.88400831810541,11,11,0,WARN,530.5741025119214,2.275653786104606,0.3644740178223577,0,0.01202923555,299.4,0.4896307588768368,2.597854004533087e-4,1.1142300902313452e-6,1.7845768993725075e-7,0.52,1114.2300902313452,259.7854004533087,178.45768993725076
220812,UP,2,2,96,2022-08-12,JWP,UP-2,2,T1,2022-10-13,220812_096,2,669392,2296,5421,JWP,UP-2,T1,2,FALSE,FALSE,FALSE,FALSE,FALSE,1021188.5454545454,10248,14700.636363636364,0.5794431938693242,1.5321926924041125,32.88400831810541,11,11,0,WARN,654.19184241108,2.262841530054645,0.3687595465873463,1,0.01202923555,299.4,0.4896307588768368,3.2031244825077315e-4,1.1079568155786783e-6,1.8055601663864063e-7,5.43,1107.9568155786783,320.3124482507732,180.55601663864064
220812,UP,2,2,97,2022-08-12,JWP,UP-2,2,T2,2022-10-13,220812_097,2,729740,2260,335,JWP,UP-2,T2,2,FALSE,FALSE,FALSE,FALSE,FALSE,1021188.5454545454,10248,14700.636363636364,0.5794431938693242,1.5321926924041125,32.88400831810541,11,11,0,WARN,713.1694957230764,2.22736143637783,0.02278812914716122,2,0.01202923555,299.4,0.4896307588768368,3.491897213987009e-4,1.0905846703866782e-6,1.1157768967707913e-8,10.03,1090.5846703866782,349.1897213987009,11.157768967707913
220812,UP,2,2,98,2022-08-12,JWP,UP-2,2,T3,2022-10-13,220812_098,2,922205,2244,1023,JWP,UP-2,T3,2,FALSE,FALSE,FALSE,FALSE,FALSE,1021188.5454545454,10248,14700.636363636364,0.5794431938693242,1.5321926924041125,32.88400831810541,11,11,0,WARN,901.264114346616,2.211592505854801,0.0695888242314804,3,0.01202923555,299.4,0.4896307588768368,4.412866322559938e-4,1.0828637169680114e-6,3.4072828817806553e-8,20.05,1082.8637169680114,441.2866322559938,34.07282881780655
220812,UP,2,2,99,2022-08-12,JWP,UP-2,2,T4,2022-10-13,220812_099,2,147570,631,788,JWP,UP-2,T4,2,FALSE,FALSE,FALSE,FALSE,FALSE,1021188.5454545454,10248,14700.636363636364,0.5794431938693242,1.5321926924041125,32.88400831810541,11,11,0,WARN,144.2190677280324,0.6218871975019516,0.05360312169541207,4,0.01202923555,299.4,0.4896307588768368,7.061409157618642e-5,3.044951004486699e-7,2.6245737153892047e-8,30.05,NA,NA,26.245737153892048
220812,UP,2,3,106,2022-08-12,JWP,UP-2,3,T0,2022-10-13,220812_106,3,538102,2667,6201,JWP,UP-2,T0,3,FALSE,FALSE,FALSE,FALSE,FALSE,1021188.5454545454,10248,14700.636363636364,0.5794431938693242,1.5321926924041125,32.88400831810541,11,11,0,WARN,525.8830980727092,2.6284836065573773,0.4218184741538709,0,0.01424608077,299.25,0.580154550145683,3.050934721915907e-4,1.5249267243275976e-6,2.4471990711587735e-7,0.62,NA,305.0934721915907,244.71990711587736
220812,UP,2,3,107,2022-08-12,JWP,UP-2,3,T1,2022-10-13,220812_107,3,606781,2306,686,JWP,UP-2,T1,3,FALSE,FALSE,FALSE,FALSE,FALSE,1021188.5454545454,10248,14700.636363636364,0.5794431938693242,1.5321926924041125,32.88400831810541,11,11,0,WARN,593.0025759645133,2.272697111631538,0.04666464655209731,1,0.01424608077,299.25,0.580154550145683,3.440331426939234e-4,1.318515570415988e-6,2.7072707028139308e-8,5.03,1318.515570415988,344.0331426939234,27.07270702813931
220812,UP,2,3,108,2022-08-12,JWP,UP-2,3,T2,2022-10-13,220812_108,3,720860,2281,867,JWP,UP-2,T2,3,FALSE,FALSE,FALSE,FALSE,FALSE,1021188.5454545454,10248,14700.636363636364,0.5794431938693242,1.5321926924041125,32.88400831810541,11,11,0,WARN,704.4911375105336,2.2480581576893055,0.05897703871817546,2,0.01424608077,299.25,0.580154550145683,4.087137389640441e-4,1.304221169175572e-6,3.421579736646761e-8,10.03,1304.221169175572,408.71373896404407,34.21579736646761
220812,UP,2,3,109,2022-08-12,JWP,UP-2,3,T3,2022-10-13,220812_109,3,864734,2293,6178,JWP,UP-2,T3,3,FALSE,FALSE,FALSE,FALSE,FALSE,1021188.5454545454,10248,14700.636363636364,0.5794431938693242,1.5321926924041125,32.88400831810541,11,11,0,WARN,845.0981318203726,2.259884855581577,0.4202539160333195,3,0.01424608077,299.25,0.580154550145683,4.902875264952053e-4,1.3110824817709714e-6,2.438122216032721e-7,20.02,1311.0824817709713,490.2875264952053,243.8122216032721
220812,UP,2,3,110,2022-08-12,JWP,UP-2,3,T4,2022-10-13,220812_110,3,1023675,2324,1015,JWP,UP-2,T4,3,FALSE,FALSE,FALSE,FALSE,FALSE,1021188.5454545454,10248,14700.636363636364,0.5794431938693242,1.5321926924041125,32.88400831810541,11,11,0,WARN,1000.4299936063804,2.2904371584699454,0.06904463010259296,4,0.01424608077,299.25,0.580154550145683,5.804040128929582e-4,1.3288075393090874e-6,4.0056556317144895e-8,30,1328.8075393090874,580.4040128929581,40.056556317144896
220812,UP,2,4,111,2022-08-12,JWP,UP-2,4,T0,2022-10-13,220812_111,4,384426,1680,724,JWP,UP-2,T0,4,FALSE,FALSE,FALSE,FALSE,FALSE,1021188.5454545454,10248,14700.636363636364,0.5794431938693242,1.5321926924041125,32.88400831810541,11,11,0,WARN,375.69668178096214,1.6557377049180328,0.04924956866431261,0,0.0137393733,299.55,0.5589591362261702,2.0999909273132492e-4,9.254897173580851e-7,2.7528496360115637e-8,0.48,NA,209.9990927313249,NA
220812,UP,2,4,112,2022-08-12,JWP,UP-2,4,T1,2022-10-13,220812_112,4,634597,2284,5535,JWP,UP-2,T1,4,FALSE,FALSE,FALSE,FALSE,FALSE,1021188.5454545454,10248,14700.636363636364,0.5794431938693242,1.5321926924041125,32.88400831810541,11,11,0,WARN,620.1869466897484,2.2510148321623733,0.3765143129239922,1,0.0137393733,299.55,0.5589591362261702,3.4665916002044766e-4,1.2582253062177779e-6,2.104561151287846e-7,5.03,1258.2253062177779,346.65916002044764,NA
220812,UP,2,4,113,2022-08-12,JWP,UP-2,4,T2,2022-10-13,220812_113,4,752101,2258,5413,JWP,UP-2,T2,4,FALSE,FALSE,FALSE,FALSE,FALSE,1021188.5454545454,10248,14700.636363636364,0.5794431938693242,1.5321926924041125,32.88400831810541,11,11,0,WARN,735.022735361665,2.225390320062451,0.3682153524584588,2,0.0137393733,299.55,0.5589591362261702,4.1084767326435317e-4,1.2439022510681881e-6,2.0581733535539498e-7,10.02,1243.9022510681882,410.84767326435315,205.817335355395
220812,UP,2,4,114,2022-08-12,JWP,UP-2,4,T3,2022-10-13,220812_114,4,930815,2181,5338,JWP,UP-2,T3,4,FALSE,FALSE,FALSE,FALSE,FALSE,1021188.5454545454,10248,14700.636363636364,0.5794431938693242,1.5321926924041125,32.88400831810541,11,11,0,WARN,909.678603559453,2.1495023419203747,0.3631135325001391,3,0.0137393733,299.55,0.5589591362261702,5.084731664890205e-4,1.2014839723559425e-6,2.0296562647831113e-7,20.05,1201.4839723559423,508.47316648902057,202.96562647831112
220812,UP,2,4,115,2022-08-12,JWP,UP-2,4,T4,2022-10-13,220812_115,4,1165793,2200,5356,JWP,UP-2,T4,4,FALSE,FALSE,FALSE,FALSE,FALSE,1021188.5454545454,10248,14700.636363636364,0.5794431938693242,1.5321926924041125,32.88400831810541,11,11,0,WARN,1139.320862125541,2.168227946916472,0.36433796929013584,4,0.0137393733,299.55,0.5589591362261702,6.36833804978148e-4,1.2119508203498734e-6,2.0365003660881126e-7,30.03,1211.9508203498733,636.833804978148,203.65003660881126
